"depth", "composition x", "composition y", "donor conc", "acceptor conc", "ni", "nc", "nv", "eg", "electron affinity", "potential", "e- mobility", "h+ mobility", "electric field", "impact gen rate", "electron conc", "hole conc", "cond. current density", "electron qfl", "hole qfl", "net doping", "recombination rate", "e field x", "e field y", "lattice temperature", "e- mobility x", "e- mobility y", "h+ mobility x", "h+ mobility y", "total doping", "h+ current density", "e- current density", "current flowlines", "total current density", "je- x", "jh+ x", "jtot x", "je- y", "jh+ y", "jtot y", "seu generation rate", "e- srh tno", "h+ srh tno", "joule heat power", "total heat power", "rec heat power", "heat conductivity", "heat capacity", "peltier-thomson heat power", "cond current x", "cond current y", "ionized acceptor concentration", "ionized donor concentration", "e- ionization coefficient", "h+ ionization coefficient", "acceptor trap dos #1", "acceptor trap ionized density #1"
-1.77635684e-15, 0, 0, 0, 0, 0, 0, 0, 0, 0, 2.35837354, 0, 0, 0.935764615, 0, 0, 0, 0, 0, 0, 0, 0, -0.00710057161, 0.935737675, 299.999994, 0, 0, 0, 0, 0, 0, 0, 0.831617795, 0.0998979359, 0, 0, -0.000945562949, 0, 0, 0.0998934608, 0, 0, 0, 0, 0, 0, 0.023, 4.01277777, 0, 0, 0, 0, 0, 0, 0, 0, 0
0.125, 0, 0, 0, 0, 0, 0, 0, 0, 0, 2.35837365, 0, 0, 1.04640854, 0, 0, 0, 0, 0, 0, 0, 0, -0.0164600854, 1.04627907, 299.999994, 0, 0, 0, 0, 0, 0, 0, 0.830071896, 0.111724237, 0, 0, -0.00200294495, 0, 0, 0.111706282, 0, 0, 0, 0, 0, 0, 0.023, 4.01277777, 0, 0, 0, 0, 0, 0, 0, 0, 0
0.25, 0, 0, 0, 0, 0, 0, 0, 0, 0, 2.358374, 0, 0, 1.40492243, 0, 0, 0, 0, 0, 0, 0, 0, -0.0382324761, 1.40440212, 299.999994, 0, 0, 0, 0, 0, 0, 0, 0.828650969, 0.15000555, 0, 0, -0.00447961794, 0, 0, 0.149938647, 0, 0, 0, 0, 0, 0, 0.023, 4.01277777, 0, 0, 0, 0, 0, 0, 0, 0, 0
0.375, 0, 0, 0, 0, 0, 0, 0, 0, 0, 2.35837466, 0, 0, 2.0958199, 0, 0, 0, 0, 0, 0, 0, 0, -0.0690476074, 2.09468219, 299.999994, 0, 0, 0, 0, 0, 0, 0, 0.82701285, 0.223776766, 0, 0, -0.00801582109, 0, 0, 0.223633154, 0, 0, 0, 0, 0, 0, 0.023, 4.01277777, 0, 0, 0, 0, 0, 0, 0, 0, 0
0.5, 0, 0, 0, 0, 0, 0, 0, 0, 0, 2.3583758, 0, 0, 3.28244676, 0, 0, 0, 0, 0, 0, 0, 0, -0.116194801, 3.28038953, 299.999994, 0, 0, 0, 0, 0, 0, 0, 0.82515704, 0.350478473, 0, 0, -0.0134480767, 0, 0, 0.350220373, 0, 0, 0, 0, 0, 0, 0.023, 4.01277777, 0, 0, 0, 0, 0, 0, 0, 0, 0
0.625, 0, 0, 0, 0, 0, 0, 0, 0, 0, 2.35837769, 0, 0, 5.24547739, 0, 0, 0, 0, 0, 0, 0, 0, -0.190829692, 5.24200507, 299.999994, 0, 0, 0, 0, 0, 0, 0, 0.823070216, 0.560078811, 0, 0, -0.0220618587, 0, 0, 0.559644127, 0, 0, 0, 0, 0, 0, 0.023, 4.01277777, 0, 0, 0, 0, 0, 0, 0, 0, 0
0.75, 0, 0, 0, 0, 0, 0, 0, 0, 0, 2.35838077, 0, 0, 8.44937563, 0, 0, 0, 0, 0, 0, 0, 0, -0.31062293, 8.44366401, 299.999994, 0, 0, 0, 0, 0, 0, 0, 0.820725951, 0.902168091, 0, 0, -0.0358970767, 0, 0, 0.90145364, 0, 0, 0, 0, 0, 0, 0.023, 4.01277777, 0, 0, 0, 0, 0, 0, 0, 0, 0
0.875, 0, 0, 0, 0, 0, 0, 0, 0, 0, 2.35838578, 0, 0, 13.6526442, 0, 0, 0, 0, 0, 0, 0, 0, -0.503978831, 13.643339, 299.999994, 0, 0, 0, 0, 0, 0, 0, 0.818084126, 1.45772446, 0, 0, -0.0582360895, 0, 0, 1.45656073, 0, 0, 0, 0, 0, 0, 0.023, 4.01277777, 0, 0, 0, 0, 0, 0, 0, 0, 0
1, 0, 0, 0, 0, 0, 0, 0, 0, 0, 2.35839389, 0, 0, 22.0887934, 0, 0, 0, 0, 0, 0, 0, 0, -0.816904342, 22.0736825, 299.999994, 0, 0, 0, 0, 0, 0, 0, 0.815089596, 2.35841628, 0, 0, -0.0944014635, 0, 0, 2.3565262, 0, 0, 0, 0, 0, 0, 0.023, 4.01277777, 0, 0, 0, 0, 0, 0, 0, 0, 0
1.125, 0, 0, 0, 0, 0, 0, 0, 0, 0, 2.35840704, 0, 0, 35.7641492, 0, 0, 0, 0, 0, 0, 0, 0, -1.32447275, 35.7396158, 299.999994, 0, 0, 0, 0, 0, 0, 0, 0.811669727, 3.81831619, 0, 0, -0.15309738, 0, 0, 3.81524569, 0, 0, 0, 0, 0, 0, 0.023, 4.01277777, 0, 0, 0, 0, 0, 0, 0, 0, 0
1.25, 0, 0, 0, 0, 0, 0, 0, 0, 0, 2.35842837, 0, 0, 57.9558933, 0, 0, 0, 0, 0, 0, 0, 0, -2.15084963, 57.9159686, 299.999994, 0, 0, 0, 0, 0, 0, 0, 0.807730338, 6.18674471, 0, 0, -0.248790582, 0, 0, 6.18174032, 0, 0, 0, 0, 0, 0, 0.023, 4.01277777, 0, 0, 0, 0, 0, 0, 0, 0, 0
1.375, 0, 0, 0, 0, 0, 0, 0, 0, 0, 2.35846304, 0, 0, 94.0796798, 0, 0, 0, 0, 0, 0, 0, 0, -3.50769816, 94.014266, 299.999993, 0, 0, 0, 0, 0, 0, 0, 0.803149886, 10.0395233, 0, 0, -0.406419098, 0, 0, 10.0312936, 0, 0, 0, 0, 0, 0, 0.023, 4.01277777, 0, 0, 0, 0, 0, 0, 0, 0, 0
1.5, 0, 0, 0, 0, 0, 0, 0, 0, 0, 2.35851973, 0, 0, 153.346511, 0, 0, 0, 0, 0, 0, 0, 0, -5.78191867, 153.237469, 299.999993, 0, 0, 0, 0, 0, 0, 0, 0.797773977, 16.349543, 0, 0, -0.672687414, 0, 0, 16.3356985, 0, 0, 0, 0, 0, 0, 0.023, 4.01277777, 0, 0, 0, 0, 0, 0, 0, 0, 0
1.625, 0, 0, 0, 0, 0, 0, 0, 0, 0, 2.35861382, 0, 0, 252.605343, 0, 0, 0, 0, 0, 0, 0, 0, -9.8054555, 252.41496, 299.999991, 0, 0, 0, 0, 0, 0, 0, 0.791423993, 26.8603902, 0, 0, -1.15303777, 0, 0, 26.8356305, 0, 0, 0, 0, 0, 0, 0.023, 4.01277777, 0, 0, 0, 0, 0, 0, 0, 0, 0
1.75, 0, 0, 0, 0, 0, 0, 0, 0, 0, 2.35877627, 0, 0, 431.078022, 0, 0, 0, 0, 0, 0, 0, 0, -18.5293708, 430.679607, 299.999988, 0, 0, 0, 0, 0, 0, 0, 0.783991672, 45.1804406, 0, 0, -2.26129731, 0, 0, 45.1238157, 0, 0, 0, 0, 0, 0, 0.023, 4.01277776, 0, 0, 0, 0, 0, 0, 0, 0, 0
1.875, 0, 0, 0, 0, 0, 0, 0, 0, 0, 2.35910451, 0, 0, 1000.2639, 0, 0, 0, 0, 0, 0, 0, 0, -87.6740975, 996.414129, 300.000008, 0, 0, 0, 0, 0, 0, 0, 0.775974266, 83.7497827, 0, 0, -12.6382363, 0, 0, 82.7907065, 0, 0, 0, 0, 0, 0, 0.023, 4.01277779, 0, 0, 0, 0, 0, 0, 0, 0, 0
2, 0, 0, 0, 0, 0, 0, 0, 0, 0, 2.36123716, 0, 0, 5428.7068, 0, 0, 0, 0, 0, 0, 0, 0, -5080.87759, 1911.94677, 300.001101, 0, 0, 0, 0, 0, 0, 0, 0.769296793, 751.027871, 0, 0, -685.12458, 0, 0, 307.647808, 0, 0, 0, 0, 0, 0, 0.023, 4.01277917, 0, 0, 0, 0, 0, 0, 0, 0, 0
2.125, 0, 0, 0, 0, 0, 0, 0, 0, 0, 2.48556791, 0, 0, 10396.4856, 0, 0, 0, 0, 0, 0, 0, 0, -10348.7691, 994.932078, 300.001198, 0, 0, 0, 0, 0, 0, 0, 0.764970783, 1254.89159, 0, 0, -1254.54133, 0, 0, 29.6468703, 0, 0, 0, 0, 0, 0, 0.023, 4.01277929, 0, 0, 0, 0, 0, 0, 0, 0, 0
2.25, 0, 0, 0, 0, 0, 0, 0, 0, 0, 2.62010241, 0, 0, 10472.6589, 0, 0, 0, 0, 0, 0, 0, 0, -10465.6608, 382.789585, 300.000828, 0, 0, 0, 0, 0, 0, 0, 0.76215929, 1093.41166, 0, 0, -1093.39891, 0, 0, -5.28177605, 0, 0, 0, 0, 0, 0, 0.023, 4.01277883, 0, 0, 0, 0, 0, 0, 0, 0, 0
2.375, 0, 0, 0, 0, 0, 0, 0, 0, 0, 2.74728144, 0, 0, 10080.9531, 0, 0, 0, 0, 0, 0, 0, 0, -10078.2435, 233.719713, 300.000725, 0, 0, 0, 0, 0, 0, 0, 0.760152734, 990.131794, 0, 0, -990.047336, 0, 0, -12.9322559, 0, 0, 0, 0, 0, 0, 0.023, 4.0127787, 0, 0, 0, 0, 0, 0, 0, 0, 0
2.5, 0, 0, 0, 0, 0, 0, 0, 0, 0, 2.87206733, 0, 0, 9898.66925, 0, 0, 0, 0, 0, 0, 0, 0, -9896.77858, 193.460014, 300.000662, 0, 0, 0, 0, 0, 0, 0, 0.758536698, 922.167308, 0, 0, -921.93685, 0, 0, -20.6152354, 0, 0, 0, 0, 0, 0, 0.023, 4.01277862, 0, 0, 0, 0, 0, 0, 0, 0, 0
2.625, 0, 0, 0, 0, 0, 0, 0, 0, 0, 2.99471072, 0, 0, 9714.49864, 0, 0, 0, 0, 0, 0, 0, 0, -9712.25341, 208.848244, 300.000602, 0, 0, 0, 0, 0, 0, 0, 0.757095934, 856.068792, 0, 0, -855.675965, 0, 0, -25.9310484, 0, 0, 0, 0, 0, 0, 0.023, 4.01277854, 0, 0, 0, 0, 0, 0, 0, 0, 0
2.75, 0, 0, 0, 0, 0, 0, 0, 0, 0, 3.11488109, 0, 0, 9469.91607, 0, 0, 0, 0, 0, 0, 0, 0, -9469.27127, 110.50774, 300.000537, 0, 0, 0, 0, 0, 0, 0, 0.755711952, 782.384637, 0, 0, -781.791618, 0, 0, -30.4563021, 0, 0, 0, 0, 0, 0, 0.023, 4.01277846, 0, 0, 0, 0, 0, 0, 0, 0, 0
2.875, 0, 0, 0, 0, 0, 0, 0, 0, 0, 3.23128668, 0, 0, 5356.08947, 0, 0, 0, 0, 0, 0, 0, 0, -5324.40601, 581.71741, 300.000194, 0, 0, 0, 0, 0, 0, 0, 0.754291685, 532.568091, 0, 0, -527.725856, 0, 0, -71.6532785, 0, 0, 0, 0, 0, 0, 0.023, 4.01277802, 0, 0, 0, 0, 0, 0, 0, 0, 0
3, 0, 0, 0, 0, 0, 0, 0, 0, 0, 3.24902276, 0, 0, 11816.1328, 0, 0, 0, 0, 0, 0, 0, 0, -11313.2872, 3410.35569, 300.000483, 0, 0, 0, 0, 0, 0, 0, 0.75289015, 660.565123, 0, 0, -648.232326, 0, 0, 127.047761, 0, 0, 0, 0, 0, 0, 0.023, 4.01277839, 0, 0, 0, 0, 0, 0, 0, 0, 0
3.125, 0, 0, 0, 0, 0, 0, 0, 0, 0, 3.51290589, 0, 0, 23585.7059, 0, 0, 0, 0, 0, 0, 0, 0, -23472.295, 2310.17101, 300.001077, 0, 0, 0, 0, 0, 0, 0, 0.751447361, 1043.18647, 0, 0, -1042.60587, 0, 0, 34.7996114, 0, 0, 0, 0, 0, 0, 0.023, 4.01277914, 0, 0, 0, 0, 0, 0, 0, 0, 0
3.25, 0, 0, 0, 0, 0, 0, 0, 0, 0, 3.83597422, 0, 0, 26324.5321, 0, 0, 0, 0, 0, 0, 0, 0, -26304.7621, 1020.0409, 300.000971, 0, 0, 0, 0, 0, 0, 0, 0.749804634, 1064.15639, 0, 0, -1063.89485, 0, 0, -23.591987, 0, 0, 0, 0, 0, 0, 0.023, 4.01277901, 0, 0, 0, 0, 0, 0, 0, 0, 0
3.375, 0, 0, 0, 0, 0, 0, 0, 0, 0, 4.17059627, 0, 0, 26651.1081, 0, 0, 0, 0, 0, 0, 0, 0, -26649.5328, 289.771421, 300.000808, 0, 0, 0, 0, 0, 0, 0, 0.747969023, 957.445665, 0, 0, -955.803152, 0, 0, -56.0583263, 0, 0, 0, 0, 0, 0, 0.023, 4.0127788, 0, 0, 0, 0, 0, 0, 0, 0, 0
3.5, 0, 0, 0, 0, 0, 0, 0, 0, 0, 4.50224355, 0, 0, 26157.2625, 0, 0, 0, 0, 0, 0, 0, 0, -26156.5084, -198.624613, 300.000669, 0, 0, 0, 0, 0, 0, 0, 0.745938769, 810.777177, 0, 0, -807.298118, 0, 0, -75.0291933, 0, 0, 0, 0, 0, 0, 0.023, 4.01277862, 0, 0, 0, 0, 0, 0, 0, 0, 0
3.625, 0, 0, 0, 0, 0, 0, 0, 0, 0, 4.824522, 0, 0, 25259.3628, 0, 0, 0, 0, 0, 0, 0, 0, -25252.5617, -586.122579, 300.000548, 0, 0, 0, 0, 0, 0, 0, 0.743702354, 651.482179, 0, 0, -645.536275, 0, 0, -87.8176942, 0, 0, 0, 0, 0, 0, 0.023, 4.01277847, 0, 0, 0, 0, 0, 0, 0, 0, 0
3.75, 0, 0, 0, 0, 0, 0, 0, 0, 0, 5.13355898, 0, 0, 24088.2554, 0, 0, 0, 0, 0, 0, 0, 0, -24069.4348, -952.028628, 300.000439, 0, 0, 0, 0, 0, 0, 0, 0.74124159, 486.835867, 0, 0, -476.816596, 0, 0, -98.2603456, 0, 0, 0, 0, 0, 0, 0.023, 4.01277833, 0, 0, 0, 0, 0, 0, 0, 0, 0
3.875, 0, 0, 0, 0, 0, 0, 0, 0, 0, 5.42624971, 0, 0, 22693.6872, 0, 0, 0, 0, 0, 0, 0, 0, -22652.8538, -1360.75534, 300.000341, 0, 0, 0, 0, 0, 0, 0, 0.738532647, 320.016228, 0, 0, -301.014676, 0, 0, -108.630341, 0, 0, 0, 0, 0, 0, 0.023, 4.01277821, 0, 0, 0, 0, 0, 0, 0, 0, 0
4, 0, 0, 0, 0, 0, 0, 0, 0, 0, 5.69985938, 0, 0, 21084.842, 0, 0, 0, 0, 0, 0, 0, 0, -20999.9275, -1890.39877, 300.000253, 0, 0, 0, 0, 0, 0, 0, 0.73554505, 167.26987, 0, 0, -115.935872, 0, 0, -120.573973, 0, 0, 0, 0, 0, 0, 0.023, 4.0127781, 0, 0, 0, 0, 0, 0, 0, 0, 0
4.125, 0, 0, 0, 0, 0, 0, 0, 0, 0, 5.95120945, 0, 0, 19230.0541, 0, 0, 0, 0, 0, 0, 0, 0, -19046.2554, -2652.38252, 300.000175, 0, 0, 0, 0, 0, 0, 0, 0.732238621, 158.713575, 0, 0, 81.9655883, 0, 0, -135.910416, 0, 0, 0, 0, 0, 0, 0.023, 4.012778, 0, 0, 0, 0, 0, 0, 0, 0, 0
4.25, 0, 0, 0, 0, 0, 0, 0, 0, 0, 6.17594613, 0, 0, 17023.062, 0, 0, 0, 0, 0, 0, 0, 0, -16583.5112, -3843.4092, 300.000111, 0, 0, 0, 0, 0, 0, 0, 0.728557298, 338.628036, 0, 0, 299.729181, 0, 0, -157.579709, 0, 0, 0, 0, 0, 0, 0.023, 4.01277792, 0, 0, 0, 0, 0, 0, 0, 0, 0
4.375, 0, 0, 0, 0, 0, 0, 0, 0, 0, 6.36566478, 0, 0, 14169.1874, 0, 0, 0, 0, 0, 0, 0, 0, -12889.4741, -5884.49893, 300.000062, 0, 0, 0, 0, 0, 0, 0, 0.724416172, 596.016726, 0, 0, 563.672977, 0, 0, -193.671664, 0, 0, 0, 0, 0, 0, 0.023, 4.01277786, 0, 0, 0, 0, 0, 0, 0, 0, 0
4.5, 0, 0, 0, 0, 0, 0, 0, 0, 0, 6.49788294, 0, 0, 10903.626, 0, 0, 0, 0, 0, 0, 0, 0, -4859.95753, -9760.62867, 300.000038, 0, 0, 0, 0, 0, 0, 0, 0.719670175, 1054.98424, 0, 0, 1019.1061, 0, 0, -272.790216, 0, 0, 0, 0, 0, 0, 0.023, 4.01277783, 0, 0, 0, 0, 0, 0, 0, 0, 0
4.625, 0, 0, 0, 0, 0, 0, 0, 0, 0, 6.48648755, 0, 0, 25281.2719, 0, 0, 0, 0, 0, 0, 0, 0, 19222.3181, -16420.8768, 300.000033, 0, 0, 0, 0, 0, 0, 0, 0.71408661, 2027.17952, 0, 0, 1990.722, 0, 0, -382.730604, 0, 0, 0, 0, 0, 0, 0.023, 4.01277782, 0, 0, 0, 0, 0, 0, 0, 0, 0
4.75, 0, 0, 0, 0, 0, 0, 0, 0, 0, 6.01690447, 0, 0, 80513.0623, 0, 0, 0, 0, 0, 0, 0, 0, 76505.134, -25086.2049, 300.00002, 0, 0, 0, 0, 0, 0, 0, 0.707440466, 2975.44626, 0, 0, 2968.84024, 0, 0, -198.161826, 0, 0, 0, 0, 0, 0, 0.023, 4.0127778, 0, 0, 0, 0, 0, 0, 0, 0, 0
4.875, 0, 0, 0, 0, 0, 0, 0, 0, 0, 4.57288303, 0, 0, 217233.116, 0, 0, 0, 0, 0, 0, 0, 0, 203488.48, -76043.8369, 300.000001, 0, 0, 0, 0, 0, 0, 0, 0.699094599, 3870.06302, 0, 0, 3867.77135, 0, 0, -133.163666, 0, 0, 0, 0, 0, 0, 0.023, 4.01277778, 0, 0, 0, 0, 0, 0, 0, 0, 0
5, 0, 0, 0, 0, 0, 0, 0, 0, 0, 0.888874499, 0, 0, 290236.273, 0, 0, 0, 0, 0, 0, 0, 0, 151435.735, -247597.077, 299.999996, 0, 0, 0, 0, 0, 0, 0, 0.68655756, 2993.56486, 0, 0, 2307.66269, 0, 0, -1906.86221, 0, 0, 0, 0, 0, 0, 0.023, 4.01277777, 0, 0, 0, 0, 0, 0, 0, 0, 0
5.125, 0, 0, 0, 0, 0, 0, 0, 0, 0, 0.838014262, 0, 0, 266180.612, 0, 0, 0, 0, 0, 0, 0, 0, 1973.28057, -266173.297, 300.000012, 0, 0, 0, 0, 0, 0, 0, 0.669513298, 113.640872, 0, 0, 98.4251853, 0, 0, -56.8043198, 0, 0, 0, 0, 0, 0, 0.023, 4.01277779, 0, 0, 0, 0, 0, 0, 0, 0, 0
5.25, 0, 0, 0, 0, 0, 0, 0, 0, 0, 0.832896234, 0, 0, 255616.415, 0, 0, 0, 0, 0, 0, 0, 0, 98.2817671, -255616.396, 300.000002, 0, 0, 0, 0, 0, 0, 0, 0.651080823, 380.573471, 0, 0, 31.9569608, 0, 0, 379.229376, 0, 0, 0, 0, 0, 0, 0.023, 4.01277778, 0, 0, 0, 0, 0, 0, 0, 0, 0
5.375, 0, 0, 0, 0, 0, 0, 0, 0, 0, 0.834448378, 0, 0, 256396.822, 0, 0, 0, 0, 0, 0, 0, 0, -215.341251, -256396.731, 300.000001, 0, 0, 0, 0, 0, 0, 0, 0.633588351, 738.851873, 0, 0, 27.0699601, 0, 0, 738.355814, 0, 0, 0, 0, 0, 0, 0.023, 4.01277778, 0, 0, 0, 0, 0, 0, 0, 0, 0
5.5, 0, 0, 0, 0, 0, 0, 0, 0, 0, 0.837954078, 0, 0, 259723.389, 0, 0, 0, 0, 0, 0, 0, 0, -320.709324, -259723.191, 300.000001, 0, 0, 0, 0, 0, 0, 0, 0.61784408, 1056.13388, 0, 0, 24.1939718, 0, 0, 1055.85673, 0, 0, 0, 0, 0, 0, 0.023, 4.01277778, 0, 0, 0, 0, 0, 0, 0, 0, 0
5.625, 0, 0, 0, 0, 0, 0, 0, 0, 0, 0.842322284, 0, 0, 264036.975, 0, 0, 0, 0, 0, 0, 0, 0, -374.18451, -264036.709, 300.000001, 0, 0, 0, 0, 0, 0, 0, 0.603674988, 1343.33426, 0, 0, 22.2313493, 0, 0, 1343.15029, 0, 0, 0, 0, 0, 0, 0.023, 4.01277778, 0, 0, 0, 0, 0, 0, 0, 0, 0
5.75, 0, 0, 0, 0, 0, 0, 0, 0, 0, 0.84722035, 0, 0, 268916.544, 0, 0, 0, 0, 0, 0, 0, 0, -411.310476, -268916.23, 300.000001, 0, 0, 0, 0, 0, 0, 0, 0.590799621, 1611.73091, 0, 0, 21.0529781, 0, 0, 1611.59341, 0, 0, 0, 0, 0, 0, 0.023, 4.01277778, 0, 0, 0, 0, 0, 0, 0, 0, 0
5.875, 0, 0, 0, 0, 0, 0, 0, 0, 0, 0.852535521, 0, 0, 274226.275, 0, 0, 0, 0, 0, 0, 0, 0, -443.12509, -274225.917, 300.000001, 0, 0, 0, 0, 0, 0, 0, 0.57898264, 1869.55163, 0, 0, 20.4589109, 0, 0, 1869.43968, 0, 0, 0, 0, 0, 0, 0.023, 4.01277778, 0, 0, 0, 0, 0, 0, 0, 0, 0
6, 0, 0, 0, 0, 0, 0, 0, 0, 0, 0.858234516, 0, 0, 279926.67, 0, 0, 0, 0, 0, 0, 0, 0, -474.217515, -279926.268, 300.000001, 0, 0, 0, 0, 0, 0, 0, 0.568045818, 2123.13614, 0, 0, 20.3193978, 0, 0, 2123.03891, 0, 0, 0, 0, 0, 0, 0.023, 4.01277778, 0, 0, 0, 0, 0, 0, 0, 0, 0
6.125, 0, 0, 0, 0, 0, 0, 0, 0, 0, 0.864325623, 0, 0, 286021.969, 0, 0, 0, 0, 0, 0, 0, 0, -506.766903, -286021.52, 300.000001, 0, 0, 0, 0, 0, 0, 0, 0.557856292, 2377.49095, 0, 0, 20.5555314, 0, 0, 2377.40209, 0, 0, 0, 0, 0, 0, 0.023, 4.01277778, 0, 0, 0, 0, 0, 0, 0, 0, 0
6.25, 0, 0, 0, 0, 0, 0, 0, 0, 0, 0.870834146, 0, 0, 292537.945, 0, 0, 0, 0, 0, 0, 0, 0, -542.262875, -292537.442, 300.000001, 0, 0, 0, 0, 0, 0, 0, 0.548314672, 2636.9916, 0, 0, 21.1289467, 0, 0, 2636.90696, 0, 0, 0, 0, 0, 0, 0.023, 4.01277778, 0, 0, 0, 0, 0, 0, 0, 0, 0
6.375, 0, 0, 0, 0, 0, 0, 0, 0, 0, 0.877805145, 0, 0, 299517.731, 0, 0, 0, 0, 0, 0, 0, 0, -581.742296, -299517.166, 300.000001, 0, 0, 0, 0, 0, 0, 0, 0.539346299, 2905.68991, 0, 0, 22.02437, 0, 0, 2905.60644, 0, 0, 0, 0, 0, 0, 0.023, 4.01277778, 0, 0, 0, 0, 0, 0, 0, 0, 0
6.5, 0, 0, 0, 0, 0, 0, 0, 0, 0, 0.885291801, 0, 0, 307016.269, 0, 0, 0, 0, 0, 0, 0, 0, -626.349638, -307015.63, 300.000001, 0, 0, 0, 0, 0, 0, 0, 0.530895205, 3187.58122, 0, 0, 23.2493784, 0, 0, 3187.49643, 0, 0, 0, 0, 0, 0, 0.023, 4.01277778, 0, 0, 0, 0, 0, 0, 0, 0, 0
6.625, 0, 0, 0, 0, 0, 0, 0, 0, 0, 0.893366004, 0, 0, 315103.354, 0, 0, 0, 0, 0, 0, 0, 0, -676.99189, -315102.626, 300.000001, 0, 0, 0, 0, 0, 0, 0, 0.522920088, 3486.90822, 0, 0, 24.8251775, 0, 0, 3486.81985, 0, 0, 0, 0, 0, 0, 0.023, 4.01277778, 0, 0, 0, 0, 0, 0, 0, 0, 0
6.75, 0, 0, 0, 0, 0, 0, 0, 0, 0, 0.902105735, 0, 0, 323860.116, 0, 0, 0, 0, 0, 0, 0, 0, -735.043263, -323859.281, 300.000001, 0, 0, 0, 0, 0, 0, 0, 0.515391627, 3808.19648, 0, 0, 26.7952351, 0, 0, 3808.10221, 0, 0, 0, 0, 0, 0, 0.023, 4.01277778, 0, 0, 0, 0, 0, 0, 0, 0, 0
6.875, 0, 0, 0, 0, 0, 0, 0, 0, 0, 0.911614051, 0, 0, 333387.531, 0, 0, 0, 0, 0, 0, 0, 0, -801.924567, -333386.566, 300.000001, 0, 0, 0, 0, 0, 0, 0, 0.508290835, 4156.77599, 0, 0, 29.2228316, 0, 0, 4156.67327, 0, 0, 0, 0, 0, 0, 0.023, 4.01277778, 0, 0, 0, 0, 0, 0, 0, 0, 0
7, 0, 0, 0, 0, 0, 0, 0, 0, 0, 0.922006569, 0, 0, 343805.315, 0, 0, 0, 0, 0, 0, 0, 0, -879.795141, -343804.19, 300.000001, 0, 0, 0, 0, 0, 0, 0, 0.501608182, 4538.75414, 0, 0, 32.2020907, 0, 0, 4538.6399, 0, 0, 0, 0, 0, 0, 0.023, 4.01277778, 0, 0, 0, 0, 0, 0, 0, 0, 0
7.125, 0, 0, 0, 0, 0, 0, 0, 0, 0, 0.933436177, 0, 0, 355263.597, 0, 0, 0, 0, 0, 0, 0, 0, -970.860584, -355262.271, 300.000001, 0, 0, 0, 0, 0, 0, 0, 0.49534341, 4961.81455, 0, 0, 35.8571522, 0, 0, 4961.68499, 0, 0, 0, 0, 0, 0, 0.023, 4.01277778, 0, 0, 0, 0, 0, 0, 0, 0, 0
7.25, 0, 0, 0, 0, 0, 0, 0, 0, 0, 0.946076441, 0, 0, 367942.649, 0, 0, 0, 0, 0, 0, 0, 0, -1078.66584, -367941.068, 300.000001, 0, 0, 0, 0, 0, 0, 0, 0.489505931, 5435.16713, 0, 0, 40.3706625, 0, 0, 5435.0172, 0, 0, 0, 0, 0, 0, 0.023, 4.01277778, 0, 0, 0, 0, 0, 0, 0, 0, 0
7.375, 0, 0, 0, 0, 0, 0, 0, 0, 0, 0.960162084, 0, 0, 382074.903, 0, 0, 0, 0, 0, 0, 0, 0, -1207.46105, -382072.995, 300.000001, 0, 0, 0, 0, 0, 0, 0, 0.484116044, 5971.06187, 0, 0, 45.9985115, 0, 0, 5970.88469, 0, 0, 0, 0, 0, 0, 0.023, 4.01277778, 0, 0, 0, 0, 0, 0, 0, 0, 0
7.5, 0, 0, 0, 0, 0, 0, 0, 0, 0, 0.975975266, 0, 0, 397952.535, 0, 0, 0, 0, 0, 0, 0, 0, -1363.86455, -397950.198, 300.000002, 0, 0, 0, 0, 0, 0, 0, 0.479207072, 6585.10473, 0, 0, 53.1179231, 0, 0, 6584.89049, 0, 0, 0, 0, 0, 0, 0.023, 4.01277778, 0, 0, 0, 0, 0, 0, 0, 0, 0
7.625, 0, 0, 0, 0, 0, 0, 0, 0, 0, 0.99390604, 0, 0, 415964.168, 0, 0, 0, 0, 0, 0, 0, 0, -1556.1119, -415961.257, 300.000002, 0, 0, 0, 0, 0, 0, 0, 0.474828927, 7298.97658, 0, 0, 62.2670076, 0, 0, 7298.71098, 0, 0, 0, 0, 0, 0, 0.023, 4.01277778, 0, 0, 0, 0, 0, 0, 0, 0, 0
7.75, 0, 0, 0, 0, 0, 0, 0, 0, 0, 1.01444395, 0, 0, 436618.462, 0, 0, 0, 0, 0, 0, 0, 0, -1797.55691, -436614.762, 300.000002, 0, 0, 0, 0, 0, 0, 0, 0.471053505, 8141.73196, 0, 0, 74.2943458, 0, 0, 8141.39298, 0, 0, 0, 0, 0, 0, 0.023, 4.01277778, 0, 0, 0, 0, 0, 0, 0, 0, 0
7.875, 0, 0, 0, 0, 0, 0, 0, 0, 0, 1.03829356, 0, 0, 460625.913, 0, 0, 0, 0, 0, 0, 0, 0, -2107.08939, -460621.094, 300.000002, 0, 0, 0, 0, 0, 0, 0, 0.467983637, 9156.26356, 0, 0, 90.5520786, 0, 0, 9155.81579, 0, 0, 0, 0, 0, 0, 0.023, 4.01277778, 0, 0, 0, 0, 0, 0, 0, 0, 0
8, 0, 0, 0, 0, 0, 0, 0, 0, 0, 1.06641076, 0, 0, 488982.928, 0, 0, 0, 0, 0, 0, 0, 0, -2516.2559, -488976.453, 300.000003, 0, 0, 0, 0, 0, 0, 0, 0.465767862, 10405.4121, 0, 0, 113.508401, 0, 0, 10404.793, 0, 0, 0, 0, 0, 0, 0.023, 4.01277778, 0, 0, 0, 0, 0, 0, 0, 0, 0
8.125, 0, 0, 0, 0, 0, 0, 0, 0, 0, 1.10024788, 0, 0, 523177.983, 0, 0, 0, 0, 0, 0, 0, 0, -3075.03602, -523168.946, 300.000003, 0, 0, 0, 0, 0, 0, 0, 0.464628534, 11993.7423, 0, 0, 148.092646, 0, 0, 11992.828, 0, 0, 0, 0, 0, 0, 0.023, 4.01277778, 0, 0, 0, 0, 0, 0, 0, 0, 0
8.25, 0, 0, 0, 0, 0, 0, 0, 0, 0, 1.14197402, 0, 0, 565518.446, 0, 0, 0, 0, 0, 0, 0, 0, -3879.91704, -565505.136, 300.000005, 0, 0, 0, 0, 0, 0, 0, 0.464920016, 14107.1563, 0, 0, 207.26421, 0, 0, 14105.6336, 0, 0, 0, 0, 0, 0, 0.023, 4.01277778, 0, 0, 0, 0, 0, 0, 0, 0, 0
8.375, 0, 0, 0, 0, 0, 0, 0, 0, 0, 1.19531417, 0, 0, 619977.208, 0, 0, 0, 0, 0, 0, 0, 0, -5125.81233, -619956.018, 300.000008, 0, 0, 0, 0, 0, 0, 0, 0.46728794, 17174.0713, 0, 0, 323.121212, 0, 0, 17171.0314, 0, 0, 0, 0, 0, 0, 0.023, 4.01277779, 0, 0, 0, 0, 0, 0, 0, 0, 0
8.5, 0, 0, 0, 0, 0, 0, 0, 0, 0, 1.26706066, 0, 0, 694173.785, 0, 0, 0, 0, 0, 0, 0, 0, -7294.35757, -694135.46, 300.000021, 0, 0, 0, 0, 0, 0, 0, 0.473068522, 22182.977, 0, 0, 574.288132, 0, 0, 22175.542, 0, 0, 0, 0, 0, 0, 0.023, 4.0127778, 0, 0, 0, 0, 0, 0, 0, 0, 0
8.625, 0, 0, 0, 0, 0, 0, 0, 0, 0, 1.37214563, 0, 0, 806817.212, 0, 0, 0, 0, 0, 0, 0, 0, -12120.8806, -806726.16, 300.000097, 0, 0, 0, 0, 0, 0, 0, 0.485266195, 31527.6512, 0, 0, 1243.90887, 0, 0, 31503.1028, 0, 0, 0, 0, 0, 0, 0.023, 4.0127779, 0, 0, 0, 0, 0, 0, 0, 0, 0
8.75, 0, 0, 0, 0, 0, 0, 0, 0, 0, 1.55693809, 0, 0, 1027250.45, 0, 0, 0, 0, 0, 0, 0, 0, -28697.4456, -1026849.53, 300.000545, 0, 0, 0, 0, 0, 0, 0, 0.51213457, 53301.0999, 0, 0, 4161.96749, 0, 0, 53138.3598, 0, 0, 0, 0, 0, 0, 0.023, 4.01277847, 0, 0, 0, 0, 0, 0, 0, 0, 0
8.875, 0, 0, 0, 0, 0, 0, 0, 0, 0, 2.04057973, 0, 0, 1663317.58, 0, 0, 0, 0, 0, 0, 0, 0, -107955.093, -1659810.55, 300.003534, 0, 0, 0, 0, 0, 0, 0, 0.590962028, 135760.859, 0, 0, 10947.2828, 0, 0, 135318.764, 0, 0, 0, 0, 0, 0, 0.023, 4.01278225, 0, 0, 0, 0, 0, 0, 0, 0, 0
9, 0, 0, 0, 0, 0, 0, 0, 0, 0, 4.05445134, 0, 0, 3760490.9, 0, 0, 0, 0, 0, 0, 0, 0, -2840243.33, -2464611.46, 300.042938, 0, 0, 0, 0, 0, 0, 0, 0.806262163, 328122.74, 0, 0, 55963.2175, 0, 0, 323315.096, 0, 0, 0, 0, 0, 0, 0.023, 4.01283208, 0, 0, 0, 0, 0, 0, 0, 0, 0
9.125, 0, 0, 0, 0, 0, 0, 0, 0, 0, 73.8372335, 0, 0, 4605289.59, 0, 0, 0, 0, 0, 0, 0, 0, -4541491.21, -763904.325, 300.031572, 0, 0, 0, 0, 0, 0, 0, 0.961326202, 58346.4142, 0, 0, 55508.7913, 0, 0, 17974.3747, 0, 0, 0, 0, 0, 0, 0.023, 4.01281771, 0, 0, 0, 0, 0, 0, 0, 0, 0
9.25, 0, 0, 0, 0, 0, 0, 0, 0, 0, 117.091427, 0, 0, 3122353.09, 0, 0, 0, 0, 0, 0, 0, 0, -3118264.43, -159736.552, 300.012878, 0, 0, 0, 0, 0, 0, 0, 0.956550041, 12520.8381, 0, 0, 11832.3496, 0, 0, 4094.73919, 0, 0, 0, 0, 0, 0, 0.023, 4.01279406, 0, 0, 0, 0, 0, 0, 0, 0, 0
9.375, 0, 0, 0, 0, 0, 0, 0, 0, 0, 151.785826, 0, 0, 2603115.4, 0, 0, 0, 0, 0, 0, 0, 0, -2600159.91, -124008.968, 300.013841, 0, 0, 0, 0, 0, 0, 0, 0.94805271, 8648.70523, 0, 0, 8374.91484, 0, 0, 2158.91261, 0, 0, 0, 0, 0, 0, 0.023, 4.01279528, 0, 0, 0, 0, 0, 0, 0, 0, 0
9.5, 0, 0, 0, 0, 0, 0, 0, 0, 0, 182.094793, 0, 0, 2311437.61, 0, 0, 0, 0, 0, 0, 0, 0, -2308903.55, -108204.441, 300.018383, 0, 0, 0, 0, 0, 0, 0, 0.941152346, 7065.69063, 0, 0, 6951.58323, 0, 0, 1264.70336, 0, 0, 0, 0, 0, 0, 0.023, 4.01280103, 0, 0, 0, 0, 0, 0, 0, 0, 0
9.625, 0, 0, 0, 0, 0, 0, 0, 0, 0, 209.508102, 0, 0, 2105500.81, 0, 0, 0, 0, 0, 0, 0, 0, -2103217.72, -98025.0448, 300.025692, 0, 0, 0, 0, 0, 0, 0, 0.935220011, 6239.74933, 0, 0, 6208.69185, 0, 0, 621.785493, 0, 0, 0, 0, 0, 0, 0.023, 4.01281027, 0, 0, 0, 0, 0, 0, 0, 0, 0
9.75, 0, 0, 0, 0, 0, 0, 0, 0, 0, 234.674915, 0, 0, 1937955.29, 0, 0, 0, 0, 0, 0, 0, 0, -1935803.8, -91292.6021, 300.036225, 0, 0, 0, 0, 0, 0, 0, 0.929771372, 6141.7757, 0, 0, 6141.20668, 0, 0, 83.6014196, 0, 0, 0, 0, 0, 0, 0.023, 4.01282359, 0, 0, 0, 0, 0, 0, 0, 0, 0
9.875, 0, 0, 0, 0, 0, 0, 0, 0, 0, 257.902874, 0, 0, 1788642.61, 0, 0, 0, 0, 0, 0, 0, 0, -1786515.66, -87202.0282, 300.050581, 0, 0, 0, 0, 0, 0, 0, 0.924548118, 6845.54914, 0, 0, 6833.18953, 0, 0, -411.173782, 0, 0, 0, 0, 0, 0, 0.023, 4.01284174, 0, 0, 0, 0, 0, 0, 0, 0, 0
10, 0, 0, 0, 0, 0, 0, 0, 0, 0, 279.337499, 0, 0, 1651967.98, 0, 0, 0, 0, 0, 0, 0, 0, -1649764.47, -85295.9593, 300.067991, 0, 0, 0, 0, 0, 0, 0, 0.919534044, 8311.29013, 0, 0, 8266.14262, 0, 0, -865.118379, 0, 0, 0, 0, 0, 0, 0.023, 4.01286376, 0, 0, 0, 0, 0, 0, 0, 0, 0
10.109375, 0, 0, 0, 0, 0, 0, 0, 0, 0, 296.670533, 0, 0, 1526286.77, 0, 0, 0, 0, 0, 0, 0, 0, -1523907.27, -85193.4107, 300.089327, 0, 0, 0, 0, 0, 0, 0, 0.914486907, 10663.0699, 0, 0, 10591.8586, 0, 0, -1230.28117, 0, 0, 0, 0, 0, 0, 0.023, 4.01289073, 0, 0, 0, 0, 0, 0, 0, 0, 0
10.21875, 0, 0, 0, 0, 0, 0, 0, 0, 0, 312.672782, 0, 0, 1404206.56, 0, 0, 0, 0, 0, 0, 0, 0, -1401548.98, -86351.151, 300.112246, 0, 0, 0, 0, 0, 0, 0, 0.909702566, 13627.8297, 0, 0, 13549.3686, 0, 0, -1460.25826, 0, 0, 0, 0, 0, 0, 0.023, 4.0129197, 0, 0, 0, 0, 0, 0, 0, 0, 0
10.328125, 0, 0, 0, 0, 0, 0, 0, 0, 0, 327.329178, 0, 0, 1279737.17, 0, 0, 0, 0, 0, 0, 0, 0, -1276650.54, -88829.1739, 300.136546, 0, 0, 0, 0, 0, 0, 0, 0.905163138, 17115.7516, 0, 0, 17048.2027, 0, 0, -1519.12395, 0, 0, 0, 0, 0, 0, 0.023, 4.01295041, 0, 0, 0, 0, 0, 0, 0, 0, 0
10.4375, 0, 0, 0, 0, 0, 0, 0, 0, 0, 340.599223, 0, 0, 1150233.14, 0, 0, 0, 0, 0, 0, 0, 0, -1146481.07, -92830.1188, 300.159958, 0, 0, 0, 0, 0, 0, 0, 0.901033974, 20838.2288, 0, 0, 20795.9474, 0, 0, -1326.78221, 0, 0, 0, 0, 0, 0, 0.023, 4.01297999, 0, 0, 0, 0, 0, 0, 0, 0, 0
10.546875, 0, 0, 0, 0, 0, 0, 0, 0, 0, 352.408085, 0, 0, 1011869.84, 0, 0, 0, 0, 0, 0, 0, 0, -1007046.87, -98677.1138, 300.179088, 0, 0, 0, 0, 0, 0, 0, 0.897574362, 24273.7868, 0, 0, 24261.1214, 0, 0, -784.035947, 0, 0, 0, 0, 0, 0, 0.023, 4.01300416, 0, 0, 0, 0, 0, 0, 0, 0, 0
10.65625, 0, 0, 0, 0, 0, 0, 0, 0, 0, 362.627856, 0, 0, 857929.127, 0, 0, 0, 0, 0, 0, 0, 0, -851223.659, -107054.509, 300.1893, 0, 0, 0, 0, 0, 0, 0, 0.895164662, 26537.176, 0, 0, 26536.206, 0, 0, 226.896523, 0, 0, 0, 0, 0, 0, 0.023, 4.01301706, 0, 0, 0, 0, 0, 0, 0, 0, 0
10.765625, 0, 0, 0, 0, 0, 0, 0, 0, 0, 371.027758, 0, 0, 700041.546, 0, 0, 0, 0, 0, 0, 0, 0, -689985.665, -118228.379, 300.189271, 0, 0, 0, 0, 0, 0, 0, 0.89396674, 26730.253, 0, 0, 26666.9935, 0, 0, 1837.90312, 0, 0, 0, 0, 0, 0, 0.023, 4.01301702, 0, 0, 0, 0, 0, 0, 0, 0, 0
10.8203125, 0, 0, 0, 0, 0, 0, 0, 0, 0, 374.373291, 0, 0, 575789.786, 0, 0, 0, 0, 0, 0, 0, 0, -561059.245, -129407.888, 300.180629, 0, 0, 0, 0, 0, 0, 0, 0.893831904, 24861.492, 0, 0, 24662.4219, 0, 0, 3139.86152, 0, 0, 0, 0, 0, 0, 0.023, 4.01300611, 0, 0, 0, 0, 0, 0, 0, 0, 0
10.8476563, 0, 0, 0, 0, 0, 0, 0, 0, 0, 375.7678, 0, 0, 503098.752, 0, 0, 0, 0, 0, 0, 0, 0, -483786.908, -138052.823, 300.171466, 0, 0, 0, 0, 0, 0, 0, 0.893821293, 22929.2313, 0, 0, 22580.7539, 0, 0, 3982.36085, 0, 0, 0, 0, 0, 0, 0.023, 4.01299453, 0, 0, 0, 0, 0, 0, 0, 0, 0
10.8544922, 0, 0, 0, 0, 0, 0, 0, 0, 0, 376.080289, 0, 0, 467878.878, 0, 0, 0, 0, 0, 0, 0, 0, -445776.654, -142104.959, 300.166867, 0, 0, 0, 0, 0, 0, 0, 0.894307785, 21261.8243, 0, 0, 20836.0682, 0, 0, 4233.60753, 0, 0, 0, 0, 0, 0, 0.023, 4.01298872, 0, 0, 0, 0, 0, 0, 0, 0, 0
10.8613281, 0, 0, 0, 0, 0, 0, 0, 0, 0, 376.377099, 0, 0, 446315.105, 0, 0, 0, 0, 0, 0, 0, 0, -422086.197, -145053.146, 300.16237, 0, 0, 0, 0, 0, 0, 0, 0.894713522, 20513.8469, 0, 0, 20020.9321, 0, 0, 4469.92078, 0, 0, 0, 0, 0, 0, 0.023, 4.01298304, 0, 0, 0, 0, 0, 0, 0, 0, 0
10.8681641, 0, 0, 0, 0, 0, 0, 0, 0, 0, 376.657199, 0, 0, 423578.687, 0, 0, 0, 0, 0, 0, 0, 0, -396919.458, -147898.098, 300.157937, 0, 0, 0, 0, 0, 0, 0, 0.895286106, 19697.4095, 0, 0, 19128.6594, 0, 0, 4699.18423, 0, 0, 0, 0, 0, 0, 0.023, 4.01297744, 0, 0, 0, 0, 0, 0, 0, 0, 0
10.875, 0, 0, 0, 0, 0, 0, 0, 0, 0, 376.919584, 0, 0, 399734.612, 0, 0, 0, 0, 0, 0, 0, 0, -370236.077, -150708.351, 300.153322, 0, 0, 0, 0, 0, 0, 0, 0.895860018, 18815.7549, 0, 0, 18159.3684, 0, 0, 4926.45629, 0, 0, 0, 0, 0, 0, 0.023, 4.01297161, 0, 0, 0, 0, 0, 0, 0, 0, 0
10.8818359, 0, 0, 0, 0, 0, 0, 0, 0, 0, 377.163177, 0, 0, 374777.807, 0, 0, 0, 0, 0, 0, 0, 0, -341895.587, -153511.602, 300.148313, 0, 0, 0, 0, 0, 0, 0, 0.896371996, 17869.2559, 0, 0, 17109.2864, 0, 0, 5155.83428, 0, 0, 0, 0, 0, 0, 0.023, 4.01296528, 0, 0, 0, 0, 0, 0, 0, 0, 0
10.8886719, 0, 0, 0, 0, 0, 0, 0, 0, 0, 377.386814, 0, 0, 348709.924, 0, 0, 0, 0, 0, 0, 0, 0, -311752.61, -156233.546, 300.142768, 0, 0, 0, 0, 0, 0, 0, 0.89681201, 16857.7473, 0, 0, 15973.4287, 0, 0, 5388.24842, 0, 0, 0, 0, 0, 0, 0.023, 4.01295827, 0, 0, 0, 0, 0, 0, 0, 0, 0
10.8955079, 0, 0, 0, 0, 0, 0, 0, 0, 0, 377.589203, 0, 0, 321523.001, 0, 0, 0, 0, 0, 0, 0, 0, -279629.215, -158696.383, 300.136572, 0, 0, 0, 0, 0, 0, 0, 0.897191944, 15783.2838, 0, 0, 14745.9307, 0, 0, 5627.57293, 0, 0, 0, 0, 0, 0, 0.023, 4.01295044, 0, 0, 0, 0, 0, 0, 0, 0, 0
10.9023438, 0, 0, 0, 0, 0, 0, 0, 0, 0, 377.76897, 0, 0, 293235.704, 0, 0, 0, 0, 0, 0, 0, 0, -245411.769, -160499.974, 300.129672, 0, 0, 0, 0, 0, 0, 0, 0.897521241, 14649.4354, 0, 0, 13418.0666, 0, 0, 5878.89844, 0, 0, 0, 0, 0, 0, 0.023, 4.01294172, 0, 0, 0, 0, 0, 0, 0, 0, 0
10.9091797, 0, 0, 0, 0, 0, 0, 0, 0, 0, 377.924691, 0, 0, 263854.936, 0, 0, 0, 0, 0, 0, 0, 0, -209107.347, -160914.711, 300.122089, 0, 0, 0, 0, 0, 0, 0, 0.8978083, 13461.1531, 0, 0, 11971.5648, 0, 0, 6155.0207, 0, 0, 0, 0, 0, 0, 0.023, 4.01293214, 0, 0, 0, 0, 0, 0, 0, 0, 0
10.9160156, 0, 0, 0, 0, 0, 0, 0, 0, 0, 378.055086, 0, 0, 233418.798, 0, 0, 0, 0, 0, 0, 0, 0, -171189.125, -158677.721, 300.114026, 0, 0, 0, 0, 0, 0, 0, 0.898061603, 12214.893, 0, 0, 10362.7622, 0, 0, 6466.58889, 0, 0, 0, 0, 0, 0, 0.023, 4.01292195, 0, 0, 0, 0, 0, 0, 0, 0, 0
10.9228516, 0, 0, 0, 0, 0, 0, 0, 0, 0, 378.159438, 0, 0, 202199.868, 0, 0, 0, 0, 0, 0, 0, 0, -133211.827, -152116.389, 300.10589, 0, 0, 0, 0, 0, 0, 0, 0.898289933, 10882.5389, 0, 0, 8510.86245, 0, 0, 6781.95199, 0, 0, 0, 0, 0, 0, 0.023, 4.01291166, 0, 0, 0, 0, 0, 0, 0, 0, 0
10.9296875, 0, 0, 0, 0, 0, 0, 0, 0, 0, 378.238562, 0, 0, 171755.744, 0, 0, 0, 0, 0, 0, 0, 0, -98926.6443, -140404.967, 300.098255, 0, 0, 0, 0, 0, 0, 0, 0.89849254, 9388.8751, 0, 0, 6399.56323, 0, 0, 6869.97569, 0, 0, 0, 0, 0, 0, 0.023, 4.01290201, 0, 0, 0, 0, 0, 0, 0, 0, 0
10.9365234, 0, 0, 0, 0, 0, 0, 0, 0, 0, 378.296151, 0, 0, 144721.082, 0, 0, 0, 0, 0, 0, 0, 0, -71940.7252, -125573.579, 300.091607, 0, 0, 0, 0, 0, 0, 0, 0.898649344, 7673.04446, 0, 0, 4361.14431, 0, 0, 6313.16336, 0, 0, 0, 0, 0, 0, 0.023, 4.01289361, 0, 0, 0, 0, 0, 0, 0, 0, 0
10.9433594, 0, 0, 0, 0, 0, 0, 0, 0, 0, 378.33781, 0, 0, 122823.884, 0, 0, 0, 0, 0, 0, 0, 0, -52617.6185, -110982.398, 300.086198, 0, 0, 0, 0, 0, 0, 0, 0.898735803, 6106.34892, 0, 0, 2798.68932, 0, 0, 5427.2309, 0, 0, 0, 0, 0, 0, 0.023, 4.01288677, 0, 0, 0, 0, 0, 0, 0, 0, 0
10.9501954, 0, 0, 0, 0, 0, 0, 0, 0, 0, 378.368446, 0, 0, 105997.178, 0, 0, 0, 0, 0, 0, 0, 0, -39222.5642, -98473.3073, 300.082045, 0, 0, 0, 0, 0, 0, 0, 0.898746995, 4902.47484, 0, 0, 1758.24397, 0, 0, 4576.33453, 0, 0, 0, 0, 0, 0, 0.023, 4.01288152, 0, 0, 0, 0, 0, 0, 0, 0, 0
10.9570313, 0, 0, 0, 0, 0, 0, 0, 0, 0, 378.391516, 0, 0, 93285.8223, 0, 0, 0, 0, 0, 0, 0, 0, -29883.8305, -88369.6855, 300.079023, 0, 0, 0, 0, 0, 0, 0, 0.898691949, 4040.86585, 0, 0, 1103.9191, 0, 0, 3887.15312, 0, 0, 0, 0, 0, 0, 0.023, 4.0128777, 0, 0, 0, 0, 0, 0, 0, 0, 0
10.9638672, 0, 0, 0, 0, 0, 0, 0, 0, 0, 378.409273, 0, 0, 83621.736, 0, 0, 0, 0, 0, 0, 0, 0, -23193.2341, -80340.9524, 300.076924, 0, 0, 0, 0, 0, 0, 0, 0.898582879, 3437.03893, 0, 0, 701.841251, 0, 0, 3364.61818, 0, 0, 0, 0, 0, 0, 0.023, 4.01287505, 0, 0, 0, 0, 0, 0, 0, 0, 0
10.9707031, 0, 0, 0, 0, 0, 0, 0, 0, 0, 378.42317, 0, 0, 76112.2963, 0, 0, 0, 0, 0, 0, 0, 0, -18230.8864, -73896.6605, 300.075511, 0, 0, 0, 0, 0, 0, 0, 0.898429158, 3010.74575, 0, 0, 459.71915, 0, 0, 2975.44086, 0, 0, 0, 0, 0, 0, 0.023, 4.01287326, 0, 0, 0, 0, 0, 0, 0, 0, 0
10.9775391, 0, 0, 0, 0, 0, 0, 0, 0, 0, 378.434141, 0, 0, 70099.9764, 0, 0, 0, 0, 0, 0, 0, 0, -14390.3852, -68607.0223, 300.07453, 0, 0, 0, 0, 0, 0, 0, 0.898238622, 2704.198, 0, 0, 319.09132, 0, 0, 2685.30585, 0, 0, 0, 0, 0, 0, 0.023, 4.01287202, 0, 0, 0, 0, 0, 0, 0, 0, 0
10.984375, 0, 0, 0, 0, 0, 0, 0, 0, 0, 378.4428, 0, 0, 65120.3967, 0, 0, 0, 0, 0, 0, 0, 0, -11295.3172, -64133.3133, 300.073747, 0, 0, 0, 0, 0, 0, 0, 0.898018403, 2477.49402, 0, 0, 243.361135, 0, 0, 2465.51252, 0, 0, 0, 0, 0, 0, 0.023, 4.01287103, 0, 0, 0, 0, 0, 0, 0, 0, 0
10.9912109, 0, 0, 0, 0, 0, 0, 0, 0, 0, 378.449547, 0, 0, 60860.7353, 0, 0, 0, 0, 0, 0, 0, 0, -8694.24371, -60236.5274, 300.072961, 0, 0, 0, 0, 0, 0, 0, 0.897773411, 2305.80689, 0, 0, 209.244232, 0, 0, 2296.29316, 0, 0, 0, 0, 0, 0, 0.023, 4.01287004, 0, 0, 0, 0, 0, 0, 0, 0, 0
10.9980469, 0, 0, 0, 0, 0, 0, 0, 0, 0, 378.454662, 0, 0, 57105.0828, 0, 0, 0, 0, 0, 0, 0, 0, -6437.09996, -56741.1158, 300.072041, 0, 0, 0, 0, 0, 0, 0, 0.897504781, 2172.42729, 0, 0, 201.644468, 0, 0, 2163.04874, 0, 0, 0, 0, 0, 0, 0.023, 4.01286888, 0, 0, 0, 0, 0, 0, 0, 0, 0
11.0048829, 0, 0, 0, 0, 0, 0, 0, 0, 0, 378.45833, 0, 0, 53710.9248, 0, 0, 0, 0, 0, 0, 0, 0, -4419.85072, -53528.762, 300.07094, 0, 0, 0, 0, 0, 0, 0, 0.897213632, 2067.49303, 0, 0, 210.413598, 0, 0, 2056.75801, 0, 0, 0, 0, 0, 0, 0.023, 4.01286748, 0, 0, 0, 0, 0, 0, 0, 0, 0
11.0117188, 0, 0, 0, 0, 0, 0, 0, 0, 0, 378.460695, 0, 0, 50577.3654, 0, 0, 0, 0, 0, 0, 0, 0, -2586.39358, -50511.1914, 300.069713, 0, 0, 0, 0, 0, 0, 0, 0.896903245, 1983.99461, 0, 0, 228.529696, 0, 0, 1970.78887, 0, 0, 0, 0, 0, 0, 0.023, 4.01286593, 0, 0, 0, 0, 0, 0, 0, 0, 0
11.0185547, 0, 0, 0, 0, 0, 0, 0, 0, 0, 378.461861, 0, 0, 47637.1836, 0, 0, 0, 0, 0, 0, 0, 0, -898.055758, -47628.7177, 300.068498, 0, 0, 0, 0, 0, 0, 0, 0.896576765, 1918.01067, 0, 0, 250.838634, 0, 0, 1901.53751, 0, 0, 0, 0, 0, 0, 0.023, 4.0128644, 0, 0, 0, 0, 0, 0, 0, 0, 0
11.0253906, 0, 0, 0, 0, 0, 0, 0, 0, 0, 378.461924, 0, 0, 44836.7735, 0, 0, 0, 0, 0, 0, 0, 0, 657.515933, -44831.9521, 300.067506, 0, 0, 0, 0, 0, 0, 0, 0.896234454, 1866.31766, 0, 0, 273.292096, 0, 0, 1846.19962, 0, 0, 0, 0, 0, 0, 0.023, 4.01286314, 0, 0, 0, 0, 0, 0, 0, 0, 0
11.0322266, 0, 0, 0, 0, 0, 0, 0, 0, 0, 378.460969, 0, 0, 42136.3304, 0, 0, 0, 0, 0, 0, 0, 0, 2086.70395, -42084.6291, 300.066977, 0, 0, 0, 0, 0, 0, 0, 0.895876836, 1827.29946, 0, 0, 292.338944, 0, 0, 1803.76308, 0, 0, 0, 0, 0, 0, 0.023, 4.01286247, 0, 0, 0, 0, 0, 0, 0, 0, 0
11.0390625, 0, 0, 0, 0, 0, 0, 0, 0, 0, 378.459086, 0, 0, 39497.0676, 0, 0, 0, 0, 0, 0, 0, 0, 3378.69642, -39352.2904, 300.067158, 0, 0, 0, 0, 0, 0, 0, 0.895506534, 1799.43567, 0, 0, 304.583903, 0, 0, 1773.47043, 0, 0, 0, 0, 0, 0, 0.023, 4.0128627, 0, 0, 0, 0, 0, 0, 0, 0, 0
11.0458984, 0, 0, 0, 0, 0, 0, 0, 0, 0, 378.456371, 0, 0, 36882.4988, 0, 0, 0, 0, 0, 0, 0, 0, 4517.86613, -36604.7484, 300.068272, 0, 0, 0, 0, 0, 0, 0, 0.895124997, 1782.41889, 0, 0, 306.457434, 0, 0, 1755.87612, 0, 0, 0, 0, 0, 0, 0.023, 4.01286411, 0, 0, 0, 0, 0, 0, 0, 0, 0
11.0527344, 0, 0, 0, 0, 0, 0, 0, 0, 0, 378.45294, 0, 0, 34246.7745, 0, 0, 0, 0, 0, 0, 0, 0, 5473.11663, -33806.6052, 300.07051, 0, 0, 0, 0, 0, 0, 0, 0.894729732, 1776.10395, 0, 0, 293.909671, 0, 0, 1751.61706, 0, 0, 0, 0, 0, 0, 0.023, 4.01286694, 0, 0, 0, 0, 0, 0, 0, 0, 0
11.0595704, 0, 0, 0, 0, 0, 0, 0, 0, 0, 378.44893, 0, 0, 31535.0475, 0, 0, 0, 0, 0, 0, 0, 0, 6205.63273, -30918.4305, 300.074024, 0, 0, 0, 0, 0, 0, 0, 0.894318941, 1781.99914, 0, 0, 262.017064, 0, 0, 1762.63099, 0, 0, 0, 0, 0, 0, 0.023, 4.01287138, 0, 0, 0, 0, 0, 0, 0, 0, 0
11.0664063, 0, 0, 0, 0, 0, 0, 0, 0, 0, 378.444513, 0, 0, 28672.0877, 0, 0, 0, 0, 0, 0, 0, 0, 6656.77038, -27888.636, 300.078954, 0, 0, 0, 0, 0, 0, 0, 0.893894728, 1802.82805, 0, 0, 204.507656, 0, 0, 1791.19111, 0, 0, 0, 0, 0, 0, 0.023, 4.01287761, 0, 0, 0, 0, 0, 0, 0, 0, 0
11.0732422, 0, 0, 0, 0, 0, 0, 0, 0, 0, 378.439907, 0, 0, 25557.2709, 0, 0, 0, 0, 0, 0, 0, 0, 6746.58298, -24650.7142, 300.085445, 0, 0, 0, 0, 0, 0, 0, 0.893459725, 1844.41539, 0, 0, 113.00117, 0, 0, 1840.95053, 0, 0, 0, 0, 0, 0, 0.023, 4.01288582, 0, 0, 0, 0, 0, 0, 0, 0, 0
11.0800781, 0, 0, 0, 0, 0, 0, 0, 0, 0, 378.435396, 0, 0, 22052.4635, 0, 0, 0, 0, 0, 0, 0, 0, 6355.59765, -21116.7593, 300.093696, 0, 0, 0, 0, 0, 0, 0, 0.893013266, 1915.4531, 0, 0, -24.1481612, 0, 0, 1915.30088, 0, 0, 0, 0, 0, 0, 0.023, 4.01289625, 0, 0, 0, 0, 0, 0, 0, 0, 0
11.0869141, 0, 0, 0, 0, 0, 0, 0, 0, 0, 378.431364, 0, 0, 17982.1808, 0, 0, 0, 0, 0, 0, 0, 0, 5307.34713, -17181.1202, 300.103967, 0, 0, 0, 0, 0, 0, 0, 0.892555265, 2028.61821, 0, 0, -223.127167, 0, 0, 2016.31002, 0, 0, 0, 0, 0, 0, 0.023, 4.01290923, 0, 0, 0, 0, 0, 0, 0, 0, 0
11.09375, 0, 0, 0, 0, 0, 0, 0, 0, 0, 378.428336, 0, 0, 13173.4418, 0, 0, 0, 0, 0, 0, 0, 0, 3336.68489, -12743.8653, 300.116573, 0, 0, 0, 0, 0, 0, 0, 0.892088313, 2196.60811, 0, 0, -504.489186, 0, 0, 2137.89098, 0, 0, 0, 0, 0, 0, 0.023, 4.01292517, 0, 0, 0, 0, 0, 0, 0, 0, 0
11.1005859, 0, 0, 0, 0, 0, 0, 0, 0, 0, 378.42705, 0, 0, 7776.72907, 0, 0, 0, 0, 0, 0, 0, 0, 69.8264443, -7776.41558, 300.131808, 0, 0, 0, 0, 0, 0, 0, 0.891612499, 2423.52666, 0, 0, -886.685947, 0, 0, 2255.49762, 0, 0, 0, 0, 0, 0, 0.023, 4.01294442, 0, 0, 0, 0, 0, 0, 0, 0, 0
11.1074219, 0, 0, 0, 0, 0, 0, 0, 0, 0, 378.428518, 0, 0, 5503.54249, 0, 0, 0, 0, 0, 0, 0, 0, -4931.54983, -2443.11199, 300.149837, 0, 0, 0, 0, 0, 0, 0, 0.891120306, 2685.62929, 0, 0, -1365.51765, 0, 0, 2312.56702, 0, 0, 0, 0, 0, 0, 0.023, 4.0129672, 0, 0, 0, 0, 0, 0, 0, 0, 0
11.1142579, 0, 0, 0, 0, 0, 0, 0, 0, 0, 378.434034, 0, 0, 12296.8285, 0, 0, 0, 0, 0, 0, 0, 0, -11973.455, 2801.49361, 300.170531, 0, 0, 0, 0, 0, 0, 0, 0.890601494, 2921.62173, 0, 0, -1883.13454, 0, 0, 2233.75868, 0, 0, 0, 0, 0, 0, 0.023, 4.01299335, 0, 0, 0, 0, 0, 0, 0, 0, 0
11.1210938, 0, 0, 0, 0, 0, 0, 0, 0, 0, 378.445001, 0, 0, 22158.3543, 0, 0, 0, 0, 0, 0, 0, 0, -20917.3518, 7311.43328, 300.193412, 0, 0, 0, 0, 0, 0, 0, 0.890048013, 3065.20179, 0, 0, -2329.18627, 0, 0, 1992.57456, 0, 0, 0, 0, 0, 0, 0.023, 4.01302226, 0, 0, 0, 0, 0, 0, 0, 0, 0
11.1279297, 0, 0, 0, 0, 0, 0, 0, 0, 0, 378.462577, 0, 0, 32868.2827, 0, 0, 0, 0, 0, 0, 0, 0, -31110.2939, 10605.3582, 300.217723, 0, 0, 0, 0, 0, 0, 0, 0.889453657, 3099.63502, 0, 0, -2611.55438, 0, 0, 1669.58707, 0, 0, 0, 0, 0, 0, 0.023, 4.01305296, 0, 0, 0, 0, 0, 0, 0, 0, 0
11.1347656, 0, 0, 0, 0, 0, 0, 0, 0, 0, 378.487365, 0, 0, 43582.2626, 0, 0, 0, 0, 0, 0, 0, 0, -41713.5712, 12625.0383, 300.242723, 0, 0, 0, 0, 0, 0, 0, 0.888812581, 3052.0697, 0, 0, -2723.3347, 0, 0, 1377.8888, 0, 0, 0, 0, 0, 0, 0.023, 4.01308454, 0, 0, 0, 0, 0, 0, 0, 0, 0
11.1416016, 0, 0, 0, 0, 0, 0, 0, 0, 0, 378.519409, 0, 0, 53844.422, 0, 0, 0, 0, 0, 0, 0, 0, -52086.4127, 13646.5157, 300.267905, 0, 0, 0, 0, 0, 0, 0, 0.888124579, 2962.15765, 0, 0, -2721.56451, 0, 0, 1169.38639, 0, 0, 0, 0, 0, 0, 0.023, 4.01311634, 0, 0, 0, 0, 0, 0, 0, 0, 0
11.1484375, 0, 0, 0, 0, 0, 0, 0, 0, 0, 378.558397, 0, 0, 63451.2972, 0, 0, 0, 0, 0, 0, 0, 0, -61883.6659, 14017.0968, 300.293128, 0, 0, 0, 0, 0, 0, 0, 0.887394697, 2860.8279, 0, 0, -2666.67059, 0, 0, 1035.95571, 0, 0, 0, 0, 0, 0, 0.023, 4.01314818, 0, 0, 0, 0, 0, 0, 0, 0, 0
11.1552734, 0, 0, 0, 0, 0, 0, 0, 0, 0, 378.603866, 0, 0, 72340.8426, 0, 0, 0, 0, 0, 0, 0, 0, -70971.7391, 14007.4896, 300.31852, 0, 0, 0, 0, 0, 0, 0, 0.886624681, 2764.11855, 0, 0, -2595.04441, 0, 0, 951.890678, 0, 0, 0, 0, 0, 0, 0.023, 4.01318023, 0, 0, 0, 0, 0, 0, 0, 0, 0
11.1621094, 0, 0, 0, 0, 0, 0, 0, 0, 0, 378.655302, 0, 0, 82434.7657, 0, 0, 0, 0, 0, 0, 0, 0, -81288.6517, 13698.3833, 300.344316, 0, 0, 0, 0, 0, 0, 0, 0.885750065, 2643.47677, 0, 0, -2487.25545, 0, 0, 895.281946, 0, 0, 0, 0, 0, 0, 0.023, 4.01321279, 0, 0, 0, 0, 0, 0, 0, 0, 0
11.1757813, 0, 0, 0, 0, 0, 0, 0, 0, 0, 378.7745, 0, 0, 97955.6983, 0, 0, 0, 0, 0, 0, 0, 0, -97080.5118, 13064.956, 300.397126, 0, 0, 0, 0, 0, 0, 0, 0.884821939, 2480.13594, 0, 0, -2338.78296, 0, 0, 825.329376, 0, 0, 0, 0, 0, 0, 0.023, 4.01327943, 0, 0, 0, 0, 0, 0, 0, 0, 0
11.203125, 0, 0, 0, 0, 0, 0, 0, 0, 0, 379.066846, 0, 0, 130992.557, 0, 0, 0, 0, 0, 0, 0, 0, -130290.575, 13543.1202, 300.532606, 0, 0, 0, 0, 0, 0, 0, 0.883748824, 2187.25668, 0, 0, -2059.4749, 0, 0, 736.651144, 0, 0, 0, 0, 0, 0, 0.023, 4.01345027, 0, 0, 0, 0, 0, 0, 0, 0, 0
11.3125, 0, 0, 0, 0, 0, 0, 0, 0, 0, 380.748386, 0, 0, 181622.607, 0, 0, 0, 0, 0, 0, 0, 0, -180683.084, 18449.779, 300.707577, 0, 0, 0, 0, 0, 0, 0, 0.882584096, 1854.32259, 0, 0, -1814.28627, 0, 0, 383.246096, 0, 0, 0, 0, 0, 0, 0.023, 4.0136707, 0, 0, 0, 0, 0, 0, 0, 0, 0
11.421875, 0, 0, 0, 0, 0, 0, 0, 0, 0, 383.019238, 0, 0, 235528.96, 0, 0, 0, 0, 0, 0, 0, 0, -234269.61, 24323.6699, 300.990485, 0, 0, 0, 0, 0, 0, 0, 0.880941487, 1389.66839, 0, 0, -1381.96419, 0, 0, 146.127348, 0, 0, 0, 0, 0, 0, 0.023, 4.01402658, 0, 0, 0, 0, 0, 0, 0, 0, 0
11.53125, 0, 0, 0, 0, 0, 0, 0, 0, 0, 385.872833, 0, 0, 290455.644, 0, 0, 0, 0, 0, 0, 0, 0, -288999.734, 29045.3883, 301.306259, 0, 0, 0, 0, 0, 0, 0, 0.87902167, 895.710633, 0, 0, -895.511888, 0, 0, 18.8678575, 0, 0, 0, 0, 0, 0, 0.023, 4.01442304, 0, 0, 0, 0, 0, 0, 0, 0, 0
11.640625, 0, 0, 0, 0, 0, 0, 0, 0, 0, 389.340859, 0, 0, 347518.64, 0, 0, 0, 0, 0, 0, 0, 0, -346017.615, 32264.7646, 301.629927, 0, 0, 0, 0, 0, 0, 0, 0.877012327, 473.755522, 0, 0, -473.275366, 0, 0, -21.3242228, 0, 0, 0, 0, 0, 0, 0.023, 4.01482859, 0, 0, 0, 0, 0, 0, 0, 0, 0
11.75, 0, 0, 0, 0, 0, 0, 0, 0, 0, 393.441762, 0, 0, 405519.51, 0, 0, 0, 0, 0, 0, 0, 0, -404073.968, 34209.6665, 301.937374, 0, 0, 0, 0, 0, 0, 0, 0.875045891, 197.986403, 0, 0, -197.402763, 0, 0, -15.1909512, 0, 0, 0, 0, 0, 0, 0.023, 4.01521304, 0, 0, 0, 0, 0, 0, 0, 0, 0
11.859375, 0, 0, 0, 0, 0, 0, 0, 0, 0, 398.179823, 0, 0, 463434.918, 0, 0, 0, 0, 0, 0, 0, 0, -462094.35, 35224.065, 302.213644, 0, 0, 0, 0, 0, 0, 0, 0.873193941, 69.3606297, 0, 0, -69.0083949, 0, 0, 6.98128822, 0, 0, 0, 0, 0, 0, 0.023, 4.01555786, 0, 0, 0, 0, 0, 0, 0, 0, 0
11.96875, 0, 0, 0, 0, 0, 0, 0, 0, 0, 403.549968, 0, 0, 520653.204, 0, 0, 0, 0, 0, 0, 0, 0, -519434.328, 35605.3073, 302.45244, 0, 0, 0, 0, 0, 0, 0, 0.871483405, 60.3813387, 0, 0, -52.1084732, 0, 0, 30.5059516, 0, 0, 0, 0, 0, 0, 0.023, 4.01585542, 0, 0, 0, 0, 0, 0, 0, 0, 0
12.078125, 0, 0, 0, 0, 0, 0, 0, 0, 0, 409.542373, 0, 0, 576847.624, 0, 0, 0, 0, 0, 0, 0, 0, -575749.881, 35570.44, 302.653354, 0, 0, 0, 0, 0, 0, 0, 0.869915797, 116.974491, 0, 0, -106.266631, 0, 0, 48.8920711, 0, 0, 0, 0, 0, 0, 0.023, 4.01610543, 0, 0, 0, 0, 0, 0, 0, 0, 0
12.1875, 0, 0, 0, 0, 0, 0, 0, 0, 0, 416.144447, 0, 0, 631881.32, 0, 0, 0, 0, 0, 0, 0, 0, -630895.6, 35280.9323, 302.819404, 0, 0, 0, 0, 0, 0, 0, 0.868481016, 207.811365, 0, 0, -198.525559, 0, 0, 61.426099, 0, 0, 0, 0, 0, 0, 0.023, 4.01631182, 0, 0, 0, 0, 0, 0, 0, 0, 0
12.296875, 0, 0, 0, 0, 0, 0, 0, 0, 0, 423.34318, 0, 0, 685731.686, 0, 0, 0, 0, 0, 0, 0, 0, -684845.97, 34841.6716, 302.95537, 0, 0, 0, 0, 0, 0, 0, 0.867165407, 314.284619, 0, 0, -306.603593, 0, 0, 69.0583714, 0, 0, 0, 0, 0, 0, 0.023, 4.01648065, 0, 0, 0, 0, 0, 0, 0, 0, 0
12.40625, 0, 0, 0, 0, 0, 0, 0, 0, 0, 431.125432, 0, 0, 738438.175, 0, 0, 0, 0, 0, 0, 0, 0, -737639.824, 34328.2439, 303.066658, 0, 0, 0, 0, 0, 0, 0, 0.865955656, 423.831625, 0, 0, -417.302786, 0, 0, 74.1055382, 0, 0, 0, 0, 0, 0, 0.023, 4.01661873, 0, 0, 0, 0, 0, 0, 0, 0, 0
12.515625, 0, 0, 0, 0, 0, 0, 0, 0, 0, 439.479038, 0, 0, 790078.328, 0, 0, 0, 0, 0, 0, 0, 0, -789355.667, 33784.5412, 303.158716, 0, 0, 0, 0, 0, 0, 0, 0.864840508, 530.176878, 0, 0, -524.318624, 0, 0, 78.5970884, 0, 0, 0, 0, 0, 0, 0.023, 4.01673288, 0, 0, 0, 0, 0, 0, 0, 0, 0
12.625, 0, 0, 0, 0, 0, 0, 0, 0, 0, 448.392581, 0, 0, 840745.596, 0, 0, 0, 0, 0, 0, 0, 0, -840088.267, 33239.4472, 303.236529, 0, 0, 0, 0, 0, 0, 0, 0.863811452, 632.354394, 0, 0, -626.588134, 0, 0, 85.2020531, 0, 0, 0, 0, 0, 0, 0.023, 4.01682932, 0, 0, 0, 0, 0, 0, 0, 0, 0
12.734375, 0, 0, 0, 0, 0, 0, 0, 0, 0, 457.855963, 0, 0, 890523.761, 0, 0, 0, 0, 0, 0, 0, 0, -889923.131, 32701.5266, 303.304115, 0, 0, 0, 0, 0, 0, 0, 0.862863021, 733.797442, 0, 0, -727.465248, 0, 0, 96.1925108, 0, 0, 0, 0, 0, 0, 0.023, 4.01691304, 0, 0, 0, 0, 0, 0, 0, 0, 0
12.84375, 0, 0, 0, 0, 0, 0, 0, 0, 0, 467.859646, 0, 0, 939485.103, 0, 0, 0, 0, 0, 0, 0, 0, -938933.888, 32177.8319, 303.364754, 0, 0, 0, 0, 0, 0, 0, 0.86199307, 843.073026, 0, 0, -835.223002, 0, 0, 114.78094, 0, 0, 0, 0, 0, 0, 0.023, 4.01698812, 0, 0, 0, 0, 0, 0, 0, 0, 0
12.953125, 0, 0, 0, 0, 0, 0, 0, 0, 0, 478.395137, 0, 0, 987694.445, 0, 0, 0, 0, 0, 0, 0, 0, -987186.806, 31662.726, 303.421369, 0, 0, 0, 0, 0, 0, 0, 0.861203006, 974.974059, 0, 0, -964.302368, 0, 0, 143.858817, 0, 0, 0, 0, 0, 0, 0.023, 4.0170582, 0, 0, 0, 0, 0, 0, 0, 0, 0
13.0625, 0, 0, 0, 0, 0, 0, 0, 0, 0, 489.454353, 0, 0, 1035200.06, 0, 0, 0, 0, 0, 0, 0, 0, -1034731.36, 31147.7992, 303.476541, 0, 0, 0, 0, 0, 0, 0, 0.860497771, 1151.47587, 0, 0, -1136.22857, 0, 0, 186.765448, 0, 0, 0, 0, 0, 0, 0.023, 4.01712647, 0, 0, 0, 0, 0, 0, 0, 0, 0
13.171875, 0, 0, 0, 0, 0, 0, 0, 0, 0, 501.029877, 0, 0, 1082008.11, 0, 0, 0, 0, 0, 0, 0, 0, -1081574.99, 30611.7539, 303.53212, 0, 0, 0, 0, 0, 0, 0, 0.85988537, 1401.06355, 0, 0, -1379.37965, 0, 0, 245.541912, 0, 0, 0, 0, 0, 0, 0.023, 4.01719521, 0, 0, 0, 0, 0, 0, 0, 0, 0
13.28125, 0, 0, 0, 0, 0, 0, 0, 0, 0, 513.113794, 0, 0, 1128080, 0, 0, 0, 0, 0, 0, 0, 0, -1127679.99, 30038.5916, 303.589524, 0, 0, 0, 0, 0, 0, 0, 0.859375968, 1757.89402, 0, 0, -1728.19716, 0, 0, 321.754495, 0, 0, 0, 0, 0, 0, 0.023, 4.01726619, 0, 0, 0, 0, 0, 0, 0, 0, 0
13.390625, 0, 0, 0, 0, 0, 0, 0, 0, 0, 525.69786, 0, 0, 1173336.29, 0, 0, 0, 0, 0, 0, 0, 0, -1172967.75, 29405.8774, 303.650085, 0, 0, 0, 0, 0, 0, 0, 0.858980427, 2259.59641, 0, 0, -2221.27041, 0, 0, 414.407631, 0, 0, 0, 0, 0, 0, 0.023, 4.01734105, 0, 0, 0, 0, 0, 0, 0, 0, 0
13.5, 0, 0, 0, 0, 0, 0, 0, 0, 0, 538.772445, 0, 0, 1217653.41, 0, 0, 0, 0, 0, 0, 0, 0, -1217315.19, 28697.7663, 303.715023, 0, 0, 0, 0, 0, 0, 0, 0.858708077, 2943.42889, 0, 0, -2897.08569, 0, 0, 520.257775, 0, 0, 0, 0, 0, 0, 0.023, 4.01742128, 0, 0, 0, 0, 0, 0, 0, 0, 0
13.609375, 0, 0, 0, 0, 0, 0, 0, 0, 0, 552.326605, 0, 0, 1260850.89, 0, 0, 0, 0, 0, 0, 0, 0, -1260542.24, 27896.7163, 303.784965, 0, 0, 0, 0, 0, 0, 0, 0.85856368, 3838.84817, 0, 0, -3786.53499, 0, 0, 631.591698, 0, 0, 0, 0, 0, 0, 0.023, 4.01750766, 0, 0, 0, 0, 0, 0, 0, 0, 0
13.71875, 0, 0, 0, 0, 0, 0, 0, 0, 0, 566.346781, 0, 0, 1302713.55, 0, 0, 0, 0, 0, 0, 0, 0, -1302433.59, 27006.3415, 303.860279, 0, 0, 0, 0, 0, 0, 0, 0.858544094, 4958.79808, 0, 0, -4903.62999, 0, 0, 737.625445, 0, 0, 0, 0, 0, 0, 0.023, 4.01760063, 0, 0, 0, 0, 0, 0, 0, 0, 0
13.828125, 0, 0, 0, 0, 0, 0, 0, 0, 0, 580.817314, 0, 0, 1343031.3, 0, 0, 0, 0, 0, 0, 0, 0, -1342778.83, 26040.1329, 303.94144, 0, 0, 0, 0, 0, 0, 0, 0.858635299, 6290.21482, 0, 0, -6236.04012, 0, 0, 823.775528, 0, 0, 0, 0, 0, 0, 0.023, 4.01770077, 0, 0, 0, 0, 0, 0, 0, 0, 0
13.9375, 0, 0, 0, 0, 0, 0, 0, 0, 0, 595.720049, 0, 0, 1381637.8, 0, 0, 0, 0, 0, 0, 0, 0, -1381410.97, 25034.7502, 304.02895, 0, 0, 0, 0, 0, 0, 0, 0.858810609, 7786.84504, 0, 0, -7737.53915, 0, 0, 874.896333, 0, 0, 0, 0, 0, 0, 0.023, 4.01780869, 0, 0, 0, 0, 0, 0, 0, 0, 0
14.046875, 0, 0, 0, 0, 0, 0, 0, 0, 0, 611.035665, 0, 0, 1418439.63, 0, 0, 0, 0, 0, 0, 0, 0, -1418235.98, 24035.5681, 304.122717, 0, 0, 0, 0, 0, 0, 0, 0.859031001, 9366.51573, 0, 0, -9325.39503, 0, 0, 876.71229, 0, 0, 0, 0, 0, 0, 0.023, 4.01792425, 0, 0, 0, 0, 0, 0, 0, 0, 0
14.15625, 0, 0, 0, 0, 0, 0, 0, 0, 0, 626.74396, 0, 0, 1453467.87, 0, 0, 0, 0, 0, 0, 0, 0, -1453284.12, 23110.8625, 304.222274, 0, 0, 0, 0, 0, 0, 0, 0.859248346, 10917.1755, 0, 0, -10886.2614, 0, 0, 820.995797, 0, 0, 0, 0, 0, 0, 0.023, 4.01804688, 0, 0, 0, 0, 0, 0, 0, 0, 0
14.265625, 0, 0, 0, 0, 0, 0, 0, 0, 0, 642.826266, 0, 0, 1486924.5, 0, 0, 0, 0, 0, 0, 0, 0, -1486756.88, 22325.6258, 304.327043, 0, 0, 0, 0, 0, 0, 0, 0.859411616, 12312.3323, 0, 0, -12292, 0, 0, 707.292544, 0, 0, 0, 0, 0, 0, 0.023, 4.01817585, 0, 0, 0, 0, 0, 0, 0, 0, 0
14.375, 0, 0, 0, 0, 0, 0, 0, 0, 0, 659.266792, 0, 0, 1519190.15, 0, 0, 0, 0, 0, 0, 0, 0, -1519034.6, 21739.0957, 304.436012, 0, 0, 0, 0, 0, 0, 0, 0.859474835, 13432.9396, 0, 0, -13421.858, 0, 0, 545.521495, 0, 0, 0, 0, 0, 0, 0.023, 4.01830989, 0, 0, 0, 0, 0, 0, 0, 0, 0
14.484375, 0, 0, 0, 0, 0, 0, 0, 0, 0, 676.05518, 0, 0, 1550784.47, 0, 0, 0, 0, 0, 0, 0, 0, -1550637.16, 21374.7677, 304.546791, 0, 0, 0, 0, 0, 0, 0, 0.859405028, 14190.2152, 0, 0, -14185.8061, 0, 0, 353.714559, 0, 0, 0, 0, 0, 0, 0.023, 4.01844607, 0, 0, 0, 0, 0, 0, 0, 0, 0
14.59375, 0, 0, 0, 0, 0, 0, 0, 0, 0, 693.187017, 0, 0, 1582316.39, 0, 0, 0, 0, 0, 0, 0, 0, -1582174.04, 21224.5055, 304.655405, 0, 0, 0, 0, 0, 0, 0, 0.859188164, 14543.2833, 0, 0, -14542.447, 0, 0, 155.958107, 0, 0, 0, 0, 0, 0, 0.023, 4.0185795, 0, 0, 0, 0, 0, 0, 0, 0, 0
14.703125, 0, 0, 0, 0, 0, 0, 0, 0, 0, 710.665267, 0, 0, 1614413.15, 0, 0, 0, 0, 0, 0, 0, 0, -1614273.7, 21218.7525, 304.755969, 0, 0, 0, 0, 0, 0, 0, 0.858831735, 14507.4955, 0, 0, -14507.477, 0, 0, -23.1583959, 0, 0, 0, 0, 0, 0, 0.023, 4.01870296, 0, 0, 0, 0, 0, 0, 0, 0, 0
14.8125, 0, 0, 0, 0, 0, 0, 0, 0, 0, 728.499268, 0, 0, 1647620.3, 0, 0, 0, 0, 0, 0, 0, 0, -1647483.53, 21228.6945, 304.839558, 0, 0, 0, 0, 0, 0, 0, 0.858363216, 14150.6066, 0, 0, -14149.6736, 0, 0, -162.4934, 0, 0, 0, 0, 0, 0, 0.023, 4.01880551, 0, 0, 0, 0, 0, 0, 0, 0, 0
14.921875, 0, 0, 0, 0, 0, 0, 0, 0, 0, 746.703949, 0, 0, 1682276.92, 0, 0, 0, 0, 0, 0, 0, 0, -1682145.3, 21043.2017, 304.892129, 0, 0, 0, 0, 0, 0, 0, 0.857824899, 13578.4524, 0, 0, -13576.1713, 0, 0, -248.8833, 0, 0, 0, 0, 0, 0, 0.023, 4.01886999, 0, 0, 0, 0, 0, 0, 0, 0, 0
15.03125, 0, 0, 0, 0, 0, 0, 0, 0, 0, 765.296133, 0, 0, 1718416.38, 0, 0, 0, 0, 0, 0, 0, 0, -1718295.51, 20381.2629, 304.892934, 0, 0, 0, 0, 0, 0, 0, 0.857266409, 12913.7687, 0, 0, -12910.7717, 0, 0, -278.204111, 0, 0, 0, 0, 0, 0, 0.023, 4.01887098, 0, 0, 0, 0, 0, 0, 0, 0, 0
15.140625, 0, 0, 0, 0, 0, 0, 0, 0, 0, 784.291532, 0, 0, 1755662.89, 0, 0, 0, 0, 0, 0, 0, 0, -1755561.59, 18859.7001, 304.812422, 0, 0, 0, 0, 0, 0, 0, 0.856736782, 12273.7143, 0, 0, -12271.0517, 0, 0, -255.640436, 0, 0, 0, 0, 0, 0, 0.023, 4.01877223, 0, 0, 0, 0, 0, 0, 0, 0, 0
15.25, 0, 0, 0, 0, 0, 0, 0, 0, 0, 803.698824, 0, 0, 1793083.69, 0, 0, 0, 0, 0, 0, 0, 0, -1793012.46, 15982.0911, 304.609527, 0, 0, 0, 0, 0, 0, 0, 0.856277931, 11750.951, 0, 0, -11749.3728, 0, 0, -192.585236, 0, 0, 0, 0, 0, 0, 0.023, 4.01852315, 0, 0, 0, 0, 0, 0, 0, 0, 0
15.359375, 0, 0, 0, 0, 0, 0, 0, 0, 0, 823.513337, 0, 0, 1828910.38, 0, 0, 0, 0, 0, 0, 0, 0, -1828876.82, 11079.2714, 304.229947, 0, 0, 0, 0, 0, 0, 0, 0.855921343, 11404.9193, 0, 0, -11404.4565, 0, 0, -102.742408, 0, 0, 0, 0, 0, 0, 0.023, 4.01805633, 0, 0, 0, 0, 0, 0, 0, 0, 0
15.46875, 0, 0, 0, 0, 0, 0, 0, 0, 0, 843.704997, 0, 0, 1860055.01, 0, 0, 0, 0, 0, 0, 0, 0, -1860052.11, 3283.111, 303.61428, 0, 0, 0, 0, 0, 0, 0, 0.855689186, 11269.6504, 0, 0, -11269.6499, 0, 0, 3.41459322, 0, 0, 0, 0, 0, 0, 0.023, 4.01729679, 0, 0, 0, 0, 0, 0, 0, 0, 0
15.578125, 0, 0, 0, 0, 0, 0, 0, 0, 0, 864.201242, 0, 0, 1881227.56, 0, 0, 0, 0, 0, 0, 0, 0, -1881208.45, -8480.04474, 302.739137, 0, 0, 0, 0, 0, 0, 0, 0.855597955, 11373.6256, 0, 0, -11373.0062, 0, 0, 118.694084, 0, 0, 0, 0, 0, 0, 0.023, 4.01621208, 0, 0, 0, 0, 0, 0, 0, 0, 0
15.6875, 0, 0, 0, 0, 0, 0, 0, 0, 0, 884.855453, 0, 0, 1884157.53, 0, 0, 0, 0, 0, 0, 0, 0, -1883988.48, -25239.1929, 301.72664, 0, 0, 0, 0, 0, 0, 0, 0.855657558, 11738.7863, 0, 0, -11736.5209, 0, 0, 230.611949, 0, 0, 0, 0, 0, 0, 0.023, 4.0149496, 0, 0, 0, 0, 0, 0, 0, 0, 0
15.796875, 0, 0, 0, 0, 0, 0, 0, 0, 0, 905.412303, 0, 0, 1857721.4, 0, 0, 0, 0, 0, 0, 0, 0, -1857107.93, -47738.2138, 300.870729, 0, 0, 0, 0, 0, 0, 0, 0.855867882, 12377.3932, 0, 0, -12373.0758, 0, 0, 326.892696, 0, 0, 0, 0, 0, 0, 0.023, 4.01387601, 0, 0, 0, 0, 0, 0, 0, 0, 0
15.90625, 0, 0, 0, 0, 0, 0, 0, 0, 0, 925.478319, 0, 0, 1787642.88, 0, 0, 0, 0, 0, 0, 0, 0, -1786012.26, -76336.5495, 300.358366, 0, 0, 0, 0, 0, 0, 0, 0.856217156, 13310.9868, 0, 0, -13305.1665, 0, 0, 393.592212, 0, 0, 0, 0, 0, 0, 0.023, 4.01323052, 0, 0, 0, 0, 0, 0, 0, 0, 0
16.015625, 0, 0, 0, 0, 0, 0, 0, 0, 0, 944.479866, 0, 0, 1655526.98, 0, 0, 0, 0, 0, 0, 0, 0, -1651837.34, -110467.173, 300.125241, 0, 0, 0, 0, 0, 0, 0, 0.856674243, 14566.2615, 0, 0, -14560.7625, 0, 0, 400.214832, 0, 0, 0, 0, 0, 0, 0.023, 4.01293612, 0, 0, 0, 0, 0, 0, 0, 0, 0
16.125, 0, 0, 0, 0, 0, 0, 0, 0, 0, 961.611034, 0, 0, 1439376.43, 0, 0, 0, 0, 0, 0, 0, 0, -1431829.44, -147203.884, 300.038371, 0, 0, 0, 0, 0, 0, 0, 0.857166256, 16117.1613, 0, 0, -16114.7109, 0, 0, 281.03793, 0, 0, 0, 0, 0, 0, 0.023, 4.0128263, 0, 0, 0, 0, 0, 0, 0, 0, 0
16.234375, 0, 0, 0, 0, 0, 0, 0, 0, 0, 975.80097, 0, 0, 1120321.63, 0, 0, 0, 0, 0, 0, 0, 0, -1106108.28, -177890.509, 300.010917, 0, 0, 0, 0, 0, 0, 0, 0.857512299, 17591.436, 0, 0, -17590.9062, 0, 0, -136.522387, 0, 0, 0, 0, 0, 0, 0.023, 4.01279158, 0, 0, 0, 0, 0, 0, 0, 0, 0
16.34375, 0, 0, 0, 0, 0, 0, 0, 0, 0, 985.810262, 0, 0, 713213.802, 0, 0, 0, 0, 0, 0, 0, 0, -689563.119, -182144.537, 300.003208, 0, 0, 0, 0, 0, 0, 0, 0.857261398, 17112.3229, 0, 0, -17065.2335, 0, 0, -1268.62039, 0, 0, 0, 0, 0, 0, 0.023, 4.01278183, 0, 0, 0, 0, 0, 0, 0, 0, 0
16.453125, 0, 0, 0, 0, 0, 0, 0, 0, 0, 990.895179, 0, 0, 350484.502, 0, 0, 0, 0, 0, 0, 0, 0, -320819.458, -141117.899, 300.002745, 0, 0, 0, 0, 0, 0, 0, 0.855903933, 11724.8088, 0, 0, -11387.8078, 0, 0, -2790.87327, 0, 0, 0, 0, 0, 0, 0.023, 4.01278125, 0, 0, 0, 0, 0, 0, 0, 0, 0
16.5625, 0, 0, 0, 0, 0, 0, 0, 0, 0, 992.832455, 0, 0, 162910.955, 0, 0, 0, 0, 0, 0, 0, 0, -138811.425, -85272.3138, 300.009826, 0, 0, 0, 0, 0, 0, 0, 0.85425062, 5060.1646, 0, 0, -4686.97954, 0, 0, -1907.22012, 0, 0, 0, 0, 0, 0, 0.023, 4.01279021, 0, 0, 0, 0, 0, 0, 0, 0, 0
16.671875, 0, 0, 0, 0, 0, 0, 0, 0, 0, 993.927944, 0, 0, 107799.713, 0, 0, 0, 0, 0, 0, 0, 0, -95794.3356, -49439.0881, 300.020942, 0, 0, 0, 0, 0, 0, 0, 0.85332656, 2369.70297, 0, 0, -2180.27548, 0, 0, -928.380824, 0, 0, 0, 0, 0, 0, 0.023, 4.01280426, 0, 0, 0, 0, 0, 0, 0, 0, 0
16.78125, 0, 0, 0, 0, 0, 0, 0, 0, 0, 994.924989, 0, 0, 93647.3718, 0, 0, 0, 0, 0, 0, 0, 0, -88049.0114, -31893.6016, 300.028456, 0, 0, 0, 0, 0, 0, 0, 0.85289863, 1863.14598, 0, 0, -1775.63295, 0, 0, -564.305381, 0, 0, 0, 0, 0, 0, 0.023, 4.01281377, 0, 0, 0, 0, 0, 0, 0, 0, 0
16.890625, 0, 0, 0, 0, 0, 0, 0, 0, 0, 995.852947, 0, 0, 84070.7265, 0, 0, 0, 0, 0, 0, 0, 0, -81104.0652, -22136.3425, 300.030285, 0, 0, 0, 0, 0, 0, 0, 0.852631332, 1659.23224, 0, 0, -1611.93704, 0, 0, -393.332702, 0, 0, 0, 0, 0, 0, 0.023, 4.01281608, 0, 0, 0, 0, 0, 0, 0, 0, 0
17, 0, 0, 0, 0, 0, 0, 0, 0, 0, 996.698628, 0, 0, 75188.485, 0, 0, 0, 0, 0, 0, 0, 0, -73520.0696, -15751.4327, 300.028565, 0, 0, 0, 0, 0, 0, 0, 0.852419528, 1470.72832, 0, 0, -1443.28373, 0, 0, -282.796512, 0, 0, 0, 0, 0, 0, 0.023, 4.0128139, 0, 0, 0, 0, 0, 0, 0, 0, 0
17.125, 0, 0, 0, 0, 0, 0, 0, 0, 0, 997.569718, 0, 0, 66635.1537, 0, 0, 0, 0, 0, 0, 0, 0, -65686.2321, -11205.4732, 300.02556, 0, 0, 0, 0, 0, 0, 0, 0.852206331, 1302.97928, 0, 0, -1287.16925, 0, 0, -202.361844, 0, 0, 0, 0, 0, 0, 0.023, 4.0128101, 0, 0, 0, 0, 0, 0, 0, 0, 0
17.25, 0, 0, 0, 0, 0, 0, 0, 0, 0, 998.340561, 0, 0, 58829.1193, 0, 0, 0, 0, 0, 0, 0, 0, -58283.8951, -7990.79829, 300.022183, 0, 0, 0, 0, 0, 0, 0, 0.851981975, 1147.48377, 0, 0, -1138.11912, 0, 0, -146.300643, 0, 0, 0, 0, 0, 0, 0.023, 4.01280583, 0, 0, 0, 0, 0, 0, 0, 0, 0
17.375, 0, 0, 0, 0, 0, 0, 0, 0, 0, 999.026677, 0, 0, 52572.1359, 0, 0, 0, 0, 0, 0, 0, 0, -52262.9268, -5693.50181, 300.019323, 0, 0, 0, 0, 0, 0, 0, 0.851703754, 1022.7098, 0, 0, -1017.2269, 0, 0, -105.758013, 0, 0, 0, 0, 0, 0, 0.023, 4.01280222, 0, 0, 0, 0, 0, 0, 0, 0, 0
17.5, 0, 0, 0, 0, 0, 0, 0, 0, 0, 999.64705, 0, 0, 48031.8429, 0, 0, 0, 0, 0, 0, 0, 0, -47866.7142, -3979.39768, 300.017307, 0, 0, 0, 0, 0, 0, 0, 0.851302719, 931.530985, 0, 0, -928.498076, 0, 0, -75.1085879, 0, 0, 0, 0, 0, 0, 0.023, 4.01279967, 0, 0, 0, 0, 0, 0, 0, 0, 0
17.625, 0, 0, 0, 0, 0, 0, 0, 0, 0, 1000.2233, 0, 0, 45571.8432, 0, 0, 0, 0, 0, 0, 0, 0, -45498.1015, -2591.45734, 300.016486, 0, 0, 0, 0, 0, 0, 0, 0.850655938, 880.934978, 0, 0, -879.489415, 0, 0, -50.4460517, 0, 0, 0, 0, 0, 0, 0.023, 4.01279863, 0, 0, 0, 0, 0, 0, 0, 0, 0
17.75, 0, 0, 0, 0, 0, 0, 0, 0, 0, 1000.78452, 0, 0, 46760.1055, 0, 0, 0, 0, 0, 0, 0, 0, -46748.2567, -1052.59468, 300.018159, 0, 0, 0, 0, 0, 0, 0, 0.849537249, 900.714683, 0, 0, -900.311853, 0, 0, -26.9352538, 0, 0, 0, 0, 0, 0, 0.023, 4.01280074, 0, 0, 0, 0, 0, 0, 0, 0, 0
17.875, 0, 0, 0, 0, 0, 0, 0, 0, 0, 1001.39229, 0, 0, 62356.2881, 0, 0, 0, 0, 0, 0, 0, 0, -62302.4657, -2590.25717, 300.03287, 0, 0, 0, 0, 0, 0, 0, 0.847736591, 1182.04255, 0, 0, -1181.92962, 0, 0, 16.3393735, 0, 0, 0, 0, 0, 0, 0.023, 4.01281935, 0, 0, 0, 0, 0, 0, 0, 0, 0
18, 0, 0, 0, 0, 0, 0, 0, 0, 0, 1002.33841, 0, 0, 40091.1651, 0, 0, 0, 0, 0, 0, 0, 0, -38261.9458, -11971.843, 300.053155, 0, 0, 0, 0, 0, 0, 0, 0.845375669, 794.406772, 0, 0, -726.454871, 0, 0, -321.473853, 0, 0, 0, 0, 0, 0, 0.023, 4.012845, 0, 0, 0, 0, 0, 0, 0, 0, 0
18.125, 0, 0, 0, 0, 0, 0, 0, 0, 0, 1002.35383, 0, 0, 6042.03694, 0, 0, 0, 0, 0, 0, 0, 0, -759.608222, -5994.09758, 300.00655, 0, 0, 0, 0, 0, 0, 0, 0.843109227, 86.8201766, 0, 0, -13.2544839, 0, 0, -85.8024576, 0, 0, 0, 0, 0, 0, 0.023, 4.01278606, 0, 0, 0, 0, 0, 0, 0, 0, 0
18.25, 0, 0, 0, 0, 0, 0, 0, 0, 0, 1002.35591, 0, 0, 2633.91998, 0, 0, 0, 0, 0, 0, 0, 0, -129.995634, -2630.7101, 300.002156, 0, 0, 0, 0, 0, 0, 0, 0.841301219, 46.8809389, 0, 0, -2.3416367, 0, 0, -46.8224216, 0, 0, 0, 0, 0, 0, 0.023, 4.0127805, 0, 0, 0, 0, 0, 0, 0, 0, 0
18.375, 0, 0, 0, 0, 0, 0, 0, 0, 0, 1002.35691, 0, 0, 1534.71536, 0, 0, 0, 0, 0, 0, 0, 0, -65.5963249, -1533.31287, 300.000949, 0, 0, 0, 0, 0, 0, 0, 0.839807748, 27.8957386, 0, 0, -1.19557612, 0, 0, -27.8701064, 0, 0, 0, 0, 0, 0, 0.023, 4.01277898, 0, 0, 0, 0, 0, 0, 0, 0, 0
18.5, 0, 0, 0, 0, 0, 0, 0, 0, 0, 1002.35748, 0, 0, 929.630949, 0, 0, 0, 0, 0, 0, 0, 0, -38.1825932, -928.846484, 300.000477, 0, 0, 0, 0, 0, 0, 0, 0.838560171, 16.9864728, 0, 0, -0.698380084, 0, 0, -16.9721102, 0, 0, 0, 0, 0, 0, 0.023, 4.01277838, 0, 0, 0, 0, 0, 0, 0, 0, 0
18.625, 0, 0, 0, 0, 0, 0, 0, 0, 0, 1002.35783, 0, 0, 569.849575, 0, 0, 0, 0, 0, 0, 0, 0, -23.0514089, -569.383149, 300.000263, 0, 0, 0, 0, 0, 0, 0, 0.837506611, 10.4324161, 0, 0, -0.422189236, 0, 0, -10.4238698, 0, 0, 0, 0, 0, 0, 0.023, 4.01277811, 0, 0, 0, 0, 0, 0, 0, 0, 0
18.75, 0, 0, 0, 0, 0, 0, 0, 0, 0, 1002.35804, 0, 0, 350.921843, 0, 0, 0, 0, 0, 0, 0, 0, -14.1069706, -350.63818, 300.000156, 0, 0, 0, 0, 0, 0, 0, 0.836608101, 6.42933073, 0, 0, -0.258510451, 0, 0, -6.42413154, 0, 0, 0, 0, 0, 0, 0.023, 4.01277798, 0, 0, 0, 0, 0, 0, 0, 0, 0
18.875, 0, 0, 0, 0, 0, 0, 0, 0, 0, 1002.35816, 0, 0, 216.51985, 0, 0, 0, 0, 0, 0, 0, 0, -8.68002697, -216.345794, 300.000099, 0, 0, 0, 0, 0, 0, 0, 0.835834884, 3.96815657, 0, 0, -0.15909595, 0, 0, -3.96496596, 0, 0, 0, 0, 0, 0, 0.023, 4.0127779, 0, 0, 0, 0, 0, 0, 0, 0, 0
19, 0, 0, 0, 0, 0, 0, 0, 0, 0, 1002.35824, 0, 0, 133.719696, 0, 0, 0, 0, 0, 0, 0, 0, -5.35205636, -133.612546, 300.000066, 0, 0, 0, 0, 0, 0, 0, 0.835163603, 2.45100043, 0, 0, -0.0981049659, 0, 0, -2.44903625, 0, 0, 0, 0, 0, 0, 0.023, 4.01277786, 0, 0, 0, 0, 0, 0, 0, 0, 0
19.125, 0, 0, 0, 0, 0, 0, 0, 0, 0, 1002.35829, 0, 0, 82.6473646, 0, 0, 0, 0, 0, 0, 0, 0, -3.3017911, -82.5813844, 300.000046, 0, 0, 0, 0, 0, 0, 0, 0.834575362, 1.51495636, 0, 0, -0.0605220165, 0, 0, -1.51374696, 0, 0, 0, 0, 0, 0, 0.023, 4.01277784, 0, 0, 0, 0, 0, 0, 0, 0, 0
19.25, 0, 0, 0, 0, 0, 0, 0, 0, 0, 1002.35832, 0, 0, 51.1484107, 0, 0, 0, 0, 0, 0, 0, 0, -2.03552255, -51.1078914, 300.000034, 0, 0, 0, 0, 0, 0, 0, 0.834054374, 0.937590501, 0, 0, -0.0373063272, 0, 0, -0.936848005, 0, 0, 0, 0, 0, 0, 0.023, 4.01277782, 0, 0, 0, 0, 0, 0, 0, 0, 0
19.375, 0, 0, 0, 0, 0, 0, 0, 0, 0, 1002.35834, 0, 0, 31.7534241, 0, 0, 0, 0, 0, 0, 0, 0, -1.25148, -31.7287526, 300.000025, 0, 0, 0, 0, 0, 0, 0, 0.833586977, 0.582070083, 0, 0, -0.0229281802, 0, 0, -0.581618329, 0, 0, 0, 0, 0, 0, 0.023, 4.01277781, 0, 0, 0, 0, 0, 0, 0, 0, 0
19.5, 0, 0, 0, 0, 0, 0, 0, 0, 0, 1002.35835, 0, 0, 19.870209, 0, 0, 0, 0, 0, 0, 0, 0, -0.763633904, -19.8555299, 300.00002, 0, 0, 0, 0, 0, 0, 0, 0.833160902, 0.364237734, 0, 0, -0.0139760419, 0, 0, -0.3639695, 0, 0, 0, 0, 0, 0, 0.023, 4.0127778, 0, 0, 0, 0, 0, 0, 0, 0, 0
19.625, 0, 0, 0, 0, 0, 0, 0, 0, 0, 1002.35836, 0, 0, 12.6869861, 0, 0, 0, 0, 0, 0, 0, 0, -0.456448701, -12.6787724, 300.000017, 0, 0, 0, 0, 0, 0, 0, 0.832764863, 0.232565008, 0, 0, -0.00833023709, 0, 0, -0.23241577, 0, 0, 0, 0, 0, 0, 0.023, 4.0127778, 0, 0, 0, 0, 0, 0, 0, 0, 0
19.75, 0, 0, 0, 0, 0, 0, 0, 0, 0, 1002.35836, 0, 0, 8.50466085, 0, 0, 0, 0, 0, 0, 0, 0, -0.257231734, -8.50076984, 300.000014, 0, 0, 0, 0, 0, 0, 0, 0.832389326, 0.155900043, 0, 0, -0.0046555434, 0, 0, -0.155830514, 0, 0, 0, 0, 0, 0, 0.023, 4.0127778, 0, 0, 0, 0, 0, 0, 0, 0, 0
19.875, 0, 0, 0, 0, 0, 0, 0, 0, 0, 1002.35837, 0, 0, 6.33441456, 0, 0, 0, 0, 0, 0, 0, 0, -0.118855934, -6.33329938, 300.000013, 0, 0, 0, 0, 0, 0, 0, 0.832032966, 0.116108914, 0, 0, -0.00208177055, 0, 0, -0.11609025, 0, 0, 0, 0, 0, 0, 0.023, 4.01277779, 0, 0, 0, 0, 0, 0, 0, 0, 0
20, 0, 0, 0, 0, 0, 0, 0, 0, 0, 1002.35837, 0, 0, 5.66326349, 0, 0, 0, 0, 0, 0, 0, 0, -0.0601662092, -5.66294388, 300.000013, 0, 0, 0, 0, 0, 0, 0, 0.831617795, 0.103819816, 0, 0, -0.000982637774, 0, 0, -0.103815166, 0, 0, 0, 0, 0, 0, 0.023, 4.01277779, 0, 0, 0, 0, 0, 0, 0, 0, 0
