"depth", "composition x", "composition y", "donor conc", "acceptor conc", "ni", "nc", "nv", "eg", "electron affinity", "potential", "e- mobility", "h+ mobility", "electric field", "impact gen rate", "electron conc", "hole conc", "cond. current density", "electron qfl", "hole qfl", "net doping", "recombination rate", "e field x", "e field y", "lattice temperature", "e- mobility x", "e- mobility y", "h+ mobility x", "h+ mobility y", "total doping", "h+ current density", "e- current density", "current flowlines", "total current density", "je- x", "jh+ x", "jtot x", "je- y", "jh+ y", "jtot y", "e- srh tno", "h+ srh tno", "joule heat power", "total heat power", "rec heat power", "heat conductivity", "heat capacity", "peltier-thomson heat power", "cond current x", "cond current y", "ionized acceptor concentration", "ionized donor concentration", "e- ionization coefficient", "h+ ionization coefficient", "acceptor trap dos #1", "acceptor trap ionized density #1"
-7.10543e-15, 0, 0, 0, 0, 0, 0, 0, 0, 0, 2.35836, 0, 0, 0.131566, 0, 0, 0, 0, 0, 0, 0, 0, 0.120252, -0.052788, 300, 0, 0, 0, 0, 0, 0, 0, 0, 0, 0, 0, 0, 0, 0, 0, 0, 0, 0, 0, 0, 0.014, 3.066, 0, 0, 0, 0, 0, 0, 0, 0, 0
0.0025, 0, 0, 0, 0, 0, 0, 0, 0, 0, 2.35836, 0, 0, 0.133742, 0, 0, 0, 0, 0, 0, 0, 0, 0.122897, -0.0527488, 300, 0, 0, 0, 0, 0, 0, 0, 0, 0, 0, 0, 0, 0, 0, 0, 0, 0, 0, 0, 0, 0.014, 3.066, 0, 0, 0, 0, 0, 0, 0, 0, 0
0.125, 0, 0, 0, 0, 0, 0, 0, 0, 0, 2.35836, 0, 0, 0.305519, 0, 0, 0, 0, 0, 0, 0, 0, 0.299084, -0.0616388, 300, 0, 0, 0, 0, 0, 0, 0, 0, 0, 0, 0, 0, 0, 0, 0, 0, 0, 0, 0, 0, 0.014, 3.066, 0, 0, 0, 0, 0, 0, 0, 0, 0
0.1275, 0, 0, 0, 0, 0, 0, 0, 0, 0, 2.35836, 0, 0, 0.311643, 0, 0, 0, 0, 0, 0, 0, 0, 0.305275, -0.0625031, 300, 0, 0, 0, 0, 0, 0, 0, 0, 0, 0, 0, 0, 0, 0, 0, 0, 0, 0, 0, 0, 0.014, 3.066, 0, 0, 0, 0, 0, 0, 0, 0, 0
0.25, 0, 0, 0, 0, 0, 0, 0, 0, 0, 2.35835, 0, 0, 0.636012, 0, 0, 0, 0, 0, 0, 0, 0, 0.630003, -0.086361, 300, 0, 0, 0, 0, 0, 0, 0, 0, 0, 0, 0, 0, 0, 0, 0, 0, 0, 0, 0, 0, 0.014, 3.066, 0, 0, 0, 0, 0, 0, 0, 0, 0
0.2525, 0, 0, 0, 0, 0, 0, 0, 0, 0, 2.35835, 0, 0, 0.64497, 0, 0, 0, 0, 0, 0, 0, 0, 0.638837, -0.0879776, 300, 0, 0, 0, 0, 0, 0, 0, 0, 0, 0, 0, 0, 0, 0, 0, 0, 0, 0, 0, 0, 0.014, 3.066, 0, 0, 0, 0, 0, 0, 0, 0, 0
0.375, 0, 0, 0, 0, 0, 0, 0, 0, 0, 2.35834, 0, 0, 1.11782, 0, 0, 0, 0, 0, 0, 0, 0, 1.10992, -0.131506, 300, 0, 0, 0, 0, 0, 0, 0, 0, 0, 0, 0, 0, 0, 0, 0, 0, 0, 0, 0, 0, 0.014, 3.066, 0, 0, 0, 0, 0, 0, 0, 0, 0
0.3775, 0, 0, 0, 0, 0, 0, 0, 0, 0, 2.35834, 0, 0, 1.13166, 0, 0, 0, 0, 0, 0, 0, 0, 1.12348, -0.134257, 300, 0, 0, 0, 0, 0, 0, 0, 0, 0, 0, 0, 0, 0, 0, 0, 0, 0, 0, 0, 0, 0.014, 3.066, 0, 0, 0, 0, 0, 0, 0, 0, 0
0.5, 0, 0, 0, 0, 0, 0, 0, 0, 0, 2.35833, 0, 0, 1.86414, 0, 0, 0, 0, 0, 0, 0, 0, 1.85232, -0.207746, 300, 0, 0, 0, 0, 0, 0, 0, 0, 0, 0, 0, 0, 0, 0, 0, 0, 0, 0, 0, 0, 0.014, 3.066, 0, 0, 0, 0, 0, 0, 0, 0, 0
0.5025, 0, 0, 0, 0, 0, 0, 0, 0, 0, 2.35833, 0, 0, 1.88612, 0, 0, 0, 0, 0, 0, 0, 0, 1.87382, -0.212282, 300, 0, 0, 0, 0, 0, 0, 0, 0, 0, 0, 0, 0, 0, 0, 0, 0, 0, 0, 0, 0, 0.014, 3.066, 0, 0, 0, 0, 0, 0, 0, 0, 0
0.625, 0, 0, 0, 0, 0, 0, 0, 0, 0, 2.3583, 0, 0, 3.0513, 0, 0, 0, 0, 0, 0, 0, 0, 3.03274, -0.33309, 300, 0, 0, 0, 0, 0, 0, 0, 0, 0, 0, 0, 0, 0, 0, 0, 0, 0, 0, 0, 0, 0.014, 3.066, 0, 0, 0, 0, 0, 0, 0, 0, 0
0.6275, 0, 0, 0, 0, 0, 0, 0, 0, 0, 2.3583, 0, 0, 3.08661, 0, 0, 0, 0, 0, 0, 0, 0, 3.06727, -0.340481, 300, 0, 0, 0, 0, 0, 0, 0, 0, 0, 0, 0, 0, 0, 0, 0, 0, 0, 0, 0, 0, 0.014, 3.066, 0, 0, 0, 0, 0, 0, 0, 0, 0
0.75, 0, 0, 0, 0, 0, 0, 0, 0, 0, 2.35826, 0, 0, 4.95984, 0, 0, 0, 0, 0, 0, 0, 0, 4.93015, -0.537102, 300, 0, 0, 0, 0, 0, 0, 0, 0, 0, 0, 0, 0, 0, 0, 0, 0, 0, 0, 0, 0, 0.014, 3.066, 0, 0, 0, 0, 0, 0, 0, 0, 0
0.7525, 0, 0, 0, 0, 0, 0, 0, 0, 0, 2.35826, 0, 0, 5.01683, 0, 0, 0, 0, 0, 0, 0, 0, 4.98586, -0.549086, 300, 0, 0, 0, 0, 0, 0, 0, 0, 0, 0, 0, 0, 0, 0, 0, 0, 0, 0, 0, 0, 0.014, 3.066, 0, 0, 0, 0, 0, 0, 0, 0, 0
0.875, 0, 0, 0, 0, 0, 0, 0, 0, 0, 2.35819, 0, 0, 8.04037, 0, 0, 0, 0, 0, 0, 0, 0, 7.99257, -0.86772, 300, 0, 0, 0, 0, 0, 0, 0, 0, 0, 0, 0, 0, 0, 0, 0, 0, 0, 0, 0, 0, 0.014, 3.066, 0, 0, 0, 0, 0, 0, 0, 0, 0
0.8775, 0, 0, 0, 0, 0, 0, 0, 0, 0, 2.35818, 0, 0, 8.13246, 0, 0, 0, 0, 0, 0, 0, 0, 8.0826, -0.887096, 300, 0, 0, 0, 0, 0, 0, 0, 0, 0, 0, 0, 0, 0, 0, 0, 0, 0, 0, 0, 0, 0.014, 3.066, 0, 0, 0, 0, 0, 0, 0, 0, 0
1, 0, 0, 0, 0, 0, 0, 0, 0, 0, 2.35807, 0, 0, 13.0185, 0, 0, 0, 0, 0, 0, 0, 0, 12.9414, -1.40196, 300, 0, 0, 0, 0, 0, 0, 0, 0, 0, 0, 0, 0, 0, 0, 0, 0, 0, 0, 0, 0, 0.014, 3.066, 0, 0, 0, 0, 0, 0, 0, 0, 0
1.0025, 0, 0, 0, 0, 0, 0, 0, 0, 0, 2.35807, 0, 0, 13.1673, 0, 0, 0, 0, 0, 0, 0, 0, 13.0869, -1.43317, 300, 0, 0, 0, 0, 0, 0, 0, 0, 0, 0, 0, 0, 0, 0, 0, 0, 0, 0, 0, 0, 0.014, 3.066, 0, 0, 0, 0, 0, 0, 0, 0, 0
1.125, 0, 0, 0, 0, 0, 0, 0, 0, 0, 2.35788, 0, 0, 21.0603, 0, 0, 0, 0, 0, 0, 0, 0, 20.9363, -2.26172, 300, 0, 0, 0, 0, 0, 0, 0, 0, 0, 0, 0, 0, 0, 0, 0, 0, 0, 0, 0, 0, 0.014, 3.066, 0, 0, 0, 0, 0, 0, 0, 0, 0
1.1275, 0, 0, 0, 0, 0, 0, 0, 0, 0, 2.35788, 0, 0, 21.3004, 0, 0, 0, 0, 0, 0, 0, 0, 21.1712, -2.31165, 300, 0, 0, 0, 0, 0, 0, 0, 0, 0, 0, 0, 0, 0, 0, 0, 0, 0, 0, 0, 0, 0.014, 3.066, 0, 0, 0, 0, 0, 0, 0, 0, 0
1.25, 0, 0, 0, 0, 0, 0, 0, 0, 0, 2.35758, 0, 0, 34.0253, 0, 0, 0, 0, 0, 0, 0, 0, 33.8272, -3.63374, 300, 0, 0, 0, 0, 0, 0, 0, 0, 0, 0, 0, 0, 0, 0, 0, 0, 0, 0, 0, 0, 0.014, 3.066, 0, 0, 0, 0, 0, 0, 0, 0, 0
1.2525, 0, 0, 0, 0, 0, 0, 0, 0, 0, 2.35757, 0, 0, 34.411, 0, 0, 0, 0, 0, 0, 0, 0, 34.2048, -3.71232, 300, 0, 0, 0, 0, 0, 0, 0, 0, 0, 0, 0, 0, 0, 0, 0, 0, 0, 0, 0, 0, 0.014, 3.066, 0, 0, 0, 0, 0, 0, 0, 0, 0
1.375, 0, 0, 0, 0, 0, 0, 0, 0, 0, 2.35709, 0, 0, 54.821, 0, 0, 0, 0, 0, 0, 0, 0, 54.5097, -5.78174, 300, 0, 0, 0, 0, 0, 0, 0, 0, 0, 0, 0, 0, 0, 0, 0, 0, 0, 0, 0, 0, 0.014, 3.066, 0, 0, 0, 0, 0, 0, 0, 0, 0
1.3775, 0, 0, 0, 0, 0, 0, 0, 0, 0, 2.35708, 0, 0, 55.4346, 0, 0, 0, 0, 0, 0, 0, 0, 55.1117, -5.90085, 300, 0, 0, 0, 0, 0, 0, 0, 0, 0, 0, 0, 0, 0, 0, 0, 0, 0, 0, 0, 0, 0.014, 3.066, 0, 0, 0, 0, 0, 0, 0, 0, 0
1.5, 0, 0, 0, 0, 0, 0, 0, 0, 0, 2.35631, 0, 0, 87.782, 0, 0, 0, 0, 0, 0, 0, 0, 87.311, -8.99895, 300, 0, 0, 0, 0, 0, 0, 0, 0, 0, 0, 0, 0, 0, 0, 0, 0, 0, 0, 0, 0, 0.014, 3.066, 0, 0, 0, 0, 0, 0, 0, 0, 0
1.5025, 0, 0, 0, 0, 0, 0, 0, 0, 0, 2.35628, 0, 0, 88.7364, 0, 0, 0, 0, 0, 0, 0, 0, 88.2513, -9.16397, 300, 0, 0, 0, 0, 0, 0, 0, 0, 0, 0, 0, 0, 0, 0, 0, 0, 0, 0, 0, 0, 0.014, 3.066, 0, 0, 0, 0, 0, 0, 0, 0, 0
1.625, 0, 0, 0, 0, 0, 0, 0, 0, 0, 2.35505, 0, 0, 138.627, 0, 0, 0, 0, 0, 0, 0, 0, 137.972, -13.3349, 300, 0, 0, 0, 0, 0, 0, 0, 0, 0, 0, 0, 0, 0, 0, 0, 0, 0, 0, 0, 0, 0.014, 3.066, 0, 0, 0, 0, 0, 0, 0, 0, 0
1.6275, 0, 0, 0, 0, 0, 0, 0, 0, 0, 2.35501, 0, 0, 140.037, 0, 0, 0, 0, 0, 0, 0, 0, 139.372, -13.5152, 300, 0, 0, 0, 0, 0, 0, 0, 0, 0, 0, 0, 0, 0, 0, 0, 0, 0, 0, 0, 0, 0.014, 3.066, 0, 0, 0, 0, 0, 0, 0, 0, 0
1.75, 0, 0, 0, 0, 0, 0, 0, 0, 0, 2.35308, 0, 0, 212.418, 0, 0, 0, 0, 0, 0, 0, 0, 211.662, -17.7301, 300, 0, 0, 0, 0, 0, 0, 0, 0, 0, 0, 0, 0, 0, 0, 0, 0, 0, 0, 0, 0, 0.014, 3.066, 0, 0, 0, 0, 0, 0, 0, 0, 0
1.7525, 0, 0, 0, 0, 0, 0, 0, 0, 0, 2.35302, 0, 0, 214.269, 0, 0, 0, 0, 0, 0, 0, 0, 213.523, -17.7965, 300, 0, 0, 0, 0, 0, 0, 0, 0, 0, 0, 0, 0, 0, 0, 0, 0, 0, 0, 0, 0, 0.014, 3.066, 0, 0, 0, 0, 0, 0, 0, 0, 0
1.875, 0, 0, 0, 0, 0, 0, 0, 0, 0, 2.35008, 0, 0, 305.688, 0, 0, 0, 0, 0, 0, 0, 0, 305.117, -18.4598, 300, 0, 0, 0, 0, 0, 0, 0, 0, 0, 0, 0, 0, 0, 0, 0, 0, 0, 0, 0, 0, 0.014, 3.066, 0, 0, 0, 0, 0, 0, 0, 0, 0
1.8775, 0, 0, 0, 0, 0, 0, 0, 0, 0, 2.35, 0, 0, 307.504, 0, 0, 0, 0, 0, 0, 0, 0, 306.966, -18.1857, 300, 0, 0, 0, 0, 0, 0, 0, 0, 0, 0, 0, 0, 0, 0, 0, 0, 0, 0, 0, 0, 0.014, 3.066, 0, 0, 0, 0, 0, 0, 0, 0, 0
2, 0, 0, 0, 0, 0, 0, 0, 0, 0, 2.34586, 0, 0, 389.843, 0, 0, 0, 0, 0, 0, 0, 0, 389.705, -10.1773, 300, 0, 0, 0, 0, 0, 0, 0, 0, 0, 0, 0, 0, 0, 0, 0, 0, 0, 0, 0, 0, 0.014, 3.066, 0, 0, 0, 0, 0, 0, 0, 0, 0
2.0025, 0, 0, 0, 0, 0, 0, 0, 0, 0, 2.34576, 0, 0, 390.469, 0, 0, 0, 0, 0, 0, 0, 0, 390.346, -9.70867, 300, 0, 0, 0, 0, 0, 0, 0, 0, 0, 0, 0, 0, 0, 0, 0, 0, 0, 0, 0, 0, 0.014, 3.066, 0, 0, 0, 0, 0, 0, 0, 0, 0
2.125, 0, 0, 0, 0, 0, 0, 0, 0, 0, 2.3407, 0, 0, 411.596, 0, 0, 0, 0, 0, 0, 0, 0, 411.595, 0.888491, 300, 0, 0, 0, 0, 0, 0, 0, 0, 0, 0, 0, 0, 0, 0, 0, 0, 0, 0, 0, 0, 0.014, 3.066, 0, 0, 0, 0, 0, 0, 0, 0, 0
2.1275, 0, 0, 0, 0, 0, 0, 0, 0, 0, 2.3406, 0, 0, 411.354, 0, 0, 0, 0, 0, 0, 0, 0, 411.353, 0.86754, 300, 0, 0, 0, 0, 0, 0, 0, 0, 0, 0, 0, 0, 0, 0, 0, 0, 0, 0, 0, 0, 0.014, 3.066, 0, 0, 0, 0, 0, 0, 0, 0, 0
2.25, 0, 0, 0, 0, 0, 0, 0, 0, 0, 2.33557, 0, 0, 403.312, 0, 0, 0, 0, 0, 0, 0, 0, 403.309, -1.59362, 300, 0, 0, 0, 0, 0, 0, 0, 0, 0, 0, 0, 0, 0, 0, 0, 0, 0, 0, 0, 0, 0.014, 3.066, 0, 0, 0, 0, 0, 0, 0, 0, 0
2.2525, 0, 0, 0, 0, 0, 0, 0, 0, 0, 2.33547, 0, 0, 403.579, 0, 0, 0, 0, 0, 0, 0, 0, 403.563, -2.02492, 300, 0, 0, 0, 0, 0, 0, 0, 0, 0, 0, 0, 0, 0, 0, 0, 0, 0, 0, 0, 0, 0.014, 3.066, 0, 0, 0, 0, 0, 0, 0, 0, 0
2.375, 0, 0, 0, 0, 0, 0, 0, 0, 0, 2.33055, 0, 0, 427.463, 0, 0, 0, 0, 0, 0, 0, 0, 427.239, -13.7756, 300, 0, 0, 0, 0, 0, 0, 0, 0, 0, 0, 0, 0, 0, 0, 0, 0, 0, 0, 0, 0, 0.014, 3.066, 0, 0, 0, 0, 0, 0, 0, 0, 0
2.3775, 0, 0, 0, 0, 0, 0, 0, 0, 0, 2.33044, 0, 0, 429.104, 0, 0, 0, 0, 0, 0, 0, 0, 428.833, -14.4099, 300, 0, 0, 0, 0, 0, 0, 0, 0, 0, 0, 0, 0, 0, 0, 0, 0, 0, 0, 0, 0, 0.014, 3.066, 0, 0, 0, 0, 0, 0, 0, 0, 0
2.5, 0, 0, 0, 0, 0, 0, 0, 0, 0, 2.325, 0, 0, 521.834, 0, 0, 0, 0, 0, 0, 0, 0, 520.94, -30.3054, 300, 0, 0, 0, 0, 0, 0, 0, 0, 0, 0, 0, 0, 0, 0, 0, 0, 0, 0, 0, 0, 0.014, 3.066, 0, 0, 0, 0, 0, 0, 0, 0, 0
2.5025, 0, 0, 0, 0, 0, 0, 0, 0, 0, 2.32486, 0, 0, 525.207, 0, 0, 0, 0, 0, 0, 0, 0, 524.261, -30.9357, 300, 0, 0, 0, 0, 0, 0, 0, 0, 0, 0, 0, 0, 0, 0, 0, 0, 0, 0, 0, 0, 0.014, 3.066, 0, 0, 0, 0, 0, 0, 0, 0, 0
2.625, 0, 0, 0, 0, 0, 0, 0, 0, 0, 2.31796, 0, 0, 700.946, 0, 0, 0, 0, 0, 0, 0, 0, 699.446, -45.3956, 300, 0, 0, 0, 0, 0, 0, 0, 0, 0, 0, 0, 0, 0, 0, 0, 0, 0, 0, 0, 0, 0.014, 3.066, 0, 0, 0, 0, 0, 0, 0, 0, 0
2.6275, 0, 0, 0, 0, 0, 0, 0, 0, 0, 2.31776, 0, 0, 705.8, 0, 0, 0, 0, 0, 0, 0, 0, 704.313, -45.5615, 300, 0, 0, 0, 0, 0, 0, 0, 0, 0, 0, 0, 0, 0, 0, 0, 0, 0, 0, 0, 0, 0.014, 3.066, 0, 0, 0, 0, 0, 0, 0, 0, 0
2.75, 0, 0, 0, 0, 0, 0, 0, 0, 0, 2.30833, 0, 0, 943.597, 0, 0, 0, 0, 0, 0, 0, 0, 942.446, -46.0187, 300, 0, 0, 0, 0, 0, 0, 0, 0, 0, 0, 0, 0, 0, 0, 0, 0, 0, 0, 0, 0, 0.014, 3.066, 0, 0, 0, 0, 0, 0, 0, 0, 0
2.7525, 0, 0, 0, 0, 0, 0, 0, 0, 0, 2.30807, 0, 0, 948.135, 0, 0, 0, 0, 0, 0, 0, 0, 947.067, -44.9441, 300, 0, 0, 0, 0, 0, 0, 0, 0, 0, 0, 0, 0, 0, 0, 0, 0, 0, 0, 0, 0, 0.014, 3.066, 0, 0, 0, 0, 0, 0, 0, 0, 0
2.875, 0, 0, 0, 0, 0, 0, 0, 0, 0, 2.2955, 0, 0, 1143.36, 0, 0, 0, 0, 0, 0, 0, 0, 1143.28, -13.6488, 300, 0, 0, 0, 0, 0, 0, 0, 0, 0, 0, 0, 0, 0, 0, 0, 0, 0, 0, 0, 0, 0.014, 3.066, 0, 0, 0, 0, 0, 0, 0, 0, 0
2.8775, 0, 0, 0, 0, 0, 0, 0, 0, 0, 2.2952, 0, 0, 1143.5, 0, 0, 0, 0, 0, 0, 0, 0, 1143.4, -11.7005, 300, 0, 0, 0, 0, 0, 0, 0, 0, 0, 0, 0, 0, 0, 0, 0, 0, 0, 0, 0, 0, 0.014, 3.066, 0, 0, 0, 0, 0, 0, 0, 0, 0
3, 0, 0, 0, 0, 0, 0, 0, 0, 0, 2.28062, 0, 0, 1106.57, 0, 0, 0, 0, 0, 0, 0, 0, 1106.03, 34.4607, 300, 0, 0, 0, 0, 0, 0, 0, 0, 0, 0, 0, 0, 0, 0, 0, 0, 0, 0, 0, 0, 0.014, 3.066, 0, 0, 0, 0, 0, 0, 0, 0, 0
3.0025, 0, 0, 0, 0, 0, 0, 0, 0, 0, 2.28035, 0, 0, 1102.52, 0, 0, 0, 0, 0, 0, 0, 0, 1101.91, 35.1758, 300, 0, 0, 0, 0, 0, 0, 0, 0, 0, 0, 0, 0, 0, 0, 0, 0, 0, 0, 0, 0, 0.014, 3.066, 0, 0, 0, 0, 0, 0, 0, 0, 0
3.125, 0, 0, 0, 0, 0, 0, 0, 0, 0, 2.26739, 0, 0, 895.498, 0, 0, 0, 0, 0, 0, 0, 0, 894.207, 47.6977, 300, 0, 0, 0, 0, 0, 0, 0, 0, 0, 0, 0, 0, 0, 0, 0, 0, 0, 0, 0, 0, 0.014, 3.066, 0, 0, 0, 0, 0, 0, 0, 0, 0
3.1275, 0, 0, 0, 0, 0, 0, 0, 0, 0, 2.26718, 0, 0, 890.775, 0, 0, 0, 0, 0, 0, 0, 0, 889.491, 47.3827, 300, 0, 0, 0, 0, 0, 0, 0, 0, 0, 0, 0, 0, 0, 0, 0, 0, 0, 0, 0, 0, 0.014, 3.066, 0, 0, 0, 0, 0, 0, 0, 0, 0
3.25, 0, 0, 0, 0, 0, 0, 0, 0, 0, 2.25723, 0, 0, 671.785, 0, 0, 0, 0, 0, 0, 0, 0, 670.742, 37.0256, 300, 0, 0, 0, 0, 0, 0, 0, 0, 0, 0, 0, 0, 0, 0, 0, 0, 0, 0, 0, 0, 0.014, 3.066, 0, 0, 0, 0, 0, 0, 0, 0, 0
3.2525, 0, 0, 0, 0, 0, 0, 0, 0, 0, 2.25708, 0, 0, 668.365, 0, 0, 0, 0, 0, 0, 0, 0, 667.372, 36.3431, 300, 0, 0, 0, 0, 0, 0, 0, 0, 0, 0, 0, 0, 0, 0, 0, 0, 0, 0, 0, 0, 0.014, 3.066, 0, 0, 0, 0, 0, 0, 0, 0, 0
3.375, 0, 0, 0, 0, 0, 0, 0, 0, 0, 2.2497, 0, 0, 518.347, 0, 0, 0, 0, 0, 0, 0, 0, 517.992, 18.9073, 300, 0, 0, 0, 0, 0, 0, 0, 0, 0, 0, 0, 0, 0, 0, 0, 0, 0, 0, 0, 0, 0.014, 3.066, 0, 0, 0, 0, 0, 0, 0, 0, 0
3.3775, 0, 0, 0, 0, 0, 0, 0, 0, 0, 2.24958, 0, 0, 516.774, 0, 0, 0, 0, 0, 0, 0, 0, 516.453, 18.1521, 300, 0, 0, 0, 0, 0, 0, 0, 0, 0, 0, 0, 0, 0, 0, 0, 0, 0, 0, 0, 0, 0.014, 3.066, 0, 0, 0, 0, 0, 0, 0, 0, 0
3.5, 0, 0, 0, 0, 0, 0, 0, 0, 0, 2.24371, 0, 0, 456.797, 0, 0, 0, 0, 0, 0, 0, 0, 456.796, -0.570942, 300, 0, 0, 0, 0, 0, 0, 0, 0, 0, 0, 0, 0, 0, 0, 0, 0, 0, 0, 0, 0, 0.014, 3.066, 0, 0, 0, 0, 0, 0, 0, 0, 0
3.5025, 0, 0, 0, 0, 0, 0, 0, 0, 0, 2.2436, 0, 0, 457.189, 0, 0, 0, 0, 0, 0, 0, 0, 457.161, -1.38908, 300, 0, 0, 0, 0, 0, 0, 0, 0, 0, 0, 0, 0, 0, 0, 0, 0, 0, 0, 0, 0, 0.014, 3.066, 0, 0, 0, 0, 0, 0, 0, 0, 0
3.625, 0, 0, 0, 0, 0, 0, 0, 0, 0, 2.2381, 0, 0, 492.736, 0, 0, 0, 0, 0, 0, 0, 0, 492.242, -21.9594, 300, 0, 0, 0, 0, 0, 0, 0, 0, 0, 0, 0, 0, 0, 0, 0, 0, 0, 0, 0, 0, 0.014, 3.066, 0, 0, 0, 0, 0, 0, 0, 0, 0
3.6275, 0, 0, 0, 0, 0, 0, 0, 0, 0, 2.23797, 0, 0, 495.313, 0, 0, 0, 0, 0, 0, 0, 0, 494.723, -22.9658, 300, 0, 0, 0, 0, 0, 0, 0, 0, 0, 0, 0, 0, 0, 0, 0, 0, 0, 0, 0, 0, 0.014, 3.066, 0, 0, 0, 0, 0, 0, 0, 0, 0
3.75, 0, 0, 0, 0, 0, 0, 0, 0, 0, 2.23161, 0, 0, 640.152, 0, 0, 0, 0, 0, 0, 0, 0, 638.257, -48.8613, 300, 0, 0, 0, 0, 0, 0, 0, 0, 0, 0, 0, 0, 0, 0, 0, 0, 0, 0, 0, 0, 0.014, 3.066, 0, 0, 0, 0, 0, 0, 0, 0, 0
3.7525, 0, 0, 0, 0, 0, 0, 0, 0, 0, 2.23144, 0, 0, 645.51, 0, 0, 0, 0, 0, 0, 0, 0, 643.456, -50.2642, 300, 0, 0, 0, 0, 0, 0, 0, 0, 0, 0, 0, 0, 0, 0, 0, 0, 0, 0, 0, 0, 0.014, 3.066, 0, 0, 0, 0, 0, 0, 0, 0, 0
3.875, 0, 0, 0, 0, 0, 0, 0, 0, 0, 2.22279, 0, 0, 933.832, 0, 0, 0, 0, 0, 0, 0, 0, 929.709, -86.9347, 300, 0, 0, 0, 0, 0, 0, 0, 0, 0, 0, 0, 0, 0, 0, 0, 0, 0, 0, 0, 0, 0.014, 3.066, 0, 0, 0, 0, 0, 0, 0, 0, 0
3.8775, 0, 0, 0, 0, 0, 0, 0, 0, 0, 2.22254, 0, 0, 943.169, 0, 0, 0, 0, 0, 0, 0, 0, 938.813, -89.0351, 300, 0, 0, 0, 0, 0, 0, 0, 0, 0, 0, 0, 0, 0, 0, 0, 0, 0, 0, 0, 0, 0.014, 3.066, 0, 0, 0, 0, 0, 0, 0, 0, 0
4, 0, 0, 0, 0, 0, 0, 0, 0, 0, 2.20963, 0, 0, 1440.06, 0, 0, 0, 0, 0, 0, 0, 0, 1432.68, -144.302, 300, 0, 0, 0, 0, 0, 0, 0, 0, 0, 0, 0, 0, 0, 0, 0, 0, 0, 0, 0, 0, 0.014, 3.066, 0, 0, 0, 0, 0, 0, 0, 0, 0
4.0025, 0, 0, 0, 0, 0, 0, 0, 0, 0, 2.20923, 0, 0, 1455.43, 0, 0, 0, 0, 0, 0, 0, 0, 1447.72, -147.525, 300, 0, 0, 0, 0, 0, 0, 0, 0, 0, 0, 0, 0, 0, 0, 0, 0, 0, 0, 0, 0, 0.014, 3.066, 0, 0, 0, 0, 0, 0, 0, 0, 0
4.125, 0, 0, 0, 0, 0, 0, 0, 0, 0, 2.18913, 0, 0, 2270.15, 0, 0, 0, 0, 0, 0, 0, 0, 2258.02, -232.285, 300, 0, 0, 0, 0, 0, 0, 0, 0, 0, 0, 0, 0, 0, 0, 0, 0, 0, 0, 0, 0, 0.014, 3.066, 0, 0, 0, 0, 0, 0, 0, 0, 0
4.1275, 0, 0, 0, 0, 0, 0, 0, 0, 0, 2.18849, 0, 0, 2294.82, 0, 0, 0, 0, 0, 0, 0, 0, 2282.21, -237.171, 300, 0, 0, 0, 0, 0, 0, 0, 0, 0, 0, 0, 0, 0, 0, 0, 0, 0, 0, 0, 0, 0.014, 3.066, 0, 0, 0, 0, 0, 0, 0, 0, 0
4.25, 0, 0, 0, 0, 0, 0, 0, 0, 0, 2.1567, 0, 0, 3597.11, 0, 0, 0, 0, 0, 0, 0, 0, 3578.23, -364.783, 300, 0, 0, 0, 0, 0, 0, 0, 0, 0, 0, 0, 0, 0, 0, 0, 0, 0, 0, 0, 0, 0.014, 3.066, 0, 0, 0, 0, 0, 0, 0, 0, 0
4.2525, 0, 0, 0, 0, 0, 0, 0, 0, 0, 2.15569, 0, 0, 3635.79, 0, 0, 0, 0, 0, 0, 0, 0, 3616.27, -371.796, 300, 0, 0, 0, 0, 0, 0, 0, 0, 0, 0, 0, 0, 0, 0, 0, 0, 0, 0, 0, 0, 0.014, 3.066, 0, 0, 0, 0, 0, 0, 0, 0, 0
4.375, 0, 0, 0, 0, 0, 0, 0, 0, 0, 2.10531, 0, 0, 5664.47, 0, 0, 0, 0, 0, 0, 0, 0, 5637.05, -551.591, 300, 0, 0, 0, 0, 0, 0, 0, 0, 0, 0, 0, 0, 0, 0, 0, 0, 0, 0, 0, 0, 0.014, 3.066, 0, 0, 0, 0, 0, 0, 0, 0, 0
4.3775, 0, 0, 0, 0, 0, 0, 0, 0, 0, 2.10372, 0, 0, 5722.81, 0, 0, 0, 0, 0, 0, 0, 0, 5694.77, -560.309, 300, 0, 0, 0, 0, 0, 0, 0, 0, 0, 0, 0, 0, 0, 0, 0, 0, 0, 0, 0, 0, 0.014, 3.066, 0, 0, 0, 0, 0, 0, 0, 0, 0
4.5, 0, 0, 0, 0, 0, 0, 0, 0, 0, 2.02462, 0, 0, 8744.39, 0, 0, 0, 0, 0, 0, 0, 0, 8709.41, -773.869, 300, 0, 0, 0, 0, 0, 0, 0, 0, 0, 0, 0, 0, 0, 0, 0, 0, 0, 0, 0, 0, 0.014, 3.066, 0, 0, 0, 0, 0, 0, 0, 0, 0
4.5025, 0, 0, 0, 0, 0, 0, 0, 0, 0, 2.02217, 0, 0, 8825.66, 0, 0, 0, 0, 0, 0, 0, 0, 8790.6, -780.871, 300, 0, 0, 0, 0, 0, 0, 0, 0, 0, 0, 0, 0, 0, 0, 0, 0, 0, 0, 0, 0, 0.014, 3.066, 0, 0, 0, 0, 0, 0, 0, 0, 0
4.625, 0, 0, 0, 0, 0, 0, 0, 0, 0, 1.90091, 0, 0, 12927, 0, 0, 0, 0, 0, 0, 0, 0, 12893.1, -925.763, 300, 0, 0, 0, 0, 0, 0, 0, 0, 0, 0, 0, 0, 0, 0, 0, 0, 0, 0, 0, 0, 0.014, 3.066, 0, 0, 0, 0, 0, 0, 0, 0, 0
4.6275, 0, 0, 0, 0, 0, 0, 0, 0, 0, 1.89731, 0, 0, 13021.9, 0, 0, 0, 0, 0, 0, 0, 0, 12989.1, -921.777, 300, 0, 0, 0, 0, 0, 0, 0, 0, 0, 0, 0, 0, 0, 0, 0, 0, 0, 0, 0, 0, 0.014, 3.066, 0, 0, 0, 0, 0, 0, 0, 0, 0
4.75, 0, 0, 0, 0, 0, 0, 0, 0, 0, 1.7207, 0, 0, 17547.1, 0, 0, 0, 0, 0, 0, 0, 0, 17530.4, -753.545, 300, 0, 0, 0, 0, 0, 0, 0, 0, 0, 0, 0, 0, 0, 0, 0, 0, 0, 0, 0, 0, 0.014, 3.066, 0, 0, 0, 0, 0, 0, 0, 0, 0
4.7525, 0, 0, 0, 0, 0, 0, 0, 0, 0, 1.7159, 0, 0, 17616.2, 0, 0, 0, 0, 0, 0, 0, 0, 17601, -727.746, 300, 0, 0, 0, 0, 0, 0, 0, 0, 0, 0, 0, 0, 0, 0, 0, 0, 0, 0, 0, 0, 0.014, 3.066, 0, 0, 0, 0, 0, 0, 0, 0, 0
4.875, 0, 0, 0, 0, 0, 0, 0, 0, 0, 1.48318, 0, 0, 20395.6, 0, 0, 0, 0, 0, 0, 0, 0, 20395.5, -24.5681, 300, 0, 0, 0, 0, 0, 0, 0, 0, 0, 0, 0, 0, 0, 0, 0, 0, 0, 0, 0, 0, 0.014, 3.066, 0, 0, 0, 0, 0, 0, 0, 0, 0
4.8775, 0, 0, 0, 0, 0, 0, 0, 0, 0, 1.47785, 0, 0, 20375.5, 0, 0, 0, 0, 0, 0, 0, 0, 20374.5, 10.121, 300, 0, 0, 0, 0, 0, 0, 0, 0, 0, 0, 0, 0, 0, 0, 0, 0, 0, 0, 0, 0, 0.014, 3.066, 0, 0, 0, 0, 0, 0, 0, 0, 0
5, 0, 0, 0, 0, 0, 0, 0, 0, 0, 1.22209, 0, 0, 18632.7, 0, 0, 0, 0, 0, 0, 0, 0, 18614.8, 811.04, 300, 0, 0, 0, 0, 0, 0, 0, 0, 0, 0, 0, 0, 0, 0, 0, 0, 0, 0, 0, 0, 0.014, 3.066, 0, 0, 0, 0, 0, 0, 0, 0, 0
5.0025, 0, 0, 0, 0, 0, 0, 0, 0, 0, 1.21771, 0, 0, 18543.3, 0, 0, 0, 0, 0, 0, 0, 0, 18524.1, 820.73, 300, 0, 0, 0, 0, 0, 0, 0, 0, 0, 0, 0, 0, 0, 0, 0, 0, 0, 0, 0, 0, 0.014, 3.066, 0, 0, 0, 0, 0, 0, 0, 0, 0
5.125, 0, 0, 0, 0, 0, 0, 0, 0, 0, 1.00459, 0, 0, 14082, 0, 0, 0, 0, 0, 0, 0, 0, 14048, 970.452, 300, 0, 0, 0, 0, 0, 0, 0, 0, 0, 0, 0, 0, 0, 0, 0, 0, 0, 0, 0, 0, 0.014, 3.066, 0, 0, 0, 0, 0, 0, 0, 0, 0
5.1275, 0, 0, 0, 0, 0, 0, 0, 0, 0, 1.00151, 0, 0, 13987.6, 0, 0, 0, 0, 0, 0, 0, 0, 13953.5, 964.321, 300, 0, 0, 0, 0, 0, 0, 0, 0, 0, 0, 0, 0, 0, 0, 0, 0, 0, 0, 0, 0, 0.014, 3.066, 0, 0, 0, 0, 0, 0, 0, 0, 0
5.25, 0, 0, 0, 0, 0, 0, 0, 0, 0, 0.849863, 0, 0, 9567.83, 0, 0, 0, 0, 0, 0, 0, 0, 9535.39, 779.987, 300, 0, 0, 0, 0, 0, 0, 0, 0, 0, 0, 0, 0, 0, 0, 0, 0, 0, 0, 0, 0, 0.014, 3.066, 0, 0, 0, 0, 0, 0, 0, 0, 0
5.2525, 0, 0, 0, 0, 0, 0, 0, 0, 0, 0.847851, 0, 0, 9495.22, 0, 0, 0, 0, 0, 0, 0, 0, 9463.37, 770.545, 300, 0, 0, 0, 0, 0, 0, 0, 0, 0, 0, 0, 0, 0, 0, 0, 0, 0, 0, 0, 0, 0.014, 3.066, 0, 0, 0, 0, 0, 0, 0, 0, 0
5.375, 0, 0, 0, 0, 0, 0, 0, 0, 0, 0.748075, 0, 0, 6162.83, 0, 0, 0, 0, 0, 0, 0, 0, 6138.75, 538.951, 300, 0, 0, 0, 0, 0, 0, 0, 0, 0, 0, 0, 0, 0, 0, 0, 0, 0, 0, 0, 0, 0.014, 3.066, 0, 0, 0, 0, 0, 0, 0, 0, 0
5.3775, 0, 0, 0, 0, 0, 0, 0, 0, 0, 0.746805, 0, 0, 6113.61, 0, 0, 0, 0, 0, 0, 0, 0, 6090.14, 531.141, 300, 0, 0, 0, 0, 0, 0, 0, 0, 0, 0, 0, 0, 0, 0, 0, 0, 0, 0, 0, 0, 0.014, 3.066, 0, 0, 0, 0, 0, 0, 0, 0, 0
5.5, 0, 0, 0, 0, 0, 0, 0, 0, 0, 0.683536, 0, 0, 3870.85, 0, 0, 0, 0, 0, 0, 0, 0, 3854.77, 348.932, 300, 0, 0, 0, 0, 0, 0, 0, 0, 0, 0, 0, 0, 0, 0, 0, 0, 0, 0, 0, 0, 0.014, 3.066, 0, 0, 0, 0, 0, 0, 0, 0, 0
5.5025, 0, 0, 0, 0, 0, 0, 0, 0, 0, 0.682745, 0, 0, 3839.24, 0, 0, 0, 0, 0, 0, 0, 0, 3823.63, 343.513, 300, 0, 0, 0, 0, 0, 0, 0, 0, 0, 0, 0, 0, 0, 0, 0, 0, 0, 0, 0, 0, 0.014, 3.066, 0, 0, 0, 0, 0, 0, 0, 0, 0
5.625, 0, 0, 0, 0, 0, 0, 0, 0, 0, 0.643292, 0, 0, 2403.63, 0, 0, 0, 0, 0, 0, 0, 0, 2393.38, 219.541, 300, 0, 0, 0, 0, 0, 0, 0, 0, 0, 0, 0, 0, 0, 0, 0, 0, 0, 0, 0, 0, 0.014, 3.066, 0, 0, 0, 0, 0, 0, 0, 0, 0
5.6275, 0, 0, 0, 0, 0, 0, 0, 0, 0, 0.642803, 0, 0, 2383.82, 0, 0, 0, 0, 0, 0, 0, 0, 2373.88, 216.032, 300, 0, 0, 0, 0, 0, 0, 0, 0, 0, 0, 0, 0, 0, 0, 0, 0, 0, 0, 0, 0, 0.014, 3.066, 0, 0, 0, 0, 0, 0, 0, 0, 0
5.75, 0, 0, 0, 0, 0, 0, 0, 0, 0, 0.618383, 0, 0, 1485, 0, 0, 0, 0, 0, 0, 0, 0, 1478.59, 136.421, 300, 0, 0, 0, 0, 0, 0, 0, 0, 0, 0, 0, 0, 0, 0, 0, 0, 0, 0, 0, 0, 0.014, 3.066, 0, 0, 0, 0, 0, 0, 0, 0, 0
5.7525, 0, 0, 0, 0, 0, 0, 0, 0, 0, 0.618081, 0, 0, 1472.71, 0, 0, 0, 0, 0, 0, 0, 0, 1466.5, 134.214, 300, 0, 0, 0, 0, 0, 0, 0, 0, 0, 0, 0, 0, 0, 0, 0, 0, 0, 0, 0, 0, 0.014, 3.066, 0, 0, 0, 0, 0, 0, 0, 0, 0
5.875, 0, 0, 0, 0, 0, 0, 0, 0, 0, 0.603016, 0, 0, 915.368, 0, 0, 0, 0, 0, 0, 0, 0, 911.394, 84.3239, 300, 0, 0, 0, 0, 0, 0, 0, 0, 0, 0, 0, 0, 0, 0, 0, 0, 0, 0, 0, 0, 0.014, 3.066, 0, 0, 0, 0, 0, 0, 0, 0, 0
5.8775, 0, 0, 0, 0, 0, 0, 0, 0, 0, 0.60283, 0, 0, 907.776, 0, 0, 0, 0, 0, 0, 0, 0, 903.927, 82.9531, 300, 0, 0, 0, 0, 0, 0, 0, 0, 0, 0, 0, 0, 0, 0, 0, 0, 0, 0, 0, 0, 0.014, 3.066, 0, 0, 0, 0, 0, 0, 0, 0, 0
6, 0, 0, 0, 0, 0, 0, 0, 0, 0, 0.59355, 0, 0, 563.564, 0, 0, 0, 0, 0, 0, 0, 0, 561.108, 52.0177, 300, 0, 0, 0, 0, 0, 0, 0, 0, 0, 0, 0, 0, 0, 0, 0, 0, 0, 0, 0, 0, 0.014, 3.066, 0, 0, 0, 0, 0, 0, 0, 0, 0
6.0025, 0, 0, 0, 0, 0, 0, 0, 0, 0, 0.593435, 0, 0, 558.882, 0, 0, 0, 0, 0, 0, 0, 0, 556.503, 51.1712, 300, 0, 0, 0, 0, 0, 0, 0, 0, 0, 0, 0, 0, 0, 0, 0, 0, 0, 0, 0, 0, 0.014, 3.066, 0, 0, 0, 0, 0, 0, 0, 0, 0
6.125, 0, 0, 0, 0, 0, 0, 0, 0, 0, 0.587724, 0, 0, 346.588, 0, 0, 0, 0, 0, 0, 0, 0, 345.069, 32.0839, 300, 0, 0, 0, 0, 0, 0, 0, 0, 0, 0, 0, 0, 0, 0, 0, 0, 0, 0, 0, 0, 0.014, 3.066, 0, 0, 0, 0, 0, 0, 0, 0, 0
6.1275, 0, 0, 0, 0, 0, 0, 0, 0, 0, 0.587654, 0, 0, 343.7, 0, 0, 0, 0, 0, 0, 0, 0, 342.228, 31.563, 300, 0, 0, 0, 0, 0, 0, 0, 0, 0, 0, 0, 0, 0, 0, 0, 0, 0, 0, 0, 0, 0.014, 3.066, 0, 0, 0, 0, 0, 0, 0, 0, 0
6.25, 0, 0, 0, 0, 0, 0, 0, 0, 0, 0.584144, 0, 0, 212.719, 0, 0, 0, 0, 0, 0, 0, 0, 211.774, 19.8244, 300, 0, 0, 0, 0, 0, 0, 0, 0, 0, 0, 0, 0, 0, 0, 0, 0, 0, 0, 0, 0, 0.014, 3.066, 0, 0, 0, 0, 0, 0, 0, 0, 0
6.2525, 0, 0, 0, 0, 0, 0, 0, 0, 0, 0.584101, 0, 0, 210.934, 0, 0, 0, 0, 0, 0, 0, 0, 210.018, 19.5052, 300, 0, 0, 0, 0, 0, 0, 0, 0, 0, 0, 0, 0, 0, 0, 0, 0, 0, 0, 0, 0, 0.014, 3.066, 0, 0, 0, 0, 0, 0, 0, 0, 0
6.375, 0, 0, 0, 0, 0, 0, 0, 0, 0, 0.581949, 0, 0, 129.905, 0, 0, 0, 0, 0, 0, 0, 0, 129.308, 12.3182, 300, 0, 0, 0, 0, 0, 0, 0, 0, 0, 0, 0, 0, 0, 0, 0, 0, 0, 0, 0, 0, 0.014, 3.066, 0, 0, 0, 0, 0, 0, 0, 0, 0
6.3775, 0, 0, 0, 0, 0, 0, 0, 0, 0, 0.581923, 0, 0, 128.796, 0, 0, 0, 0, 0, 0, 0, 0, 128.215, 12.1242, 300, 0, 0, 0, 0, 0, 0, 0, 0, 0, 0, 0, 0, 0, 0, 0, 0, 0, 0, 0, 0, 0.014, 3.066, 0, 0, 0, 0, 0, 0, 0, 0, 0
6.5, 0, 0, 0, 0, 0, 0, 0, 0, 0, 0.580613, 0, 0, 78.2846, 0, 0, 0, 0, 0, 0, 0, 0, 77.8904, 7.7684, 300, 0, 0, 0, 0, 0, 0, 0, 0, 0, 0, 0, 0, 0, 0, 0, 0, 0, 0, 0, 0, 0.014, 3.066, 0, 0, 0, 0, 0, 0, 0, 0, 0
6.5025, 0, 0, 0, 0, 0, 0, 0, 0, 0, 0.580598, 0, 0, 77.5836, 0, 0, 0, 0, 0, 0, 0, 0, 77.1984, 7.6532, 300, 0, 0, 0, 0, 0, 0, 0, 0, 0, 0, 0, 0, 0, 0, 0, 0, 0, 0, 0, 0, 0.014, 3.066, 0, 0, 0, 0, 0, 0, 0, 0, 0
6.625, 0, 0, 0, 0, 0, 0, 0, 0, 0, 0.579816, 0, 0, 45.4691, 0, 0, 0, 0, 0, 0, 0, 0, 45.1786, 5.0839, 300, 0, 0, 0, 0, 0, 0, 0, 0, 0, 0, 0, 0, 0, 0, 0, 0, 0, 0, 0, 0, 0.014, 3.066, 0, 0, 0, 0, 0, 0, 0, 0, 0
6.6275, 0, 0, 0, 0, 0, 0, 0, 0, 0, 0.579807, 0, 0, 45.0098, 0, 0, 0, 0, 0, 0, 0, 0, 44.7213, 5.01983, 300, 0, 0, 0, 0, 0, 0, 0, 0, 0, 0, 0, 0, 0, 0, 0, 0, 0, 0, 0, 0, 0.014, 3.066, 0, 0, 0, 0, 0, 0, 0, 0, 0
6.75, 0, 0, 0, 0, 0, 0, 0, 0, 0, 0.579365, 0, 0, 23.601, 0, 0, 0, 0, 0, 0, 0, 0, 23.3173, 3.62033, 300, 0, 0, 0, 0, 0, 0, 0, 0, 0, 0, 0, 0, 0, 0, 0, 0, 0, 0, 0, 0, 0.014, 3.066, 0, 0, 0, 0, 0, 0, 0, 0, 0
6.7525, 0, 0, 0, 0, 0, 0, 0, 0, 0, 0.579361, 0, 0, 23.2831, 0, 0, 0, 0, 0, 0, 0, 0, 22.9849, 3.592, 300, 0, 0, 0, 0, 0, 0, 0, 0, 0, 0, 0, 0, 0, 0, 0, 0, 0, 0, 0, 0, 0.014, 3.066, 0, 0, 0, 0, 0, 0, 0, 0, 0
6.875, 0, 0, 0, 0, 0, 0, 0, 0, 0, 0.579152, 0, 0, 7.6811, 0, 0, 0, 0, 0, 0, 0, 0, 7.05638, 3.02626, 300, 0, 0, 0, 0, 0, 0, 0, 0, 0, 0, 0, 0, 0, 0, 0, 0, 0, 0, 0, 0, 0.014, 3.066, 0, 0, 0, 0, 0, 0, 0, 0, 0
6.8775, 0, 0, 0, 0, 0, 0, 0, 0, 0, 0.579152, 0, 0, 7.61532, 0, 0, 0, 0, 0, 0, 0, 0, 6.76895, 3.02688, 300, 0, 0, 0, 0, 0, 0, 0, 0, 0, 0, 0, 0, 0, 0, 0, 0, 0, 0, 0, 0, 0.014, 3.066, 0, 0, 0, 0, 0, 0, 0, 0, 0
7, 0, 0, 0, 0, 0, 0, 0, 0, 0, 0.579127, 0, 0, 8.16541, 0, 0, 0, 0, 0, 0, 0, 0, -7.50976, 3.15902, 300, 0, 0, 0, 0, 0, 0, 0, 0, 0, 0, 0, 0, 0, 0, 0, 0, 0, 0, 0, 0, 0.014, 3.066, 0, 0, 0, 0, 0, 0, 0, 0, 0
7.0025, 0, 0, 0, 0, 0, 0, 0, 0, 0, 0.57913, 0, 0, 8.44655, 0, 0, 0, 0, 0, 0, 0, 0, -7.8212, 3.18873, 300, 0, 0, 0, 0, 0, 0, 0, 0, 0, 0, 0, 0, 0, 0, 0, 0, 0, 0, 0, 0, 0.014, 3.066, 0, 0, 0, 0, 0, 0, 0, 0, 0
7.125, 0, 0, 0, 0, 0, 0, 0, 0, 0, 0.579283, 0, 0, 24.2281, 0, 0, 0, 0, 0, 0, 0, 0, -23.8795, 4.05048, 300, 0, 0, 0, 0, 0, 0, 0, 0, 0, 0, 0, 0, 0, 0, 0, 0, 0, 0, 0, 0, 0.014, 3.066, 0, 0, 0, 0, 0, 0, 0, 0, 0
7.1275, 0, 0, 0, 0, 0, 0, 0, 0, 0, 0.57929, 0, 0, 24.6397, 0, 0, 0, 0, 0, 0, 0, 0, -24.2898, 4.11642, 300, 0, 0, 0, 0, 0, 0, 0, 0, 0, 0, 0, 0, 0, 0, 0, 0, 0, 0, 0, 0, 0.014, 3.066, 0, 0, 0, 0, 0, 0, 0, 0, 0
7.25, 0, 0, 0, 0, 0, 0, 0, 0, 0, 0.579657, 0, 0, 46.3705, 0, 0, 0, 0, 0, 0, 0, 0, -45.9844, 5.91463, 300, 0, 0, 0, 0, 0, 0, 0, 0, 0, 0, 0, 0, 0, 0, 0, 0, 0, 0, 0, 0, 0.014, 3.066, 0, 0, 0, 0, 0, 0, 0, 0, 0
7.2525, 0, 0, 0, 0, 0, 0, 0, 0, 0, 0.579671, 0, 0, 46.9887, 0, 0, 0, 0, 0, 0, 0, 0, -46.592, 6.03262, 300, 0, 0, 0, 0, 0, 0, 0, 0, 0, 0, 0, 0, 0, 0, 0, 0, 0, 0, 0, 0, 0.014, 3.066, 0, 0, 0, 0, 0, 0, 0, 0, 0
7.375, 0, 0, 0, 0, 0, 0, 0, 0, 0, 0.58034, 0, 0, 79.675, 0, 0, 0, 0, 0, 0, 0, 0, -79.1323, 9.19871, 300, 0, 0, 0, 0, 0, 0, 0, 0, 0, 0, 0, 0, 0, 0, 0, 0, 0, 0, 0, 0, 0.014, 3.066, 0, 0, 0, 0, 0, 0, 0, 0, 0
7.3775, 0, 0, 0, 0, 0, 0, 0, 0, 0, 0.580363, 0, 0, 80.646, 0, 0, 0, 0, 0, 0, 0, 0, -80.0831, 9.39703, 300, 0, 0, 0, 0, 0, 0, 0, 0, 0, 0, 0, 0, 0, 0, 0, 0, 0, 0, 0, 0, 0.014, 3.066, 0, 0, 0, 0, 0, 0, 0, 0, 0
7.5, 0, 0, 0, 0, 0, 0, 0, 0, 0, 0.581496, 0, 0, 132.115, 0, 0, 0, 0, 0, 0, 0, 0, -131.281, 14.6896, 300, 0, 0, 0, 0, 0, 0, 0, 0, 0, 0, 0, 0, 0, 0, 0, 0, 0, 0, 0, 0, 0.014, 3.066, 0, 0, 0, 0, 0, 0, 0, 0, 0
7.5025, 0, 0, 0, 0, 0, 0, 0, 0, 0, 0.581534, 0, 0, 133.671, 0, 0, 0, 0, 0, 0, 0, 0, -132.803, 15.0156, 300, 0, 0, 0, 0, 0, 0, 0, 0, 0, 0, 0, 0, 0, 0, 0, 0, 0, 0, 0, 0, 0.014, 3.066, 0, 0, 0, 0, 0, 0, 0, 0, 0
7.625, 0, 0, 0, 0, 0, 0, 0, 0, 0, 0.583402, 0, 0, 216.262, 0, 0, 0, 0, 0, 0, 0, 0, -214.937, 23.6988, 300, 0, 0, 0, 0, 0, 0, 0, 0, 0, 0, 0, 0, 0, 0, 0, 0, 0, 0, 0, 0, 0.014, 3.066, 0, 0, 0, 0, 0, 0, 0, 0, 0
7.6275, 0, 0, 0, 0, 0, 0, 0, 0, 0, 0.583463, 0, 0, 218.777, 0, 0, 0, 0, 0, 0, 0, 0, -217.395, 24.23, 300, 0, 0, 0, 0, 0, 0, 0, 0, 0, 0, 0, 0, 0, 0, 0, 0, 0, 0, 0, 0, 0.014, 3.066, 0, 0, 0, 0, 0, 0, 0, 0, 0
7.75, 0, 0, 0, 0, 0, 0, 0, 0, 0, 0.586515, 0, 0, 352.259, 0, 0, 0, 0, 0, 0, 0, 0, -350.126, 38.3618, 300, 0, 0, 0, 0, 0, 0, 0, 0, 0, 0, 0, 0, 0, 0, 0, 0, 0, 0, 0, 0, 0.014, 3.066, 0, 0, 0, 0, 0, 0, 0, 0, 0
7.7525, 0, 0, 0, 0, 0, 0, 0, 0, 0, 0.586614, 0, 0, 356.332, 0, 0, 0, 0, 0, 0, 0, 0, -354.107, 39.2226, 300, 0, 0, 0, 0, 0, 0, 0, 0, 0, 0, 0, 0, 0, 0, 0, 0, 0, 0, 0, 0, 0.014, 3.066, 0, 0, 0, 0, 0, 0, 0, 0, 0
7.875, 0, 0, 0, 0, 0, 0, 0, 0, 0, 0.591581, 0, 0, 572.5, 0, 0, 0, 0, 0, 0, 0, 0, -569.062, 62.092, 300, 0, 0, 0, 0, 0, 0, 0, 0, 0, 0, 0, 0, 0, 0, 0, 0, 0, 0, 0, 0, 0.014, 3.066, 0, 0, 0, 0, 0, 0, 0, 0, 0
7.8775, 0, 0, 0, 0, 0, 0, 0, 0, 0, 0.591743, 0, 0, 579.094, 0, 0, 0, 0, 0, 0, 0, 0, -575.509, 63.4765, 300, 0, 0, 0, 0, 0, 0, 0, 0, 0, 0, 0, 0, 0, 0, 0, 0, 0, 0, 0, 0, 0.014, 3.066, 0, 0, 0, 0, 0, 0, 0, 0, 0
8, 0, 0, 0, 0, 0, 0, 0, 0, 0, 0.599812, 0, 0, 928.851, 0, 0, 0, 0, 0, 0, 0, 0, -923.336, 100.171, 300, 0, 0, 0, 0, 0, 0, 0, 0, 0, 0, 0, 0, 0, 0, 0, 0, 0, 0, 0, 0, 0.014, 3.066, 0, 0, 0, 0, 0, 0, 0, 0, 0
8.0025, 0, 0, 0, 0, 0, 0, 0, 0, 0, 0.600074, 0, 0, 939.491, 0, 0, 0, 0, 0, 0, 0, 0, -933.748, 102.364, 300, 0, 0, 0, 0, 0, 0, 0, 0, 0, 0, 0, 0, 0, 0, 0, 0, 0, 0, 0, 0, 0.014, 3.066, 0, 0, 0, 0, 0, 0, 0, 0, 0
8.125, 0, 0, 0, 0, 0, 0, 0, 0, 0, 0.613159, 0, 0, 1502.94, 0, 0, 0, 0, 0, 0, 0, 0, -1494.22, 160.142, 300, 0, 0, 0, 0, 0, 0, 0, 0, 0, 0, 0, 0, 0, 0, 0, 0, 0, 0, 0, 0, 0.014, 3.066, 0, 0, 0, 0, 0, 0, 0, 0, 0
8.1275, 0, 0, 0, 0, 0, 0, 0, 0, 0, 0.613583, 0, 0, 1519.95, 0, 0, 0, 0, 0, 0, 0, 0, -1510.91, 163.482, 300, 0, 0, 0, 0, 0, 0, 0, 0, 0, 0, 0, 0, 0, 0, 0, 0, 0, 0, 0, 0, 0.014, 3.066, 0, 0, 0, 0, 0, 0, 0, 0, 0
8.25, 0, 0, 0, 0, 0, 0, 0, 0, 0, 0.634737, 0, 0, 2417.41, 0, 0, 0, 0, 0, 0, 0, 0, -2404.18, 250.236, 300, 0, 0, 0, 0, 0, 0, 0, 0, 0, 0, 0, 0, 0, 0, 0, 0, 0, 0, 0, 0, 0.014, 3.066, 0, 0, 0, 0, 0, 0, 0, 0, 0
8.2525, 0, 0, 0, 0, 0, 0, 0, 0, 0, 0.635418, 0, 0, 2444.02, 0, 0, 0, 0, 0, 0, 0, 0, -2430.4, 254.812, 300, 0, 0, 0, 0, 0, 0, 0, 0, 0, 0, 0, 0, 0, 0, 0, 0, 0, 0, 0, 0, 0.014, 3.066, 0, 0, 0, 0, 0, 0, 0, 0, 0
8.375, 0, 0, 0, 0, 0, 0, 0, 0, 0, 0.66937, 0, 0, 3833.5, 0, 0, 0, 0, 0, 0, 0, 0, -3815.42, 368.275, 300, 0, 0, 0, 0, 0, 0, 0, 0, 0, 0, 0, 0, 0, 0, 0, 0, 0, 0, 0, 0, 0.014, 3.066, 0, 0, 0, 0, 0, 0, 0, 0, 0
8.3775, 0, 0, 0, 0, 0, 0, 0, 0, 0, 0.67045, 0, 0, 3872.83, 0, 0, 0, 0, 0, 0, 0, 0, -3854.63, 372.424, 300, 0, 0, 0, 0, 0, 0, 0, 0, 0, 0, 0, 0, 0, 0, 0, 0, 0, 0, 0, 0, 0.014, 3.066, 0, 0, 0, 0, 0, 0, 0, 0, 0
8.5, 0, 0, 0, 0, 0, 0, 0, 0, 0, 0.724006, 0, 0, 5867.66, 0, 0, 0, 0, 0, 0, 0, 0, -5850.05, 448.893, 300, 0, 0, 0, 0, 0, 0, 0, 0, 0, 0, 0, 0, 0, 0, 0, 0, 0, 0, 0, 0, 0.014, 3.066, 0, 0, 0, 0, 0, 0, 0, 0, 0
8.5025, 0, 0, 0, 0, 0, 0, 0, 0, 0, 0.725657, 0, 0, 5917.48, 0, 0, 0, 0, 0, 0, 0, 0, -5900.89, 442.79, 300, 0, 0, 0, 0, 0, 0, 0, 0, 0, 0, 0, 0, 0, 0, 0, 0, 0, 0, 0, 0, 0.014, 3.066, 0, 0, 0, 0, 0, 0, 0, 0, 0
8.625, 0, 0, 0, 0, 0, 0, 0, 0, 0, 0.806478, 0, 0, 8156.57, 0, 0, 0, 0, 0, 0, 0, 0, -8155.51, 112.281, 300, 0, 0, 0, 0, 0, 0, 0, 0, 0, 0, 0, 0, 0, 0, 0, 0, 0, 0, 0, 0, 0.014, 3.066, 0, 0, 0, 0, 0, 0, 0, 0, 0
8.6275, 0, 0, 0, 0, 0, 0, 0, 0, 0, 0.808762, 0, 0, 8197.87, 0, 0, 0, 0, 0, 0, 0, 0, -8190.88, 50.2427, 300, 0, 0, 0, 0, 0, 0, 0, 0, 0, 0, 0, 0, 0, 0, 0, 0, 0, 0, 0, 0, 0.014, 3.066, 0, 0, 0, 0, 0, 0, 0, 0, 0
8.75, 0, 0, 0, 0, 0, 0, 0, 0, 0, 0.915864, 0, 0, 8447.43, 0, 0, 0, 0, 0, 0, 0, 0, -7911.98, -2956.34, 300, 0, 0, 0, 0, 0, 0, 0, 0, 0, 0, 0, 0, 0, 0, 0, 0, 0, 0, 0, 0, 0.014, 3.066, 0, 0, 0, 0, 0, 0, 0, 0, 0
8.7525, 0, 0, 0, 0, 0, 0, 0, 0, 0, 0.918086, 0, 0, 8631.78, 0, 0, 0, 0, 0, 0, 0, 0, -7826.03, -3276.45, 300, 0, 0, 0, 0, 0, 0, 0, 0, 0, 0, 0, 0, 0, 0, 0, 0, 0, 0, 0, 0, 0.014, 3.066, 0, 0, 0, 0, 0, 0, 0, 0, 0
8.875, 0, 0, 0, 0, 0, 0, 0, 0, 0, 0.991469, 0, 0, 33033.8, 0, 0, 0, 0, 0, 0, 0, 0, 10141, -31366.9, 300, 0, 0, 0, 0, 0, 0, 0, 0, 0, 0, 0, 0, 0, 0, 0, 0, 0, 0, 0, 0, 0.014, 3.066, 0, 0, 0, 0, 0, 0, 0, 0, 0
8.8775, 0, 0, 0, 0, 0, 0, 0, 0, 0, 0.990373, 0, 0, 34109.6, 0, 0, 0, 0, 0, 0, 0, 0, 10086, -32449.4, 300, 0, 0, 0, 0, 0, 0, 0, 0, 0, 0, 0, 0, 0, 0, 0, 0, 0, 0, 0, 0, 0.014, 3.066, 0, 0, 0, 0, 0, 0, 0, 0, 0
9, 0, 0, 0, 0, 0, 0, 0, 0, 0, 0.586302, 0, 0, 97175.3, 0, 0, 0, 0, 0, 0, 0, 0, 3436.89, -97098.2, 300, 0, 0, 0, 0, 0, 0, 0, 0, 0, 0, 0, 0, 0, 0, 0, 0, 0, 0, 0, 0, 0.014, 3.066, 0, 0, 0, 0, 0, 0, 0, 0, 0
9.0025, 0, 0, 0, 0, 0, 0, 0, 0, 0, 0.591792, 0, 0, 98477.9, 0, 0, 0, 0, 0, 0, 0, 0, 3083.75, -98361.2, 300, 0, 0, 0, 0, 0, 0, 0, 0, 0, 0, 0, 0, 0, 0, 0, 0, 0, 0, 0, 0, 0.014, 3.066, 0, 0, 0, 0, 0, 0, 0, 0, 0
9.125, 0, 0, 0, 0, 0, 0, 0, 0, 0, 0.591792, 0, 0, 157114, 0, 0, 0, 0, 0, 0, 0, 0, -9546.29, -156801, 300, 0, 0, 0, 0, 0, 0, 0, 0, 0, 0, 0, 0, 0, 0, 0, 0, 0, 0, 0, 0, 0.014, 3.066, 0, 0, 0, 0, 0, 0, 0, 0, 0
9.1275, 0, 0, 0, 0, 0, 0, 0, 0, 0, 0.598702, 0, 0, 158456, 0, 0, 0, 0, 0, 0, 0, 0, -9585.46, -158153, 300, 0, 0, 0, 0, 0, 0, 0, 0, 0, 0, 0, 0, 0, 0, 0, 0, 0, 0, 0, 0, 0.014, 3.066, 0, 0, 0, 0, 0, 0, 0, 0, 0
9.25, 0, 0, 0, 0, 0, 0, 0, 0, 0, 0.598702, 0, 0, 226320, 0, 0, 0, 0, 0, 0, 0, 0, -9676.43, -226094, 300, 0, 0, 0, 0, 0, 0, 0, 0, 0, 0, 0, 0, 0, 0, 0, 0, 0, 0, 0, 0, 0.014, 3.066, 0, 0, 0, 0, 0, 0, 0, 0, 0
9.2525, 0, 0, 0, 0, 0, 0, 0, 0, 0, 0.605681, 0, 0, 227699, 0, 0, 0, 0, 0, 0, 0, 0, -9669.04, -227484, 300, 0, 0, 0, 0, 0, 0, 0, 0, 0, 0, 0, 0, 0, 0, 0, 0, 0, 0, 0, 0, 0.014, 3.066, 0, 0, 0, 0, 0, 0, 0, 0, 0
9.375, 0, 0, 0, 0, 0, 0, 0, 0, 0, 0.605681, 0, 0, 295526, 0, 0, 0, 0, 0, 0, 0, 0, -9461.61, -295362, 300, 0, 0, 0, 0, 0, 0, 0, 0, 0, 0, 0, 0, 0, 0, 0, 0, 0, 0, 0, 0, 0.014, 3.066, 0, 0, 0, 0, 0, 0, 0, 0, 0
9.3775, 0, 0, 0, 0, 0, 0, 0, 0, 0, 0.612502, 0, 0, 296886, 0, 0, 0, 0, 0, 0, 0, 0, -9456, -296728, 300, 0, 0, 0, 0, 0, 0, 0, 0, 0, 0, 0, 0, 0, 0, 0, 0, 0, 0, 0, 0, 0.014, 3.066, 0, 0, 0, 0, 0, 0, 0, 0, 0
9.5, 0, 0, 0, 0, 0, 0, 0, 0, 0, 0.612502, 0, 0, 363628, 0, 0, 0, 0, 0, 0, 0, 0, -9426.89, -363495, 300, 0, 0, 0, 0, 0, 0, 0, 0, 0, 0, 0, 0, 0, 0, 0, 0, 0, 0, 0, 0, 0.014, 3.066, 0, 0, 0, 0, 0, 0, 0, 0, 0
9.5025, 0, 0, 0, 0, 0, 0, 0, 0, 0, 0.6193, 0, 0, 364988, 0, 0, 0, 0, 0, 0, 0, 0, -9436.98, -364859, 300, 0, 0, 0, 0, 0, 0, 0, 0, 0, 0, 0, 0, 0, 0, 0, 0, 0, 0, 0, 0, 0.014, 3.066, 0, 0, 0, 0, 0, 0, 0, 0, 0
9.625, 0, 0, 0, 0, 0, 0, 0, 0, 0, 0.6193, 0, 0, 432254, 0, 0, 0, 0, 0, 0, 0, 0, -9699.51, -432137, 300, 0, 0, 0, 0, 0, 0, 0, 0, 0, 0, 0, 0, 0, 0, 0, 0, 0, 0, 0, 0, 0.014, 3.066, 0, 0, 0, 0, 0, 0, 0, 0, 0
9.6275, 0, 0, 0, 0, 0, 0, 0, 0, 0, 0.626299, 0, 0, 433657, 0, 0, 0, 0, 0, 0, 0, 0, -9728.35, -433541, 300, 0, 0, 0, 0, 0, 0, 0, 0, 0, 0, 0, 0, 0, 0, 0, 0, 0, 0, 0, 0, 0.014, 3.066, 0, 0, 0, 0, 0, 0, 0, 0, 0
9.75, 0, 0, 0, 0, 0, 0, 0, 0, 0, 0.626299, 0, 0, 503686, 0, 0, 0, 0, 0, 0, 0, 0, -10304.8, -503573, 300, 0, 0, 0, 0, 0, 0, 0, 0, 0, 0, 0, 0, 0, 0, 0, 0, 0, 0, 0, 0, 0.014, 3.066, 0, 0, 0, 0, 0, 0, 0, 0, 0
9.7525, 0, 0, 0, 0, 0, 0, 0, 0, 0, 0.633739, 0, 0, 505179, 0, 0, 0, 0, 0, 0, 0, 0, -10353.9, -505065, 300, 0, 0, 0, 0, 0, 0, 0, 0, 0, 0, 0, 0, 0, 0, 0, 0, 0, 0, 0, 0, 0.014, 3.066, 0, 0, 0, 0, 0, 0, 0, 0, 0
9.875, 0, 0, 0, 0, 0, 0, 0, 0, 0, 0.633739, 0, 0, 580385, 0, 0, 0, 0, 0, 0, 0, 0, -11269.1, -580268, 300, 0, 0, 0, 0, 0, 0, 0, 0, 0, 0, 0, 0, 0, 0, 0, 0, 0, 0, 0, 0, 0.014, 3.066, 0, 0, 0, 0, 0, 0, 0, 0, 0
9.8775, 0, 0, 0, 0, 0, 0, 0, 0, 0, 0.64188, 0, 0, 582020, 0, 0, 0, 0, 0, 0, 0, 0, -11341.1, -581901, 300, 0, 0, 0, 0, 0, 0, 0, 0, 0, 0, 0, 0, 0, 0, 0, 0, 0, 0, 0, 0, 0.014, 3.066, 0, 0, 0, 0, 0, 0, 0, 0, 0
10, 0, 0, 0, 0, 0, 0, 0, 0, 0, 0.64188, 0, 0, 665084, 0, 0, 0, 0, 0, 0, 0, 0, -12651.2, -664955, 300, 0, 0, 0, 0, 0, 0, 0, 0, 0, 0, 0, 0, 0, 0, 0, 0, 0, 0, 0, 0, 0.014, 3.066, 0, 0, 0, 0, 0, 0, 0, 0, 0
10.0025, 0, 0, 0, 0, 0, 0, 0, 0, 0, 0.651023, 0, 0, 666921, 0, 0, 0, 0, 0, 0, 0, 0, -12751.6, -666789, 300, 0, 0, 0, 0, 0, 0, 0, 0, 0, 0, 0, 0, 0, 0, 0, 0, 0, 0, 0, 0, 0.014, 3.066, 0, 0, 0, 0, 0, 0, 0, 0, 0
10.125, 0, 0, 0, 0, 0, 0, 0, 0, 0, 0.651023, 0, 0, 761079, 0, 0, 0, 0, 0, 0, 0, 0, -14566.1, -760930, 300, 0, 0, 0, 0, 0, 0, 0, 0, 0, 0, 0, 0, 0, 0, 0, 0, 0, 0, 0, 0, 0.014, 3.066, 0, 0, 0, 0, 0, 0, 0, 0, 0
10.1275, 0, 0, 0, 0, 0, 0, 0, 0, 0, 0.661555, 0, 0, 763198, 0, 0, 0, 0, 0, 0, 0, 0, -14705.9, -763044, 300, 0, 0, 0, 0, 0, 0, 0, 0, 0, 0, 0, 0, 0, 0, 0, 0, 0, 0, 0, 0, 0.014, 3.066, 0, 0, 0, 0, 0, 0, 0, 0, 0
10.25, 0, 0, 0, 0, 0, 0, 0, 0, 0, 0.661555, 0, 0, 872785, 0, 0, 0, 0, 0, 0, 0, 0, -17244.1, -872603, 300, 0, 0, 0, 0, 0, 0, 0, 0, 0, 0, 0, 0, 0, 0, 0, 0, 0, 0, 0, 0, 0.014, 3.066, 0, 0, 0, 0, 0, 0, 0, 0, 0
10.2525, 0, 0, 0, 0, 0, 0, 0, 0, 0, 0.674029, 0, 0, 875298, 0, 0, 0, 0, 0, 0, 0, 0, -17446.8, -875109, 300, 0, 0, 0, 0, 0, 0, 0, 0, 0, 0, 0, 0, 0, 0, 0, 0, 0, 0, 0, 0, 0.014, 3.066, 0, 0, 0, 0, 0, 0, 0, 0, 0
10.375, 0, 0, 0, 0, 0, 0, 0, 0, 0, 0.674029, 0, 0, 1.00696e+06, 0, 0, 0, 0, 0, 0, 0, 0, -21191.4, -1.00672e+06, 300, 0, 0, 0, 0, 0, 0, 0, 0, 0, 0, 0, 0, 0, 0, 0, 0, 0, 0, 0, 0, 0.014, 3.066, 0, 0, 0, 0, 0, 0, 0, 0, 0
10.3775, 0, 0, 0, 0, 0, 0, 0, 0, 0, 0.68937, 0, 0, 1.01006e+06, 0, 0, 0, 0, 0, 0, 0, 0, -21513.2, -1.00981e+06, 300, 0, 0, 0, 0, 0, 0, 0, 0, 0, 0, 0, 0, 0, 0, 0, 0, 0, 0, 0, 0, 0.014, 3.066, 0, 0, 0, 0, 0, 0, 0, 0, 0
10.5, 0, 0, 0, 0, 0, 0, 0, 0, 0, 0.68937, 0, 0, 1.17586e+06, 0, 0, 0, 0, 0, 0, 0, 0, -27664.6, -1.17552e+06, 300, 0, 0, 0, 0, 0, 0, 0, 0, 0, 0, 0, 0, 0, 0, 0, 0, 0, 0, 0, 0, 0.014, 3.066, 0, 0, 0, 0, 0, 0, 0, 0, 0
10.5025, 0, 0, 0, 0, 0, 0, 0, 0, 0, 0.709418, 0, 0, 1.17993e+06, 0, 0, 0, 0, 0, 0, 0, 0, -28260.5, -1.17955e+06, 300, 0, 0, 0, 0, 0, 0, 0, 0, 0, 0, 0, 0, 0, 0, 0, 0, 0, 0, 0, 0, 0.014, 3.066, 0, 0, 0, 0, 0, 0, 0, 0, 0
10.625, 0, 0, 0, 0, 0, 0, 0, 0, 0, 0.709418, 0, 0, 1.40671e+06, 0, 0, 0, 0, 0, 0, 0, 0, -40293.1, -1.4061e+06, 300, 0, 0, 0, 0, 0, 0, 0, 0, 0, 0, 0, 0, 0, 0, 0, 0, 0, 0, 0, 0, 0.014, 3.066, 0, 0, 0, 0, 0, 0, 0, 0, 0
10.6275, 0, 0, 0, 0, 0, 0, 0, 0, 0, 0.738674, 0, 0, 1.41264e+06, 0, 0, 0, 0, 0, 0, 0, 0, -41679.5, -1.41193e+06, 300, 0, 0, 0, 0, 0, 0, 0, 0, 0, 0, 0, 0, 0, 0, 0, 0, 0, 0, 0, 0, 0.014, 3.066, 0, 0, 0, 0, 0, 0, 0, 0, 0
10.75, 0, 0, 0, 0, 0, 0, 0, 0, 0, 0.738674, 0, 0, 1.77676e+06, 0, 0, 0, 0, 0, 0, 0, 0, -72307.1, -1.77521e+06, 300, 0, 0, 0, 0, 0, 0, 0, 0, 0, 0, 0, 0, 0, 0, 0, 0, 0, 0, 0, 0, 0.014, 3.066, 0, 0, 0, 0, 0, 0, 0, 0, 0
10.7525, 0, 0, 0, 0, 0, 0, 0, 0, 0, 0.79137, 0, 0, 1.78676e+06, 0, 0, 0, 0, 0, 0, 0, 0, -76779.5, -1.78465e+06, 300, 0, 0, 0, 0, 0, 0, 0, 0, 0, 0, 0, 0, 0, 0, 0, 0, 0, 0, 0, 0, 0.014, 3.066, 0, 0, 0, 0, 0, 0, 0, 0, 0
10.875, 0, 0, 0, 0, 0, 0, 0, 0, 0, 0.79137, 0, 0, 2.59888e+06, 0, 0, 0, 0, 0, 0, 0, 0, -192922, -2.59143e+06, 300, 0, 0, 0, 0, 0, 0, 0, 0, 0, 0, 0, 0, 0, 0, 0, 0, 0, 0, 0, 0, 0.014, 3.066, 0, 0, 0, 0, 0, 0, 0, 0, 0
10.8775, 0, 0, 0, 0, 0, 0, 0, 0, 0, 0.93295, 0, 0, 2.61614e+06, 0, 0, 0, 0, 0, 0, 0, 0, -216491, -2.60044e+06, 300, 0, 0, 0, 0, 0, 0, 0, 0, 0, 0, 0, 0, 0, 0, 0, 0, 0, 0, 0, 0, 0.014, 3.066, 0, 0, 0, 0, 0, 0, 0, 0, 0
11, 0, 0, 0, 0, 0, 0, 0, 0, 0, 0.93295, 0, 0, 3.42883e+06, 0, 0, 0, 0, 0, 0, 0, 0, -2.36316e+06, -2.48269e+06, 300, 0, 0, 0, 0, 0, 0, 0, 0, 0, 0, 0, 0, 0, 0, 0, 0, 0, 0, 0, 0, 0.014, 3.066, 0, 0, 0, 0, 0, 0, 0, 0, 0
11.0028, 0, 0, 0, 0, 0, 0, 0, 0, 0, 1.77709, 0, 0, 3.42652e+06, 0, 0, 0, 0, 0, 0, 0, 0, -2.38548e+06, -2.45173e+06, 300, 0, 0, 0, 0, 0, 0, 0, 0, 0, 0, 0, 0, 0, 0, 0, 0, 0, 0, 0, 0, 0.014, 3.066, 0, 0, 0, 0, 0, 0, 0, 0, 0
11.1406, 0, 0, 0, 0, 0, 0, 0, 0, 0, 58.7813, 0, 0, 2.79304e+06, 0, 0, 0, 0, 0, 0, 0, 0, -2.7771e+06, -280578, 300, 0, 0, 0, 0, 0, 0, 0, 0, 0, 0, 0, 0, 0, 0, 0, 0, 0, 0, 0, 0, 0.014, 3.066, 0, 0, 0, 0, 0, 0, 0, 0, 0
11.1434, 0, 0, 0, 0, 0, 0, 0, 0, 0, 59.3589, 0, 0, 2.7728e+06, 0, 0, 0, 0, 0, 0, 0, 0, -2.76013e+06, -264796, 300, 0, 0, 0, 0, 0, 0, 0, 0, 0, 0, 0, 0, 0, 0, 0, 0, 0, 0, 0, 0, 0.014, 3.066, 0, 0, 0, 0, 0, 0, 0, 0, 0
11.2812, 0, 0, 0, 0, 0, 0, 0, 0, 0, 88.9438, 0, 0, 1.8002e+06, 0, 0, 0, 0, 0, 0, 0, 0, -1.7985e+06, -76617.4, 300, 0, 0, 0, 0, 0, 0, 0, 0, 0, 0, 0, 0, 0, 0, 0, 0, 0, 0, 0, 0, 0.014, 3.066, 0, 0, 0, 0, 0, 0, 0, 0, 0
11.2841, 0, 0, 0, 0, 0, 0, 0, 0, 0, 89.3977, 0, 0, 1.79336e+06, 0, 0, 0, 0, 0, 0, 0, 0, -1.79182e+06, -74335.5, 300, 0, 0, 0, 0, 0, 0, 0, 0, 0, 0, 0, 0, 0, 0, 0, 0, 0, 0, 0, 0, 0.014, 3.066, 0, 0, 0, 0, 0, 0, 0, 0, 0
11.4219, 0, 0, 0, 0, 0, 0, 0, 0, 0, 111.892, 0, 0, 1.48132e+06, 0, 0, 0, 0, 0, 0, 0, 0, -1.4809e+06, -34362.4, 300, 0, 0, 0, 0, 0, 0, 0, 0, 0, 0, 0, 0, 0, 0, 0, 0, 0, 0, 0, 0, 0.014, 3.066, 0, 0, 0, 0, 0, 0, 0, 0, 0
11.4247, 0, 0, 0, 0, 0, 0, 0, 0, 0, 112.286, 0, 0, 1.47802e+06, 0, 0, 0, 0, 0, 0, 0, 0, -1.47764e+06, -33605.6, 300, 0, 0, 0, 0, 0, 0, 0, 0, 0, 0, 0, 0, 0, 0, 0, 0, 0, 0, 0, 0, 0.014, 3.066, 0, 0, 0, 0, 0, 0, 0, 0, 0
11.5625, 0, 0, 0, 0, 0, 0, 0, 0, 0, 131.688, 0, 0, 1.32959e+06, 0, 0, 0, 0, 0, 0, 0, 0, -1.32947e+06, -17985.4, 300, 0, 0, 0, 0, 0, 0, 0, 0, 0, 0, 0, 0, 0, 0, 0, 0, 0, 0, 0, 0, 0.014, 3.066, 0, 0, 0, 0, 0, 0, 0, 0, 0
11.5653, 0, 0, 0, 0, 0, 0, 0, 0, 0, 132.05, 0, 0, 1.32784e+06, 0, 0, 0, 0, 0, 0, 0, 0, -1.32772e+06, -17624.5, 300, 0, 0, 0, 0, 0, 0, 0, 0, 0, 0, 0, 0, 0, 0, 0, 0, 0, 0, 0, 0, 0.014, 3.066, 0, 0, 0, 0, 0, 0, 0, 0, 0
11.7031, 0, 0, 0, 0, 0, 0, 0, 0, 0, 149.849, 0, 0, 1.2488e+06, 0, 0, 0, 0, 0, 0, 0, 0, -1.24876e+06, -9790.9, 300, 0, 0, 0, 0, 0, 0, 0, 0, 0, 0, 0, 0, 0, 0, 0, 0, 0, 0, 0, 0, 0.014, 3.066, 0, 0, 0, 0, 0, 0, 0, 0, 0
11.7059, 0, 0, 0, 0, 0, 0, 0, 0, 0, 150.193, 0, 0, 1.24784e+06, 0, 0, 0, 0, 0, 0, 0, 0, -1.2478e+06, -9593.74, 300, 0, 0, 0, 0, 0, 0, 0, 0, 0, 0, 0, 0, 0, 0, 0, 0, 0, 0, 0, 0, 0.014, 3.066, 0, 0, 0, 0, 0, 0, 0, 0, 0
11.8437, 0, 0, 0, 0, 0, 0, 0, 0, 0, 167.118, 0, 0, 1.20489e+06, 0, 0, 0, 0, 0, 0, 0, 0, -1.20488e+06, -5232.43, 300, 0, 0, 0, 0, 0, 0, 0, 0, 0, 0, 0, 0, 0, 0, 0, 0, 0, 0, 0, 0, 0.014, 3.066, 0, 0, 0, 0, 0, 0, 0, 0, 0
11.8466, 0, 0, 0, 0, 0, 0, 0, 0, 0, 167.453, 0, 0, 1.20438e+06, 0, 0, 0, 0, 0, 0, 0, 0, -1.20437e+06, -5117.63, 300, 0, 0, 0, 0, 0, 0, 0, 0, 0, 0, 0, 0, 0, 0, 0, 0, 0, 0, 0, 0, 0.014, 3.066, 0, 0, 0, 0, 0, 0, 0, 0, 0
11.9844, 0, 0, 0, 0, 0, 0, 0, 0, 0, 183.904, 0, 0, 1.18191e+06, 0, 0, 0, 0, 0, 0, 0, 0, -1.1819e+06, -2552.88, 300, 0, 0, 0, 0, 0, 0, 0, 0, 0, 0, 0, 0, 0, 0, 0, 0, 0, 0, 0, 0, 0.014, 3.066, 0, 0, 0, 0, 0, 0, 0, 0, 0
11.9872, 0, 0, 0, 0, 0, 0, 0, 0, 0, 184.234, 0, 0, 1.18167e+06, 0, 0, 0, 0, 0, 0, 0, 0, -1.18167e+06, -2483.31, 300, 0, 0, 0, 0, 0, 0, 0, 0, 0, 0, 0, 0, 0, 0, 0, 0, 0, 0, 0, 0, 0.014, 3.066, 0, 0, 0, 0, 0, 0, 0, 0, 0
12.125, 0, 0, 0, 0, 0, 0, 0, 0, 0, 200.445, 0, 0, 1.17138e+06, 0, 0, 0, 0, 0, 0, 0, 0, -1.17138e+06, -918.451, 300, 0, 0, 0, 0, 0, 0, 0, 0, 0, 0, 0, 0, 0, 0, 0, 0, 0, 0, 0, 0, 0.014, 3.066, 0, 0, 0, 0, 0, 0, 0, 0, 0
12.1278, 0, 0, 0, 0, 0, 0, 0, 0, 0, 200.773, 0, 0, 1.17131e+06, 0, 0, 0, 0, 0, 0, 0, 0, -1.17131e+06, -874.931, 300, 0, 0, 0, 0, 0, 0, 0, 0, 0, 0, 0, 0, 0, 0, 0, 0, 0, 0, 0, 0, 0.014, 3.066, 0, 0, 0, 0, 0, 0, 0, 0, 0
12.2656, 0, 0, 0, 0, 0, 0, 0, 0, 0, 216.885, 0, 0, 1.16854e+06, 0, 0, 0, 0, 0, 0, 0, 0, -1.16854e+06, 109.541, 300, 0, 0, 0, 0, 0, 0, 0, 0, 0, 0, 0, 0, 0, 0, 0, 0, 0, 0, 0, 0, 0.014, 3.066, 0, 0, 0, 0, 0, 0, 0, 0, 0
12.2684, 0, 0, 0, 0, 0, 0, 0, 0, 0, 217.214, 0, 0, 1.16856e+06, 0, 0, 0, 0, 0, 0, 0, 0, -1.16856e+06, 137.581, 300, 0, 0, 0, 0, 0, 0, 0, 0, 0, 0, 0, 0, 0, 0, 0, 0, 0, 0, 0, 0, 0.014, 3.066, 0, 0, 0, 0, 0, 0, 0, 0, 0
12.4062, 0, 0, 0, 0, 0, 0, 0, 0, 0, 233.316, 0, 0, 1.17056e+06, 0, 0, 0, 0, 0, 0, 0, 0, -1.17056e+06, 775.369, 300, 0, 0, 0, 0, 0, 0, 0, 0, 0, 0, 0, 0, 0, 0, 0, 0, 0, 0, 0, 0, 0.014, 3.066, 0, 0, 0, 0, 0, 0, 0, 0, 0
12.4091, 0, 0, 0, 0, 0, 0, 0, 0, 0, 233.645, 0, 0, 1.17066e+06, 0, 0, 0, 0, 0, 0, 0, 0, -1.17066e+06, 793.975, 300, 0, 0, 0, 0, 0, 0, 0, 0, 0, 0, 0, 0, 0, 0, 0, 0, 0, 0, 0, 0, 0.014, 3.066, 0, 0, 0, 0, 0, 0, 0, 0, 0
12.5469, 0, 0, 0, 0, 0, 0, 0, 0, 0, 249.794, 0, 0, 1.17578e+06, 0, 0, 0, 0, 0, 0, 0, 0, -1.17578e+06, 1219.5, 300, 0, 0, 0, 0, 0, 0, 0, 0, 0, 0, 0, 0, 0, 0, 0, 0, 0, 0, 0, 0, 0.014, 3.066, 0, 0, 0, 0, 0, 0, 0, 0, 0
12.5497, 0, 0, 0, 0, 0, 0, 0, 0, 0, 250.125, 0, 0, 1.17593e+06, 0, 0, 0, 0, 0, 0, 0, 0, -1.17592e+06, 1232.21, 300, 0, 0, 0, 0, 0, 0, 0, 0, 0, 0, 0, 0, 0, 0, 0, 0, 0, 0, 0, 0, 0.014, 3.066, 0, 0, 0, 0, 0, 0, 0, 0, 0
12.6875, 0, 0, 0, 0, 0, 0, 0, 0, 0, 266.357, 0, 0, 1.18315e+06, 0, 0, 0, 0, 0, 0, 0, 0, -1.18315e+06, 1524.46, 300, 0, 0, 0, 0, 0, 0, 0, 0, 0, 0, 0, 0, 0, 0, 0, 0, 0, 0, 0, 0, 0.014, 3.066, 0, 0, 0, 0, 0, 0, 0, 0, 0
12.6903, 0, 0, 0, 0, 0, 0, 0, 0, 0, 266.691, 0, 0, 1.18332e+06, 0, 0, 0, 0, 0, 0, 0, 0, -1.18332e+06, 1533.39, 300, 0, 0, 0, 0, 0, 0, 0, 0, 0, 0, 0, 0, 0, 0, 0, 0, 0, 0, 0, 0, 0.014, 3.066, 0, 0, 0, 0, 0, 0, 0, 0, 0
12.8281, 0, 0, 0, 0, 0, 0, 0, 0, 0, 283.034, 0, 0, 1.19201e+06, 0, 0, 0, 0, 0, 0, 0, 0, -1.192e+06, 1739.7, 300, 0, 0, 0, 0, 0, 0, 0, 0, 0, 0, 0, 0, 0, 0, 0, 0, 0, 0, 0, 0, 0.014, 3.066, 0, 0, 0, 0, 0, 0, 0, 0, 0
12.8309, 0, 0, 0, 0, 0, 0, 0, 0, 0, 283.37, 0, 0, 1.1922e+06, 0, 0, 0, 0, 0, 0, 0, 0, -1.1922e+06, 1746.15, 300, 0, 0, 0, 0, 0, 0, 0, 0, 0, 0, 0, 0, 0, 0, 0, 0, 0, 0, 0, 0, 0.014, 3.066, 0, 0, 0, 0, 0, 0, 0, 0, 0
12.9687, 0, 0, 0, 0, 0, 0, 0, 0, 0, 299.841, 0, 0, 1.20192e+06, 0, 0, 0, 0, 0, 0, 0, 0, -1.20192e+06, 1895.87, 300, 0, 0, 0, 0, 0, 0, 0, 0, 0, 0, 0, 0, 0, 0, 0, 0, 0, 0, 0, 0, 0.014, 3.066, 0, 0, 0, 0, 0, 0, 0, 0, 0
12.9716, 0, 0, 0, 0, 0, 0, 0, 0, 0, 300.18, 0, 0, 1.20214e+06, 0, 0, 0, 0, 0, 0, 0, 0, -1.20213e+06, 1900.65, 300, 0, 0, 0, 0, 0, 0, 0, 0, 0, 0, 0, 0, 0, 0, 0, 0, 0, 0, 0, 0, 0.014, 3.066, 0, 0, 0, 0, 0, 0, 0, 0, 0
13.1094, 0, 0, 0, 0, 0, 0, 0, 0, 0, 316.791, 0, 0, 1.21262e+06, 0, 0, 0, 0, 0, 0, 0, 0, -1.21262e+06, 2012.09, 300, 0, 0, 0, 0, 0, 0, 0, 0, 0, 0, 0, 0, 0, 0, 0, 0, 0, 0, 0, 0, 0.014, 3.066, 0, 0, 0, 0, 0, 0, 0, 0, 0
13.1122, 0, 0, 0, 0, 0, 0, 0, 0, 0, 317.133, 0, 0, 1.21284e+06, 0, 0, 0, 0, 0, 0, 0, 0, -1.21284e+06, 2015.71, 300, 0, 0, 0, 0, 0, 0, 0, 0, 0, 0, 0, 0, 0, 0, 0, 0, 0, 0, 0, 0, 0.014, 3.066, 0, 0, 0, 0, 0, 0, 0, 0, 0
13.25, 0, 0, 0, 0, 0, 0, 0, 0, 0, 333.895, 0, 0, 1.22389e+06, 0, 0, 0, 0, 0, 0, 0, 0, -1.22389e+06, 2100.2, 300, 0, 0, 0, 0, 0, 0, 0, 0, 0, 0, 0, 0, 0, 0, 0, 0, 0, 0, 0, 0, 0.014, 3.066, 0, 0, 0, 0, 0, 0, 0, 0, 0
13.2528, 0, 0, 0, 0, 0, 0, 0, 0, 0, 334.241, 0, 0, 1.22413e+06, 0, 0, 0, 0, 0, 0, 0, 0, -1.22413e+06, 2102.96, 300, 0, 0, 0, 0, 0, 0, 0, 0, 0, 0, 0, 0, 0, 0, 0, 0, 0, 0, 0, 0, 0.014, 3.066, 0, 0, 0, 0, 0, 0, 0, 0, 0
13.3906, 0, 0, 0, 0, 0, 0, 0, 0, 0, 351.161, 0, 0, 1.23561e+06, 0, 0, 0, 0, 0, 0, 0, 0, -1.23561e+06, 2167.55, 300, 0, 0, 0, 0, 0, 0, 0, 0, 0, 0, 0, 0, 0, 0, 0, 0, 0, 0, 0, 0, 0.014, 3.066, 0, 0, 0, 0, 0, 0, 0, 0, 0
13.3934, 0, 0, 0, 0, 0, 0, 0, 0, 0, 351.509, 0, 0, 1.23585e+06, 0, 0, 0, 0, 0, 0, 0, 0, -1.23585e+06, 2169.68, 300, 0, 0, 0, 0, 0, 0, 0, 0, 0, 0, 0, 0, 0, 0, 0, 0, 0, 0, 0, 0, 0.014, 3.066, 0, 0, 0, 0, 0, 0, 0, 0, 0
13.5312, 0, 0, 0, 0, 0, 0, 0, 0, 0, 368.593, 0, 0, 1.24767e+06, 0, 0, 0, 0, 0, 0, 0, 0, -1.24767e+06, 2219.4, 300, 0, 0, 0, 0, 0, 0, 0, 0, 0, 0, 0, 0, 0, 0, 0, 0, 0, 0, 0, 0, 0.014, 3.066, 0, 0, 0, 0, 0, 0, 0, 0, 0
13.5341, 0, 0, 0, 0, 0, 0, 0, 0, 0, 368.945, 0, 0, 1.24792e+06, 0, 0, 0, 0, 0, 0, 0, 0, -1.24792e+06, 2221.04, 300, 0, 0, 0, 0, 0, 0, 0, 0, 0, 0, 0, 0, 0, 0, 0, 0, 0, 0, 0, 0, 0.014, 3.066, 0, 0, 0, 0, 0, 0, 0, 0, 0
13.6719, 0, 0, 0, 0, 0, 0, 0, 0, 0, 386.196, 0, 0, 1.25999e+06, 0, 0, 0, 0, 0, 0, 0, 0, -1.25999e+06, 2259.33, 300, 0, 0, 0, 0, 0, 0, 0, 0, 0, 0, 0, 0, 0, 0, 0, 0, 0, 0, 0, 0, 0.014, 3.066, 0, 0, 0, 0, 0, 0, 0, 0, 0
13.6747, 0, 0, 0, 0, 0, 0, 0, 0, 0, 386.551, 0, 0, 1.26024e+06, 0, 0, 0, 0, 0, 0, 0, 0, -1.26024e+06, 2260.57, 300, 0, 0, 0, 0, 0, 0, 0, 0, 0, 0, 0, 0, 0, 0, 0, 0, 0, 0, 0, 0, 0.014, 3.066, 0, 0, 0, 0, 0, 0, 0, 0, 0
13.8125, 0, 0, 0, 0, 0, 0, 0, 0, 0, 403.973, 0, 0, 1.27252e+06, 0, 0, 0, 0, 0, 0, 0, 0, -1.27251e+06, 2289.49, 300, 0, 0, 0, 0, 0, 0, 0, 0, 0, 0, 0, 0, 0, 0, 0, 0, 0, 0, 0, 0, 0.014, 3.066, 0, 0, 0, 0, 0, 0, 0, 0, 0
13.8153, 0, 0, 0, 0, 0, 0, 0, 0, 0, 404.332, 0, 0, 1.27277e+06, 0, 0, 0, 0, 0, 0, 0, 0, -1.27277e+06, 2290.39, 300, 0, 0, 0, 0, 0, 0, 0, 0, 0, 0, 0, 0, 0, 0, 0, 0, 0, 0, 0, 0, 0.014, 3.066, 0, 0, 0, 0, 0, 0, 0, 0, 0
13.9531, 0, 0, 0, 0, 0, 0, 0, 0, 0, 421.928, 0, 0, 1.28519e+06, 0, 0, 0, 0, 0, 0, 0, 0, -1.28519e+06, 2311.16, 300, 0, 0, 0, 0, 0, 0, 0, 0, 0, 0, 0, 0, 0, 0, 0, 0, 0, 0, 0, 0, 0.014, 3.066, 0, 0, 0, 0, 0, 0, 0, 0, 0
13.9559, 0, 0, 0, 0, 0, 0, 0, 0, 0, 422.29, 0, 0, 1.28544e+06, 0, 0, 0, 0, 0, 0, 0, 0, -1.28544e+06, 2311.78, 300, 0, 0, 0, 0, 0, 0, 0, 0, 0, 0, 0, 0, 0, 0, 0, 0, 0, 0, 0, 0, 0.014, 3.066, 0, 0, 0, 0, 0, 0, 0, 0, 0
14.0938, 0, 0, 0, 0, 0, 0, 0, 0, 0, 440.061, 0, 0, 1.29796e+06, 0, 0, 0, 0, 0, 0, 0, 0, -1.29796e+06, 2325.76, 300, 0, 0, 0, 0, 0, 0, 0, 0, 0, 0, 0, 0, 0, 0, 0, 0, 0, 0, 0, 0, 0.014, 3.066, 0, 0, 0, 0, 0, 0, 0, 0, 0
14.0966, 0, 0, 0, 0, 0, 0, 0, 0, 0, 440.427, 0, 0, 1.29822e+06, 0, 0, 0, 0, 0, 0, 0, 0, -1.29822e+06, 2326.13, 300, 0, 0, 0, 0, 0, 0, 0, 0, 0, 0, 0, 0, 0, 0, 0, 0, 0, 0, 0, 0, 0.014, 3.066, 0, 0, 0, 0, 0, 0, 0, 0, 0
14.2344, 0, 0, 0, 0, 0, 0, 0, 0, 0, 458.374, 0, 0, 1.31081e+06, 0, 0, 0, 0, 0, 0, 0, 0, -1.31081e+06, 2334.45, 300, 0, 0, 0, 0, 0, 0, 0, 0, 0, 0, 0, 0, 0, 0, 0, 0, 0, 0, 0, 0, 0.014, 3.066, 0, 0, 0, 0, 0, 0, 0, 0, 0
14.2372, 0, 0, 0, 0, 0, 0, 0, 0, 0, 458.744, 0, 0, 1.31107e+06, 0, 0, 0, 0, 0, 0, 0, 0, -1.31107e+06, 2334.62, 300, 0, 0, 0, 0, 0, 0, 0, 0, 0, 0, 0, 0, 0, 0, 0, 0, 0, 0, 0, 0, 0.014, 3.066, 0, 0, 0, 0, 0, 0, 0, 0, 0
14.375, 0, 0, 0, 0, 0, 0, 0, 0, 0, 476.868, 0, 0, 1.32369e+06, 0, 0, 0, 0, 0, 0, 0, 0, -1.32369e+06, 2337.92, 300, 0, 0, 0, 0, 0, 0, 0, 0, 0, 0, 0, 0, 0, 0, 0, 0, 0, 0, 0, 0, 0.014, 3.066, 0, 0, 0, 0, 0, 0, 0, 0, 0
14.3778, 0, 0, 0, 0, 0, 0, 0, 0, 0, 477.242, 0, 0, 1.32395e+06, 0, 0, 0, 0, 0, 0, 0, 0, -1.32395e+06, 2337.9, 300, 0, 0, 0, 0, 0, 0, 0, 0, 0, 0, 0, 0, 0, 0, 0, 0, 0, 0, 0, 0, 0.014, 3.066, 0, 0, 0, 0, 0, 0, 0, 0, 0
14.5156, 0, 0, 0, 0, 0, 0, 0, 0, 0, 495.544, 0, 0, 1.33659e+06, 0, 0, 0, 0, 0, 0, 0, 0, -1.33659e+06, 2336.61, 300, 0, 0, 0, 0, 0, 0, 0, 0, 0, 0, 0, 0, 0, 0, 0, 0, 0, 0, 0, 0, 0.014, 3.066, 0, 0, 0, 0, 0, 0, 0, 0, 0
14.5184, 0, 0, 0, 0, 0, 0, 0, 0, 0, 495.921, 0, 0, 1.33685e+06, 0, 0, 0, 0, 0, 0, 0, 0, -1.33684e+06, 2336.43, 300, 0, 0, 0, 0, 0, 0, 0, 0, 0, 0, 0, 0, 0, 0, 0, 0, 0, 0, 0, 0, 0.014, 3.066, 0, 0, 0, 0, 0, 0, 0, 0, 0
14.6562, 0, 0, 0, 0, 0, 0, 0, 0, 0, 514.4, 0, 0, 1.34947e+06, 0, 0, 0, 0, 0, 0, 0, 0, -1.34946e+06, 2331.47, 300, 0, 0, 0, 0, 0, 0, 0, 0, 0, 0, 0, 0, 0, 0, 0, 0, 0, 0, 0, 0, 0.014, 3.066, 0, 0, 0, 0, 0, 0, 0, 0, 0
14.6591, 0, 0, 0, 0, 0, 0, 0, 0, 0, 514.781, 0, 0, 1.34972e+06, 0, 0, 0, 0, 0, 0, 0, 0, -1.34972e+06, 2331.17, 300, 0, 0, 0, 0, 0, 0, 0, 0, 0, 0, 0, 0, 0, 0, 0, 0, 0, 0, 0, 0, 0.014, 3.066, 0, 0, 0, 0, 0, 0, 0, 0, 0
14.7969, 0, 0, 0, 0, 0, 0, 0, 0, 0, 533.438, 0, 0, 1.36231e+06, 0, 0, 0, 0, 0, 0, 0, 0, -1.36231e+06, 2323.52, 300, 0, 0, 0, 0, 0, 0, 0, 0, 0, 0, 0, 0, 0, 0, 0, 0, 0, 0, 0, 0, 0.014, 3.066, 0, 0, 0, 0, 0, 0, 0, 0, 0
14.7997, 0, 0, 0, 0, 0, 0, 0, 0, 0, 533.822, 0, 0, 1.36257e+06, 0, 0, 0, 0, 0, 0, 0, 0, -1.36257e+06, 2323.14, 300, 0, 0, 0, 0, 0, 0, 0, 0, 0, 0, 0, 0, 0, 0, 0, 0, 0, 0, 0, 0, 0.014, 3.066, 0, 0, 0, 0, 0, 0, 0, 0, 0
14.9375, 0, 0, 0, 0, 0, 0, 0, 0, 0, 552.656, 0, 0, 1.37511e+06, 0, 0, 0, 0, 0, 0, 0, 0, -1.37511e+06, 2313.5, 300, 0, 0, 0, 0, 0, 0, 0, 0, 0, 0, 0, 0, 0, 0, 0, 0, 0, 0, 0, 0, 0.014, 3.066, 0, 0, 0, 0, 0, 0, 0, 0, 0
14.9403, 0, 0, 0, 0, 0, 0, 0, 0, 0, 553.044, 0, 0, 1.37536e+06, 0, 0, 0, 0, 0, 0, 0, 0, -1.37536e+06, 2313.05, 300, 0, 0, 0, 0, 0, 0, 0, 0, 0, 0, 0, 0, 0, 0, 0, 0, 0, 0, 0, 0, 0.014, 3.066, 0, 0, 0, 0, 0, 0, 0, 0, 0
15.0781, 0, 0, 0, 0, 0, 0, 0, 0, 0, 572.054, 0, 0, 1.38784e+06, 0, 0, 0, 0, 0, 0, 0, 0, -1.38784e+06, 2301.87, 300, 0, 0, 0, 0, 0, 0, 0, 0, 0, 0, 0, 0, 0, 0, 0, 0, 0, 0, 0, 0, 0.014, 3.066, 0, 0, 0, 0, 0, 0, 0, 0, 0
15.0809, 0, 0, 0, 0, 0, 0, 0, 0, 0, 572.446, 0, 0, 1.3881e+06, 0, 0, 0, 0, 0, 0, 0, 0, -1.3881e+06, 2301.38, 300, 0, 0, 0, 0, 0, 0, 0, 0, 0, 0, 0, 0, 0, 0, 0, 0, 0, 0, 0, 0, 0.014, 3.066, 0, 0, 0, 0, 0, 0, 0, 0, 0
15.2187, 0, 0, 0, 0, 0, 0, 0, 0, 0, 591.631, 0, 0, 1.40052e+06, 0, 0, 0, 0, 0, 0, 0, 0, -1.40051e+06, 2289.38, 300, 0, 0, 0, 0, 0, 0, 0, 0, 0, 0, 0, 0, 0, 0, 0, 0, 0, 0, 0, 0, 0.014, 3.066, 0, 0, 0, 0, 0, 0, 0, 0, 0
15.2216, 0, 0, 0, 0, 0, 0, 0, 0, 0, 592.026, 0, 0, 1.40077e+06, 0, 0, 0, 0, 0, 0, 0, 0, -1.40077e+06, 2288.88, 300, 0, 0, 0, 0, 0, 0, 0, 0, 0, 0, 0, 0, 0, 0, 0, 0, 0, 0, 0, 0, 0.014, 3.066, 0, 0, 0, 0, 0, 0, 0, 0, 0
15.3594, 0, 0, 0, 0, 0, 0, 0, 0, 0, 611.386, 0, 0, 1.41312e+06, 0, 0, 0, 0, 0, 0, 0, 0, -1.41312e+06, 2276.45, 300, 0, 0, 0, 0, 0, 0, 0, 0, 0, 0, 0, 0, 0, 0, 0, 0, 0, 0, 0, 0, 0.014, 3.066, 0, 0, 0, 0, 0, 0, 0, 0, 0
15.3622, 0, 0, 0, 0, 0, 0, 0, 0, 0, 611.784, 0, 0, 1.41339e+06, 0, 0, 0, 0, 0, 0, 0, 0, -1.41339e+06, 2275.86, 300, 0, 0, 0, 0, 0, 0, 0, 0, 0, 0, 0, 0, 0, 0, 0, 0, 0, 0, 0, 0, 0.014, 3.066, 0, 0, 0, 0, 0, 0, 0, 0, 0
15.5, 0, 0, 0, 0, 0, 0, 0, 0, 0, 631.317, 0, 0, 1.42726e+06, 0, 0, 0, 0, 0, 0, 0, 0, -1.42726e+06, 2260.67, 300, 0, 0, 0, 0, 0, 0, 0, 0, 0, 0, 0, 0, 0, 0, 0, 0, 0, 0, 0, 0, 0.014, 3.066, 0, 0, 0, 0, 0, 0, 0, 0, 0
15.5039, 0, 0, 0, 0, 0, 0, 0, 0, 0, 631.876, 0, 0, 1.42758e+06, 0, 0, 0, 0, 0, 0, 0, 0, -1.42758e+06, 2259.83, 300, 0, 0, 0, 0, 0, 0, 0, 0, 0, 0, 0, 0, 0, 0, 0, 0, 0, 0, 0, 0, 0.014, 3.066, 0, 0, 0, 0, 0, 0, 0, 0, 0
15.6953, 0, 0, 0, 0, 0, 0, 0, 0, 0, 659.291, 0, 0, 1.4437e+06, 0, 0, 0, 0, 0, 0, 0, 0, -1.4437e+06, 2238.31, 300, 0, 0, 0, 0, 0, 0, 0, 0, 0, 0, 0, 0, 0, 0, 0, 0, 0, 0, 0, 0, 0.014, 3.066, 0, 0, 0, 0, 0, 0, 0, 0, 0
15.6992, 0, 0, 0, 0, 0, 0, 0, 0, 0, 659.858, 0, 0, 1.44405e+06, 0, 0, 0, 0, 0, 0, 0, 0, -1.44404e+06, 2237.21, 300, 0, 0, 0, 0, 0, 0, 0, 0, 0, 0, 0, 0, 0, 0, 0, 0, 0, 0, 0, 0, 0.014, 3.066, 0, 0, 0, 0, 0, 0, 0, 0, 0
15.8906, 0, 0, 0, 0, 0, 0, 0, 0, 0, 687.602, 0, 0, 1.46078e+06, 0, 0, 0, 0, 0, 0, 0, 0, -1.46078e+06, 2208.95, 300, 0, 0, 0, 0, 0, 0, 0, 0, 0, 0, 0, 0, 0, 0, 0, 0, 0, 0, 0, 0, 0.014, 3.066, 0, 0, 0, 0, 0, 0, 0, 0, 0
15.8945, 0, 0, 0, 0, 0, 0, 0, 0, 0, 688.175, 0, 0, 1.46112e+06, 0, 0, 0, 0, 0, 0, 0, 0, -1.46112e+06, 2207.41, 300, 0, 0, 0, 0, 0, 0, 0, 0, 0, 0, 0, 0, 0, 0, 0, 0, 0, 0, 0, 0, 0.014, 3.066, 0, 0, 0, 0, 0, 0, 0, 0, 0
16.0859, 0, 0, 0, 0, 0, 0, 0, 0, 0, 716.244, 0, 0, 1.47761e+06, 0, 0, 0, 0, 0, 0, 0, 0, -1.4776e+06, 2167.86, 300, 0, 0, 0, 0, 0, 0, 0, 0, 0, 0, 0, 0, 0, 0, 0, 0, 0, 0, 0, 0, 0.014, 3.066, 0, 0, 0, 0, 0, 0, 0, 0, 0
16.0898, 0, 0, 0, 0, 0, 0, 0, 0, 0, 716.824, 0, 0, 1.47794e+06, 0, 0, 0, 0, 0, 0, 0, 0, -1.47794e+06, 2165.87, 300, 0, 0, 0, 0, 0, 0, 0, 0, 0, 0, 0, 0, 0, 0, 0, 0, 0, 0, 0, 0, 0.014, 3.066, 0, 0, 0, 0, 0, 0, 0, 0, 0
16.2812, 0, 0, 0, 0, 0, 0, 0, 0, 0, 745.214, 0, 0, 1.49409e+06, 0, 0, 0, 0, 0, 0, 0, 0, -1.49409e+06, 2115.3, 300, 0, 0, 0, 0, 0, 0, 0, 0, 0, 0, 0, 0, 0, 0, 0, 0, 0, 0, 0, 0, 0.014, 3.066, 0, 0, 0, 0, 0, 0, 0, 0, 0
16.2852, 0, 0, 0, 0, 0, 0, 0, 0, 0, 745.8, 0, 0, 1.49441e+06, 0, 0, 0, 0, 0, 0, 0, 0, -1.49441e+06, 2112.86, 300, 0, 0, 0, 0, 0, 0, 0, 0, 0, 0, 0, 0, 0, 0, 0, 0, 0, 0, 0, 0, 0.014, 3.066, 0, 0, 0, 0, 0, 0, 0, 0, 0
16.4766, 0, 0, 0, 0, 0, 0, 0, 0, 0, 774.503, 0, 0, 1.51013e+06, 0, 0, 0, 0, 0, 0, 0, 0, -1.51013e+06, 2051.56, 300, 0, 0, 0, 0, 0, 0, 0, 0, 0, 0, 0, 0, 0, 0, 0, 0, 0, 0, 0, 0, 0.014, 3.066, 0, 0, 0, 0, 0, 0, 0, 0, 0
16.4805, 0, 0, 0, 0, 0, 0, 0, 0, 0, 775.095, 0, 0, 1.51044e+06, 0, 0, 0, 0, 0, 0, 0, 0, -1.51044e+06, 2048.81, 300, 0, 0, 0, 0, 0, 0, 0, 0, 0, 0, 0, 0, 0, 0, 0, 0, 0, 0, 0, 0, 0.014, 3.066, 0, 0, 0, 0, 0, 0, 0, 0, 0
16.6719, 0, 0, 0, 0, 0, 0, 0, 0, 0, 804.102, 0, 0, 1.52567e+06, 0, 0, 0, 0, 0, 0, 0, 0, -1.52567e+06, 1980.18, 300, 0, 0, 0, 0, 0, 0, 0, 0, 0, 0, 0, 0, 0, 0, 0, 0, 0, 0, 0, 0, 0.014, 3.066, 0, 0, 0, 0, 0, 0, 0, 0, 0
16.6758, 0, 0, 0, 0, 0, 0, 0, 0, 0, 804.7, 0, 0, 1.52597e+06, 0, 0, 0, 0, 0, 0, 0, 0, -1.52597e+06, 1977.18, 300, 0, 0, 0, 0, 0, 0, 0, 0, 0, 0, 0, 0, 0, 0, 0, 0, 0, 0, 0, 0, 0.014, 3.066, 0, 0, 0, 0, 0, 0, 0, 0, 0
16.8672, 0, 0, 0, 0, 0, 0, 0, 0, 0, 834.001, 0, 0, 1.54064e+06, 0, 0, 0, 0, 0, 0, 0, 0, -1.54064e+06, 1902.9, 300, 0, 0, 0, 0, 0, 0, 0, 0, 0, 0, 0, 0, 0, 0, 0, 0, 0, 0, 0, 0, 0.014, 3.066, 0, 0, 0, 0, 0, 0, 0, 0, 0
16.8711, 0, 0, 0, 0, 0, 0, 0, 0, 0, 834.604, 0, 0, 1.54093e+06, 0, 0, 0, 0, 0, 0, 0, 0, -1.54093e+06, 1899.79, 300, 0, 0, 0, 0, 0, 0, 0, 0, 0, 0, 0, 0, 0, 0, 0, 0, 0, 0, 0, 0, 0.014, 3.066, 0, 0, 0, 0, 0, 0, 0, 0, 0
17.0625, 0, 0, 0, 0, 0, 0, 0, 0, 0, 864.188, 0, 0, 1.55501e+06, 0, 0, 0, 0, 0, 0, 0, 0, -1.55501e+06, 1823.18, 300, 0, 0, 0, 0, 0, 0, 0, 0, 0, 0, 0, 0, 0, 0, 0, 0, 0, 0, 0, 0, 0.014, 3.066, 0, 0, 0, 0, 0, 0, 0, 0, 0
17.0664, 0, 0, 0, 0, 0, 0, 0, 0, 0, 864.798, 0, 0, 1.55529e+06, 0, 0, 0, 0, 0, 0, 0, 0, -1.55529e+06, 1820, 300, 0, 0, 0, 0, 0, 0, 0, 0, 0, 0, 0, 0, 0, 0, 0, 0, 0, 0, 0, 0, 0.014, 3.066, 0, 0, 0, 0, 0, 0, 0, 0, 0
17.2578, 0, 0, 0, 0, 0, 0, 0, 0, 0, 894.653, 0, 0, 1.56876e+06, 0, 0, 0, 0, 0, 0, 0, 0, -1.56876e+06, 1742.1, 300, 0, 0, 0, 0, 0, 0, 0, 0, 0, 0, 0, 0, 0, 0, 0, 0, 0, 0, 0, 0, 0.014, 3.066, 0, 0, 0, 0, 0, 0, 0, 0, 0
17.2617, 0, 0, 0, 0, 0, 0, 0, 0, 0, 895.267, 0, 0, 1.56903e+06, 0, 0, 0, 0, 0, 0, 0, 0, -1.56903e+06, 1738.96, 300, 0, 0, 0, 0, 0, 0, 0, 0, 0, 0, 0, 0, 0, 0, 0, 0, 0, 0, 0, 0, 0.014, 3.066, 0, 0, 0, 0, 0, 0, 0, 0, 0
17.4531, 0, 0, 0, 0, 0, 0, 0, 0, 0, 925.381, 0, 0, 1.5819e+06, 0, 0, 0, 0, 0, 0, 0, 0, -1.5819e+06, 1662.08, 300, 0, 0, 0, 0, 0, 0, 0, 0, 0, 0, 0, 0, 0, 0, 0, 0, 0, 0, 0, 0, 0.014, 3.066, 0, 0, 0, 0, 0, 0, 0, 0, 0
17.457, 0, 0, 0, 0, 0, 0, 0, 0, 0, 926.001, 0, 0, 1.58215e+06, 0, 0, 0, 0, 0, 0, 0, 0, -1.58215e+06, 1658.98, 300, 0, 0, 0, 0, 0, 0, 0, 0, 0, 0, 0, 0, 0, 0, 0, 0, 0, 0, 0, 0, 0.014, 3.066, 0, 0, 0, 0, 0, 0, 0, 0, 0
17.6484, 0, 0, 0, 0, 0, 0, 0, 0, 0, 956.363, 0, 0, 1.59442e+06, 0, 0, 0, 0, 0, 0, 0, 0, -1.59442e+06, 1583.32, 300, 0, 0, 0, 0, 0, 0, 0, 0, 0, 0, 0, 0, 0, 0, 0, 0, 0, 0, 0, 0, 0.014, 3.066, 0, 0, 0, 0, 0, 0, 0, 0, 0
17.6523, 0, 0, 0, 0, 0, 0, 0, 0, 0, 956.987, 0, 0, 1.59467e+06, 0, 0, 0, 0, 0, 0, 0, 0, -1.59466e+06, 1580.32, 300, 0, 0, 0, 0, 0, 0, 0, 0, 0, 0, 0, 0, 0, 0, 0, 0, 0, 0, 0, 0, 0.014, 3.066, 0, 0, 0, 0, 0, 0, 0, 0, 0
17.8438, 0, 0, 0, 0, 0, 0, 0, 0, 0, 987.585, 0, 0, 1.60635e+06, 0, 0, 0, 0, 0, 0, 0, 0, -1.60635e+06, 1507.36, 300, 0, 0, 0, 0, 0, 0, 0, 0, 0, 0, 0, 0, 0, 0, 0, 0, 0, 0, 0, 0, 0.014, 3.066, 0, 0, 0, 0, 0, 0, 0, 0, 0
17.8477, 0, 0, 0, 0, 0, 0, 0, 0, 0, 988.214, 0, 0, 1.60658e+06, 0, 0, 0, 0, 0, 0, 0, 0, -1.60658e+06, 1504.46, 300, 0, 0, 0, 0, 0, 0, 0, 0, 0, 0, 0, 0, 0, 0, 0, 0, 0, 0, 0, 0, 0.014, 3.066, 0, 0, 0, 0, 0, 0, 0, 0, 0
18.0391, 0, 0, 0, 0, 0, 0, 0, 0, 0, 1019.04, 0, 0, 1.61771e+06, 0, 0, 0, 0, 0, 0, 0, 0, -1.61771e+06, 1433.88, 300, 0, 0, 0, 0, 0, 0, 0, 0, 0, 0, 0, 0, 0, 0, 0, 0, 0, 0, 0, 0, 0.014, 3.066, 0, 0, 0, 0, 0, 0, 0, 0, 0
18.043, 0, 0, 0, 0, 0, 0, 0, 0, 0, 1019.67, 0, 0, 1.61792e+06, 0, 0, 0, 0, 0, 0, 0, 0, -1.61792e+06, 1431.12, 300, 0, 0, 0, 0, 0, 0, 0, 0, 0, 0, 0, 0, 0, 0, 0, 0, 0, 0, 0, 0, 0.014, 3.066, 0, 0, 0, 0, 0, 0, 0, 0, 0
18.2344, 0, 0, 0, 0, 0, 0, 0, 0, 0, 1050.7, 0, 0, 1.62851e+06, 0, 0, 0, 0, 0, 0, 0, 0, -1.62851e+06, 1363.92, 300, 0, 0, 0, 0, 0, 0, 0, 0, 0, 0, 0, 0, 0, 0, 0, 0, 0, 0, 0, 0, 0.014, 3.066, 0, 0, 0, 0, 0, 0, 0, 0, 0
18.2383, 0, 0, 0, 0, 0, 0, 0, 0, 0, 1051.34, 0, 0, 1.62871e+06, 0, 0, 0, 0, 0, 0, 0, 0, -1.62871e+06, 1361.27, 300, 0, 0, 0, 0, 0, 0, 0, 0, 0, 0, 0, 0, 0, 0, 0, 0, 0, 0, 0, 0, 0.014, 3.066, 0, 0, 0, 0, 0, 0, 0, 0, 0
18.4297, 0, 0, 0, 0, 0, 0, 0, 0, 0, 1082.58, 0, 0, 1.63878e+06, 0, 0, 0, 0, 0, 0, 0, 0, -1.63878e+06, 1296.89, 300, 0, 0, 0, 0, 0, 0, 0, 0, 0, 0, 0, 0, 0, 0, 0, 0, 0, 0, 0, 0, 0.014, 3.066, 0, 0, 0, 0, 0, 0, 0, 0, 0
18.4336, 0, 0, 0, 0, 0, 0, 0, 0, 0, 1083.22, 0, 0, 1.63897e+06, 0, 0, 0, 0, 0, 0, 0, 0, -1.63897e+06, 1294.39, 300, 0, 0, 0, 0, 0, 0, 0, 0, 0, 0, 0, 0, 0, 0, 0, 0, 0, 0, 0, 0, 0.014, 3.066, 0, 0, 0, 0, 0, 0, 0, 0, 0
18.625, 0, 0, 0, 0, 0, 0, 0, 0, 0, 1114.66, 0, 0, 1.64854e+06, 0, 0, 0, 0, 0, 0, 0, 0, -1.64854e+06, 1233.61, 300, 0, 0, 0, 0, 0, 0, 0, 0, 0, 0, 0, 0, 0, 0, 0, 0, 0, 0, 0, 0, 0.014, 3.066, 0, 0, 0, 0, 0, 0, 0, 0, 0
18.6289, 0, 0, 0, 0, 0, 0, 0, 0, 0, 1115.3, 0, 0, 1.64873e+06, 0, 0, 0, 0, 0, 0, 0, 0, -1.64873e+06, 1231.23, 300, 0, 0, 0, 0, 0, 0, 0, 0, 0, 0, 0, 0, 0, 0, 0, 0, 0, 0, 0, 0, 0.014, 3.066, 0, 0, 0, 0, 0, 0, 0, 0, 0
18.8203, 0, 0, 0, 0, 0, 0, 0, 0, 0, 1146.92, 0, 0, 1.65783e+06, 0, 0, 0, 0, 0, 0, 0, 0, -1.65783e+06, 1173.45, 300, 0, 0, 0, 0, 0, 0, 0, 0, 0, 0, 0, 0, 0, 0, 0, 0, 0, 0, 0, 0, 0.014, 3.066, 0, 0, 0, 0, 0, 0, 0, 0, 0
18.8242, 0, 0, 0, 0, 0, 0, 0, 0, 0, 1147.56, 0, 0, 1.65801e+06, 0, 0, 0, 0, 0, 0, 0, 0, -1.65801e+06, 1171.22, 300, 0, 0, 0, 0, 0, 0, 0, 0, 0, 0, 0, 0, 0, 0, 0, 0, 0, 0, 0, 0, 0.014, 3.066, 0, 0, 0, 0, 0, 0, 0, 0, 0
19.0156, 0, 0, 0, 0, 0, 0, 0, 0, 0, 1179.36, 0, 0, 1.66667e+06, 0, 0, 0, 0, 0, 0, 0, 0, -1.66667e+06, 1117.14, 300, 0, 0, 0, 0, 0, 0, 0, 0, 0, 0, 0, 0, 0, 0, 0, 0, 0, 0, 0, 0, 0.014, 3.066, 0, 0, 0, 0, 0, 0, 0, 0, 0
19.0195, 0, 0, 0, 0, 0, 0, 0, 0, 0, 1180.01, 0, 0, 1.66684e+06, 0, 0, 0, 0, 0, 0, 0, 0, -1.66684e+06, 1115.04, 300, 0, 0, 0, 0, 0, 0, 0, 0, 0, 0, 0, 0, 0, 0, 0, 0, 0, 0, 0, 0, 0.014, 3.066, 0, 0, 0, 0, 0, 0, 0, 0, 0
19.2109, 0, 0, 0, 0, 0, 0, 0, 0, 0, 1211.96, 0, 0, 1.67509e+06, 0, 0, 0, 0, 0, 0, 0, 0, -1.67509e+06, 1064.1, 300, 0, 0, 0, 0, 0, 0, 0, 0, 0, 0, 0, 0, 0, 0, 0, 0, 0, 0, 0, 0, 0.014, 3.066, 0, 0, 0, 0, 0, 0, 0, 0, 0
19.2148, 0, 0, 0, 0, 0, 0, 0, 0, 0, 1212.62, 0, 0, 1.67525e+06, 0, 0, 0, 0, 0, 0, 0, 0, -1.67525e+06, 1062.15, 300, 0, 0, 0, 0, 0, 0, 0, 0, 0, 0, 0, 0, 0, 0, 0, 0, 0, 0, 0, 0, 0.014, 3.066, 0, 0, 0, 0, 0, 0, 0, 0, 0
19.4062, 0, 0, 0, 0, 0, 0, 0, 0, 0, 1244.74, 0, 0, 1.68311e+06, 0, 0, 0, 0, 0, 0, 0, 0, -1.68311e+06, 1015.02, 300, 0, 0, 0, 0, 0, 0, 0, 0, 0, 0, 0, 0, 0, 0, 0, 0, 0, 0, 0, 0, 0.014, 3.066, 0, 0, 0, 0, 0, 0, 0, 0, 0
19.4102, 0, 0, 0, 0, 0, 0, 0, 0, 0, 1245.39, 0, 0, 1.68326e+06, 0, 0, 0, 0, 0, 0, 0, 0, -1.68326e+06, 1013.21, 300, 0, 0, 0, 0, 0, 0, 0, 0, 0, 0, 0, 0, 0, 0, 0, 0, 0, 0, 0, 0, 0.014, 3.066, 0, 0, 0, 0, 0, 0, 0, 0, 0
19.6016, 0, 0, 0, 0, 0, 0, 0, 0, 0, 1277.66, 0, 0, 1.69076e+06, 0, 0, 0, 0, 0, 0, 0, 0, -1.69076e+06, 969.425, 300, 0, 0, 0, 0, 0, 0, 0, 0, 0, 0, 0, 0, 0, 0, 0, 0, 0, 0, 0, 0, 0.014, 3.066, 0, 0, 0, 0, 0, 0, 0, 0, 0
19.6055, 0, 0, 0, 0, 0, 0, 0, 0, 0, 1278.32, 0, 0, 1.69091e+06, 0, 0, 0, 0, 0, 0, 0, 0, -1.69091e+06, 967.777, 300, 0, 0, 0, 0, 0, 0, 0, 0, 0, 0, 0, 0, 0, 0, 0, 0, 0, 0, 0, 0, 0.014, 3.066, 0, 0, 0, 0, 0, 0, 0, 0, 0
19.7969, 0, 0, 0, 0, 0, 0, 0, 0, 0, 1310.73, 0, 0, 1.69808e+06, 0, 0, 0, 0, 0, 0, 0, 0, -1.69808e+06, 928.037, 300, 0, 0, 0, 0, 0, 0, 0, 0, 0, 0, 0, 0, 0, 0, 0, 0, 0, 0, 0, 0, 0.014, 3.066, 0, 0, 0, 0, 0, 0, 0, 0, 0
19.8008, 0, 0, 0, 0, 0, 0, 0, 0, 0, 1311.4, 0, 0, 1.69822e+06, 0, 0, 0, 0, 0, 0, 0, 0, -1.69822e+06, 926.538, 300, 0, 0, 0, 0, 0, 0, 0, 0, 0, 0, 0, 0, 0, 0, 0, 0, 0, 0, 0, 0, 0.014, 3.066, 0, 0, 0, 0, 0, 0, 0, 0, 0
19.9922, 0, 0, 0, 0, 0, 0, 0, 0, 0, 1343.95, 0, 0, 1.70508e+06, 0, 0, 0, 0, 0, 0, 0, 0, -1.70508e+06, 890.478, 300, 0, 0, 0, 0, 0, 0, 0, 0, 0, 0, 0, 0, 0, 0, 0, 0, 0, 0, 0, 0, 0.014, 3.066, 0, 0, 0, 0, 0, 0, 0, 0, 0
19.9961, 0, 0, 0, 0, 0, 0, 0, 0, 0, 1344.61, 0, 0, 1.70522e+06, 0, 0, 0, 0, 0, 0, 0, 0, -1.70522e+06, 889.158, 300, 0, 0, 0, 0, 0, 0, 0, 0, 0, 0, 0, 0, 0, 0, 0, 0, 0, 0, 0, 0, 0.014, 3.066, 0, 0, 0, 0, 0, 0, 0, 0, 0
20.1875, 0, 0, 0, 0, 0, 0, 0, 0, 0, 1377.29, 0, 0, 1.71182e+06, 0, 0, 0, 0, 0, 0, 0, 0, -1.71182e+06, 857.515, 300, 0, 0, 0, 0, 0, 0, 0, 0, 0, 0, 0, 0, 0, 0, 0, 0, 0, 0, 0, 0, 0.014, 3.066, 0, 0, 0, 0, 0, 0, 0, 0, 0
20.1914, 0, 0, 0, 0, 0, 0, 0, 0, 0, 1377.96, 0, 0, 1.71195e+06, 0, 0, 0, 0, 0, 0, 0, 0, -1.71195e+06, 856.363, 300, 0, 0, 0, 0, 0, 0, 0, 0, 0, 0, 0, 0, 0, 0, 0, 0, 0, 0, 0, 0, 0.014, 3.066, 0, 0, 0, 0, 0, 0, 0, 0, 0
20.3828, 0, 0, 0, 0, 0, 0, 0, 0, 0, 1410.77, 0, 0, 1.7183e+06, 0, 0, 0, 0, 0, 0, 0, 0, -1.7183e+06, 828.891, 300, 0, 0, 0, 0, 0, 0, 0, 0, 0, 0, 0, 0, 0, 0, 0, 0, 0, 0, 0, 0, 0.014, 3.066, 0, 0, 0, 0, 0, 0, 0, 0, 0
20.3867, 0, 0, 0, 0, 0, 0, 0, 0, 0, 1411.44, 0, 0, 1.71843e+06, 0, 0, 0, 0, 0, 0, 0, 0, -1.71843e+06, 827.939, 300, 0, 0, 0, 0, 0, 0, 0, 0, 0, 0, 0, 0, 0, 0, 0, 0, 0, 0, 0, 0, 0.014, 3.066, 0, 0, 0, 0, 0, 0, 0, 0, 0
20.5781, 0, 0, 0, 0, 0, 0, 0, 0, 0, 1444.37, 0, 0, 1.72459e+06, 0, 0, 0, 0, 0, 0, 0, 0, -1.72459e+06, 805.435, 300, 0, 0, 0, 0, 0, 0, 0, 0, 0, 0, 0, 0, 0, 0, 0, 0, 0, 0, 0, 0, 0.014, 3.066, 0, 0, 0, 0, 0, 0, 0, 0, 0
20.582, 0, 0, 0, 0, 0, 0, 0, 0, 0, 1445.05, 0, 0, 1.72471e+06, 0, 0, 0, 0, 0, 0, 0, 0, -1.72471e+06, 804.679, 300, 0, 0, 0, 0, 0, 0, 0, 0, 0, 0, 0, 0, 0, 0, 0, 0, 0, 0, 0, 0, 0.014, 3.066, 0, 0, 0, 0, 0, 0, 0, 0, 0
20.7734, 0, 0, 0, 0, 0, 0, 0, 0, 0, 1478.1, 0, 0, 1.7307e+06, 0, 0, 0, 0, 0, 0, 0, 0, -1.7307e+06, 787.022, 300, 0, 0, 0, 0, 0, 0, 0, 0, 0, 0, 0, 0, 0, 0, 0, 0, 0, 0, 0, 0, 0.014, 3.066, 0, 0, 0, 0, 0, 0, 0, 0, 0
20.7773, 0, 0, 0, 0, 0, 0, 0, 0, 0, 1478.78, 0, 0, 1.73082e+06, 0, 0, 0, 0, 0, 0, 0, 0, -1.73082e+06, 786.497, 300, 0, 0, 0, 0, 0, 0, 0, 0, 0, 0, 0, 0, 0, 0, 0, 0, 0, 0, 0, 0, 0.014, 3.066, 0, 0, 0, 0, 0, 0, 0, 0, 0
20.9687, 0, 0, 0, 0, 0, 0, 0, 0, 0, 1511.94, 0, 0, 1.7367e+06, 0, 0, 0, 0, 0, 0, 0, 0, -1.7367e+06, 774.567, 300, 0, 0, 0, 0, 0, 0, 0, 0, 0, 0, 0, 0, 0, 0, 0, 0, 0, 0, 0, 0, 0.014, 3.066, 0, 0, 0, 0, 0, 0, 0, 0, 0
20.9727, 0, 0, 0, 0, 0, 0, 0, 0, 0, 1512.62, 0, 0, 1.73681e+06, 0, 0, 0, 0, 0, 0, 0, 0, -1.73681e+06, 774.273, 300, 0, 0, 0, 0, 0, 0, 0, 0, 0, 0, 0, 0, 0, 0, 0, 0, 0, 0, 0, 0, 0.014, 3.066, 0, 0, 0, 0, 0, 0, 0, 0, 0
21.1641, 0, 0, 0, 0, 0, 0, 0, 0, 0, 1545.9, 0, 0, 1.7426e+06, 0, 0, 0, 0, 0, 0, 0, 0, -1.7426e+06, 768.091, 300, 0, 0, 0, 0, 0, 0, 0, 0, 0, 0, 0, 0, 0, 0, 0, 0, 0, 0, 0, 0, 0.014, 3.066, 0, 0, 0, 0, 0, 0, 0, 0, 0
21.168, 0, 0, 0, 0, 0, 0, 0, 0, 0, 1546.58, 0, 0, 1.74272e+06, 0, 0, 0, 0, 0, 0, 0, 0, -1.74272e+06, 768.069, 300, 0, 0, 0, 0, 0, 0, 0, 0, 0, 0, 0, 0, 0, 0, 0, 0, 0, 0, 0, 0, 0.014, 3.066, 0, 0, 0, 0, 0, 0, 0, 0, 0
21.3594, 0, 0, 0, 0, 0, 0, 0, 0, 0, 1579.97, 0, 0, 1.74848e+06, 0, 0, 0, 0, 0, 0, 0, 0, -1.74848e+06, 768.626, 300, 0, 0, 0, 0, 0, 0, 0, 0, 0, 0, 0, 0, 0, 0, 0, 0, 0, 0, 0, 0, 0.014, 3.066, 0, 0, 0, 0, 0, 0, 0, 0, 0
21.3633, 0, 0, 0, 0, 0, 0, 0, 0, 0, 1580.66, 0, 0, 1.7486e+06, 0, 0, 0, 0, 0, 0, 0, 0, -1.7486e+06, 768.882, 300, 0, 0, 0, 0, 0, 0, 0, 0, 0, 0, 0, 0, 0, 0, 0, 0, 0, 0, 0, 0, 0.014, 3.066, 0, 0, 0, 0, 0, 0, 0, 0, 0
21.5547, 0, 0, 0, 0, 0, 0, 0, 0, 0, 1614.16, 0, 0, 1.75438e+06, 0, 0, 0, 0, 0, 0, 0, 0, -1.75438e+06, 776.361, 300, 0, 0, 0, 0, 0, 0, 0, 0, 0, 0, 0, 0, 0, 0, 0, 0, 0, 0, 0, 0, 0.014, 3.066, 0, 0, 0, 0, 0, 0, 0, 0, 0
21.5586, 0, 0, 0, 0, 0, 0, 0, 0, 0, 1614.85, 0, 0, 1.7545e+06, 0, 0, 0, 0, 0, 0, 0, 0, -1.7545e+06, 776.941, 300, 0, 0, 0, 0, 0, 0, 0, 0, 0, 0, 0, 0, 0, 0, 0, 0, 0, 0, 0, 0, 0.014, 3.066, 0, 0, 0, 0, 0, 0, 0, 0, 0
21.75, 0, 0, 0, 0, 0, 0, 0, 0, 0, 1648.47, 0, 0, 1.76036e+06, 0, 0, 0, 0, 0, 0, 0, 0, -1.76036e+06, 792.48, 300, 0, 0, 0, 0, 0, 0, 0, 0, 0, 0, 0, 0, 0, 0, 0, 0, 0, 0, 0, 0, 0.014, 3.066, 0, 0, 0, 0, 0, 0, 0, 0, 0
21.7539, 0, 0, 0, 0, 0, 0, 0, 0, 0, 1649.16, 0, 0, 1.76048e+06, 0, 0, 0, 0, 0, 0, 0, 0, -1.76048e+06, 793.397, 300, 0, 0, 0, 0, 0, 0, 0, 0, 0, 0, 0, 0, 0, 0, 0, 0, 0, 0, 0, 0, 0.014, 3.066, 0, 0, 0, 0, 0, 0, 0, 0, 0
21.9453, 0, 0, 0, 0, 0, 0, 0, 0, 0, 1682.89, 0, 0, 1.76649e+06, 0, 0, 0, 0, 0, 0, 0, 0, -1.76649e+06, 817.368, 300, 0, 0, 0, 0, 0, 0, 0, 0, 0, 0, 0, 0, 0, 0, 0, 0, 0, 0, 0, 0, 0.014, 3.066, 0, 0, 0, 0, 0, 0, 0, 0, 0
21.9492, 0, 0, 0, 0, 0, 0, 0, 0, 0, 1683.58, 0, 0, 1.76661e+06, 0, 0, 0, 0, 0, 0, 0, 0, -1.76661e+06, 818.678, 300, 0, 0, 0, 0, 0, 0, 0, 0, 0, 0, 0, 0, 0, 0, 0, 0, 0, 0, 0, 0, 0.014, 3.066, 0, 0, 0, 0, 0, 0, 0, 0, 0
22.1406, 0, 0, 0, 0, 0, 0, 0, 0, 0, 1717.43, 0, 0, 1.77283e+06, 0, 0, 0, 0, 0, 0, 0, 0, -1.77283e+06, 852.404, 300, 0, 0, 0, 0, 0, 0, 0, 0, 0, 0, 0, 0, 0, 0, 0, 0, 0, 0, 0, 0, 0.014, 3.066, 0, 0, 0, 0, 0, 0, 0, 0, 0
22.1445, 0, 0, 0, 0, 0, 0, 0, 0, 0, 1718.12, 0, 0, 1.77296e+06, 0, 0, 0, 0, 0, 0, 0, 0, -1.77296e+06, 854.129, 300, 0, 0, 0, 0, 0, 0, 0, 0, 0, 0, 0, 0, 0, 0, 0, 0, 0, 0, 0, 0, 0.014, 3.066, 0, 0, 0, 0, 0, 0, 0, 0, 0
22.3359, 0, 0, 0, 0, 0, 0, 0, 0, 0, 1752.1, 0, 0, 1.77946e+06, 0, 0, 0, 0, 0, 0, 0, 0, -1.77946e+06, 898.203, 300, 0, 0, 0, 0, 0, 0, 0, 0, 0, 0, 0, 0, 0, 0, 0, 0, 0, 0, 0, 0, 0.014, 3.066, 0, 0, 0, 0, 0, 0, 0, 0, 0
22.3398, 0, 0, 0, 0, 0, 0, 0, 0, 0, 1752.79, 0, 0, 1.7796e+06, 0, 0, 0, 0, 0, 0, 0, 0, -1.7796e+06, 900.406, 300, 0, 0, 0, 0, 0, 0, 0, 0, 0, 0, 0, 0, 0, 0, 0, 0, 0, 0, 0, 0, 0.014, 3.066, 0, 0, 0, 0, 0, 0, 0, 0, 0
22.5312, 0, 0, 0, 0, 0, 0, 0, 0, 0, 1786.9, 0, 0, 1.78648e+06, 0, 0, 0, 0, 0, 0, 0, 0, -1.78648e+06, 956.382, 300, 0, 0, 0, 0, 0, 0, 0, 0, 0, 0, 0, 0, 0, 0, 0, 0, 0, 0, 0, 0, 0.014, 3.066, 0, 0, 0, 0, 0, 0, 0, 0, 0
22.5352, 0, 0, 0, 0, 0, 0, 0, 0, 0, 1787.6, 0, 0, 1.78663e+06, 0, 0, 0, 0, 0, 0, 0, 0, -1.78663e+06, 959.096, 300, 0, 0, 0, 0, 0, 0, 0, 0, 0, 0, 0, 0, 0, 0, 0, 0, 0, 0, 0, 0, 0.014, 3.066, 0, 0, 0, 0, 0, 0, 0, 0, 0
22.7266, 0, 0, 0, 0, 0, 0, 0, 0, 0, 1821.84, 0, 0, 1.79398e+06, 0, 0, 0, 0, 0, 0, 0, 0, -1.79398e+06, 1027.82, 300, 0, 0, 0, 0, 0, 0, 0, 0, 0, 0, 0, 0, 0, 0, 0, 0, 0, 0, 0, 0, 0.014, 3.066, 0, 0, 0, 0, 0, 0, 0, 0, 0
22.7305, 0, 0, 0, 0, 0, 0, 0, 0, 0, 1822.54, 0, 0, 1.79414e+06, 0, 0, 0, 0, 0, 0, 0, 0, -1.79413e+06, 1031.12, 300, 0, 0, 0, 0, 0, 0, 0, 0, 0, 0, 0, 0, 0, 0, 0, 0, 0, 0, 0, 0, 0.014, 3.066, 0, 0, 0, 0, 0, 0, 0, 0, 0
22.9219, 0, 0, 0, 0, 0, 0, 0, 0, 0, 1856.93, 0, 0, 1.80206e+06, 0, 0, 0, 0, 0, 0, 0, 0, -1.80206e+06, 1114.42, 300, 0, 0, 0, 0, 0, 0, 0, 0, 0, 0, 0, 0, 0, 0, 0, 0, 0, 0, 0, 0, 0.014, 3.066, 0, 0, 0, 0, 0, 0, 0, 0, 0
22.9258, 0, 0, 0, 0, 0, 0, 0, 0, 0, 1857.63, 0, 0, 1.80223e+06, 0, 0, 0, 0, 0, 0, 0, 0, -1.80223e+06, 1118.35, 300, 0, 0, 0, 0, 0, 0, 0, 0, 0, 0, 0, 0, 0, 0, 0, 0, 0, 0, 0, 0, 0.014, 3.066, 0, 0, 0, 0, 0, 0, 0, 0, 0
23.1172, 0, 0, 0, 0, 0, 0, 0, 0, 0, 1892.18, 0, 0, 1.81084e+06, 0, 0, 0, 0, 0, 0, 0, 0, -1.81084e+06, 1217.37, 300, 0, 0, 0, 0, 0, 0, 0, 0, 0, 0, 0, 0, 0, 0, 0, 0, 0, 0, 0, 0, 0.014, 3.066, 0, 0, 0, 0, 0, 0, 0, 0, 0
23.1211, 0, 0, 0, 0, 0, 0, 0, 0, 0, 1892.89, 0, 0, 1.81103e+06, 0, 0, 0, 0, 0, 0, 0, 0, -1.81103e+06, 1222.01, 300, 0, 0, 0, 0, 0, 0, 0, 0, 0, 0, 0, 0, 0, 0, 0, 0, 0, 0, 0, 0, 0.014, 3.066, 0, 0, 0, 0, 0, 0, 0, 0, 0
23.3125, 0, 0, 0, 0, 0, 0, 0, 0, 0, 1927.61, 0, 0, 1.82046e+06, 0, 0, 0, 0, 0, 0, 0, 0, -1.82046e+06, 1338.89, 300, 0, 0, 0, 0, 0, 0, 0, 0, 0, 0, 0, 0, 0, 0, 0, 0, 0, 0, 0, 0, 0.014, 3.066, 0, 0, 0, 0, 0, 0, 0, 0, 0
23.3164, 0, 0, 0, 0, 0, 0, 0, 0, 0, 1928.32, 0, 0, 1.82067e+06, 0, 0, 0, 0, 0, 0, 0, 0, -1.82067e+06, 1344.31, 300, 0, 0, 0, 0, 0, 0, 0, 0, 0, 0, 0, 0, 0, 0, 0, 0, 0, 0, 0, 0, 0.014, 3.066, 0, 0, 0, 0, 0, 0, 0, 0, 0
23.5078, 0, 0, 0, 0, 0, 0, 0, 0, 0, 1963.23, 0, 0, 1.83106e+06, 0, 0, 0, 0, 0, 0, 0, 0, -1.83106e+06, 1480.47, 300, 0, 0, 0, 0, 0, 0, 0, 0, 0, 0, 0, 0, 0, 0, 0, 0, 0, 0, 0, 0, 0.014, 3.066, 0, 0, 0, 0, 0, 0, 0, 0, 0
23.5117, 0, 0, 0, 0, 0, 0, 0, 0, 0, 1963.94, 0, 0, 1.83129e+06, 0, 0, 0, 0, 0, 0, 0, 0, -1.83129e+06, 1486.77, 300, 0, 0, 0, 0, 0, 0, 0, 0, 0, 0, 0, 0, 0, 0, 0, 0, 0, 0, 0, 0, 0.014, 3.066, 0, 0, 0, 0, 0, 0, 0, 0, 0
23.7031, 0, 0, 0, 0, 0, 0, 0, 0, 0, 1999.06, 0, 0, 1.8428e+06, 0, 0, 0, 0, 0, 0, 0, 0, -1.8428e+06, 1644.66, 300, 0, 0, 0, 0, 0, 0, 0, 0, 0, 0, 0, 0, 0, 0, 0, 0, 0, 0, 0, 0, 0.014, 3.066, 0, 0, 0, 0, 0, 0, 0, 0, 0
23.707, 0, 0, 0, 0, 0, 0, 0, 0, 0, 1999.78, 0, 0, 1.84306e+06, 0, 0, 0, 0, 0, 0, 0, 0, -1.84306e+06, 1651.89, 300, 0, 0, 0, 0, 0, 0, 0, 0, 0, 0, 0, 0, 0, 0, 0, 0, 0, 0, 0, 0, 0.014, 3.066, 0, 0, 0, 0, 0, 0, 0, 0, 0
23.8984, 0, 0, 0, 0, 0, 0, 0, 0, 0, 2035.13, 0, 0, 1.85586e+06, 0, 0, 0, 0, 0, 0, 0, 0, -1.85586e+06, 1833.08, 300, 0, 0, 0, 0, 0, 0, 0, 0, 0, 0, 0, 0, 0, 0, 0, 0, 0, 0, 0, 0, 0.014, 3.066, 0, 0, 0, 0, 0, 0, 0, 0, 0
23.9023, 0, 0, 0, 0, 0, 0, 0, 0, 0, 2035.86, 0, 0, 1.85614e+06, 0, 0, 0, 0, 0, 0, 0, 0, -1.85614e+06, 1841.35, 300, 0, 0, 0, 0, 0, 0, 0, 0, 0, 0, 0, 0, 0, 0, 0, 0, 0, 0, 0, 0, 0.014, 3.066, 0, 0, 0, 0, 0, 0, 0, 0, 0
24.0938, 0, 0, 0, 0, 0, 0, 0, 0, 0, 2071.47, 0, 0, 1.87043e+06, 0, 0, 0, 0, 0, 0, 0, 0, -1.87043e+06, 2048.19, 300, 0, 0, 0, 0, 0, 0, 0, 0, 0, 0, 0, 0, 0, 0, 0, 0, 0, 0, 0, 0, 0.014, 3.066, 0, 0, 0, 0, 0, 0, 0, 0, 0
24.0977, 0, 0, 0, 0, 0, 0, 0, 0, 0, 2072.2, 0, 0, 1.87075e+06, 0, 0, 0, 0, 0, 0, 0, 0, -1.87075e+06, 2057.52, 300, 0, 0, 0, 0, 0, 0, 0, 0, 0, 0, 0, 0, 0, 0, 0, 0, 0, 0, 0, 0, 0.014, 3.066, 0, 0, 0, 0, 0, 0, 0, 0, 0
24.2891, 0, 0, 0, 0, 0, 0, 0, 0, 0, 2108.1, 0, 0, 1.88671e+06, 0, 0, 0, 0, 0, 0, 0, 0, -1.88671e+06, 2290.8, 300, 0, 0, 0, 0, 0, 0, 0, 0, 0, 0, 0, 0, 0, 0, 0, 0, 0, 0, 0, 0, 0.014, 3.066, 0, 0, 0, 0, 0, 0, 0, 0, 0
24.293, 0, 0, 0, 0, 0, 0, 0, 0, 0, 2108.84, 0, 0, 1.88707e+06, 0, 0, 0, 0, 0, 0, 0, 0, -1.88707e+06, 2301.23, 300, 0, 0, 0, 0, 0, 0, 0, 0, 0, 0, 0, 0, 0, 0, 0, 0, 0, 0, 0, 0, 0.014, 3.066, 0, 0, 0, 0, 0, 0, 0, 0, 0
24.4844, 0, 0, 0, 0, 0, 0, 0, 0, 0, 2145.06, 0, 0, 1.90493e+06, 0, 0, 0, 0, 0, 0, 0, 0, -1.90493e+06, 2561.27, 300, 0, 0, 0, 0, 0, 0, 0, 0, 0, 0, 0, 0, 0, 0, 0, 0, 0, 0, 0, 0, 0.014, 3.066, 0, 0, 0, 0, 0, 0, 0, 0, 0
24.4883, 0, 0, 0, 0, 0, 0, 0, 0, 0, 2145.81, 0, 0, 1.90533e+06, 0, 0, 0, 0, 0, 0, 0, 0, -1.90533e+06, 2572.68, 300, 0, 0, 0, 0, 0, 0, 0, 0, 0, 0, 0, 0, 0, 0, 0, 0, 0, 0, 0, 0, 0.014, 3.066, 0, 0, 0, 0, 0, 0, 0, 0, 0
24.6797, 0, 0, 0, 0, 0, 0, 0, 0, 0, 2182.39, 0, 0, 1.92529e+06, 0, 0, 0, 0, 0, 0, 0, 0, -1.92529e+06, 2855.64, 300, 0, 0, 0, 0, 0, 0, 0, 0, 0, 0, 0, 0, 0, 0, 0, 0, 0, 0, 0, 0, 0.014, 3.066, 0, 0, 0, 0, 0, 0, 0, 0, 0
24.6836, 0, 0, 0, 0, 0, 0, 0, 0, 0, 2183.15, 0, 0, 1.92573e+06, 0, 0, 0, 0, 0, 0, 0, 0, -1.92573e+06, 2867.69, 300, 0, 0, 0, 0, 0, 0, 0, 0, 0, 0, 0, 0, 0, 0, 0, 0, 0, 0, 0, 0, 0.014, 3.066, 0, 0, 0, 0, 0, 0, 0, 0, 0
24.875, 0, 0, 0, 0, 0, 0, 0, 0, 0, 2220.14, 0, 0, 1.94795e+06, 0, 0, 0, 0, 0, 0, 0, 0, -1.94795e+06, 3164.38, 300, 0, 0, 0, 0, 0, 0, 0, 0, 0, 0, 0, 0, 0, 0, 0, 0, 0, 0, 0, 0, 0.014, 3.066, 0, 0, 0, 0, 0, 0, 0, 0, 0
24.8789, 0, 0, 0, 0, 0, 0, 0, 0, 0, 2220.9, 0, 0, 1.94845e+06, 0, 0, 0, 0, 0, 0, 0, 0, -1.94845e+06, 3176.25, 300, 0, 0, 0, 0, 0, 0, 0, 0, 0, 0, 0, 0, 0, 0, 0, 0, 0, 0, 0, 0, 0.014, 3.066, 0, 0, 0, 0, 0, 0, 0, 0, 0
25.0703, 0, 0, 0, 0, 0, 0, 0, 0, 0, 2258.34, 0, 0, 1.97299e+06, 0, 0, 0, 0, 0, 0, 0, 0, -1.97299e+06, 3463.78, 300, 0, 0, 0, 0, 0, 0, 0, 0, 0, 0, 0, 0, 0, 0, 0, 0, 0, 0, 0, 0, 0.014, 3.066, 0, 0, 0, 0, 0, 0, 0, 0, 0
25.0742, 0, 0, 0, 0, 0, 0, 0, 0, 0, 2259.11, 0, 0, 1.97353e+06, 0, 0, 0, 0, 0, 0, 0, 0, -1.97353e+06, 3473.78, 300, 0, 0, 0, 0, 0, 0, 0, 0, 0, 0, 0, 0, 0, 0, 0, 0, 0, 0, 0, 0, 0.014, 3.066, 0, 0, 0, 0, 0, 0, 0, 0, 0
25.2656, 0, 0, 0, 0, 0, 0, 0, 0, 0, 2297.04, 0, 0, 2.00025e+06, 0, 0, 0, 0, 0, 0, 0, 0, -2.00025e+06, 3706.22, 300, 0, 0, 0, 0, 0, 0, 0, 0, 0, 0, 0, 0, 0, 0, 0, 0, 0, 0, 0, 0, 0.014, 3.066, 0, 0, 0, 0, 0, 0, 0, 0, 0
25.2695, 0, 0, 0, 0, 0, 0, 0, 0, 0, 2297.83, 0, 0, 2.00082e+06, 0, 0, 0, 0, 0, 0, 0, 0, -2.00082e+06, 3710.96, 300, 0, 0, 0, 0, 0, 0, 0, 0, 0, 0, 0, 0, 0, 0, 0, 0, 0, 0, 0, 0, 0.014, 3.066, 0, 0, 0, 0, 0, 0, 0, 0, 0
25.4609, 0, 0, 0, 0, 0, 0, 0, 0, 0, 2336.29, 0, 0, 2.0291e+06, 0, 0, 0, 0, 0, 0, 0, 0, -2.0291e+06, 3796.02, 300, 0, 0, 0, 0, 0, 0, 0, 0, 0, 0, 0, 0, 0, 0, 0, 0, 0, 0, 0, 0, 0.014, 3.066, 0, 0, 0, 0, 0, 0, 0, 0, 0
25.4648, 0, 0, 0, 0, 0, 0, 0, 0, 0, 2337.09, 0, 0, 2.02968e+06, 0, 0, 0, 0, 0, 0, 0, 0, -2.02968e+06, 3789.12, 300, 0, 0, 0, 0, 0, 0, 0, 0, 0, 0, 0, 0, 0, 0, 0, 0, 0, 0, 0, 0, 0.014, 3.066, 0, 0, 0, 0, 0, 0, 0, 0, 0
25.6562, 0, 0, 0, 0, 0, 0, 0, 0, 0, 2376.12, 0, 0, 2.05803e+06, 0, 0, 0, 0, 0, 0, 0, 0, -2.05803e+06, 3554.49, 300, 0, 0, 0, 0, 0, 0, 0, 0, 0, 0, 0, 0, 0, 0, 0, 0, 0, 0, 0, 0, 0.014, 3.066, 0, 0, 0, 0, 0, 0, 0, 0, 0
25.6602, 0, 0, 0, 0, 0, 0, 0, 0, 0, 2376.92, 0, 0, 2.05857e+06, 0, 0, 0, 0, 0, 0, 0, 0, -2.05856e+06, 3524.27, 300, 0, 0, 0, 0, 0, 0, 0, 0, 0, 0, 0, 0, 0, 0, 0, 0, 0, 0, 0, 0, 0.014, 3.066, 0, 0, 0, 0, 0, 0, 0, 0, 0
25.8516, 0, 0, 0, 0, 0, 0, 0, 0, 0, 2416.5, 0, 0, 2.08385e+06, 0, 0, 0, 0, 0, 0, 0, 0, -2.08384e+06, 2658.08, 300, 0, 0, 0, 0, 0, 0, 0, 0, 0, 0, 0, 0, 0, 0, 0, 0, 0, 0, 0, 0, 0.014, 3.066, 0, 0, 0, 0, 0, 0, 0, 0, 0
25.8555, 0, 0, 0, 0, 0, 0, 0, 0, 0, 2417.32, 0, 0, 2.08422e+06, 0, 0, 0, 0, 0, 0, 0, 0, -2.08422e+06, 2584.74, 300, 0, 0, 0, 0, 0, 0, 0, 0, 0, 0, 0, 0, 0, 0, 0, 0, 0, 0, 0, 0, 0.014, 3.066, 0, 0, 0, 0, 0, 0, 0, 0, 0
26.0469, 0, 0, 0, 0, 0, 0, 0, 0, 0, 2457.36, 0, 0, 2.1004e+06, 0, 0, 0, 0, 0, 0, 0, 0, -2.1004e+06, 562.652, 300, 0, 0, 0, 0, 0, 0, 0, 0, 0, 0, 0, 0, 0, 0, 0, 0, 0, 0, 0, 0, 0.014, 3.066, 0, 0, 0, 0, 0, 0, 0, 0, 0
26.0508, 0, 0, 0, 0, 0, 0, 0, 0, 0, 2458.18, 0, 0, 2.10042e+06, 0, 0, 0, 0, 0, 0, 0, 0, -2.10042e+06, 415.301, 300, 0, 0, 0, 0, 0, 0, 0, 0, 0, 0, 0, 0, 0, 0, 0, 0, 0, 0, 0, 0, 0.014, 3.066, 0, 0, 0, 0, 0, 0, 0, 0, 0
26.2422, 0, 0, 0, 0, 0, 0, 0, 0, 0, 2498.46, 0, 0, 2.09665e+06, 0, 0, 0, 0, 0, 0, 0, 0, -2.09665e+06, -3565.72, 300, 0, 0, 0, 0, 0, 0, 0, 0, 0, 0, 0, 0, 0, 0, 0, 0, 0, 0, 0, 0, 0.014, 3.066, 0, 0, 0, 0, 0, 0, 0, 0, 0
26.2461, 0, 0, 0, 0, 0, 0, 0, 0, 0, 2499.28, 0, 0, 2.09597e+06, 0, 0, 0, 0, 0, 0, 0, 0, -2.09597e+06, -3827.9, 300, 0, 0, 0, 0, 0, 0, 0, 0, 0, 0, 0, 0, 0, 0, 0, 0, 0, 0, 0, 0, 0.014, 3.066, 0, 0, 0, 0, 0, 0, 0, 0, 0
26.4375, 0, 0, 0, 0, 0, 0, 0, 0, 0, 2539.32, 0, 0, 2.05439e+06, 0, 0, 0, 0, 0, 0, 0, 0, -2.05436e+06, -10792.1, 300, 0, 0, 0, 0, 0, 0, 0, 0, 0, 0, 0, 0, 0, 0, 0, 0, 0, 0, 0, 0, 0.014, 3.066, 0, 0, 0, 0, 0, 0, 0, 0, 0
26.4414, 0, 0, 0, 0, 0, 0, 0, 0, 0, 2540.11, 0, 0, 2.05251e+06, 0, 0, 0, 0, 0, 0, 0, 0, -2.05247e+06, -11206, 300, 0, 0, 0, 0, 0, 0, 0, 0, 0, 0, 0, 0, 0, 0, 0, 0, 0, 0, 0, 0, 0.014, 3.066, 0, 0, 0, 0, 0, 0, 0, 0, 0
26.6328, 0, 0, 0, 0, 0, 0, 0, 0, 0, 2579.04, 0, 0, 1.94696e+06, 0, 0, 0, 0, 0, 0, 0, 0, -1.94684e+06, -21981.2, 300, 0, 0, 0, 0, 0, 0, 0, 0, 0, 0, 0, 0, 0, 0, 0, 0, 0, 0, 0, 0, 0.014, 3.066, 0, 0, 0, 0, 0, 0, 0, 0, 0
26.6367, 0, 0, 0, 0, 0, 0, 0, 0, 0, 2579.79, 0, 0, 1.94326e+06, 0, 0, 0, 0, 0, 0, 0, 0, -1.94312e+06, -22536.6, 300, 0, 0, 0, 0, 0, 0, 0, 0, 0, 0, 0, 0, 0, 0, 0, 0, 0, 0, 0, 0, 0.014, 3.066, 0, 0, 0, 0, 0, 0, 0, 0, 0
26.8281, 0, 0, 0, 0, 0, 0, 0, 0, 0, 2616.17, 0, 0, 1.74301e+06, 0, 0, 0, 0, 0, 0, 0, 0, -1.74262e+06, -36551.2, 300, 0, 0, 0, 0, 0, 0, 0, 0, 0, 0, 0, 0, 0, 0, 0, 0, 0, 0, 0, 0, 0.014, 3.066, 0, 0, 0, 0, 0, 0, 0, 0, 0
26.832, 0, 0, 0, 0, 0, 0, 0, 0, 0, 2616.82, 0, 0, 1.737e+06, 0, 0, 0, 0, 0, 0, 0, 0, -1.73658e+06, -37109.2, 300, 0, 0, 0, 0, 0, 0, 0, 0, 0, 0, 0, 0, 0, 0, 0, 0, 0, 0, 0, 0, 0.014, 3.066, 0, 0, 0, 0, 0, 0, 0, 0, 0
27.0234, 0, 0, 0, 0, 0, 0, 0, 0, 0, 2648.6, 0, 0, 1.4225e+06, 0, 0, 0, 0, 0, 0, 0, 0, -1.4216e+06, -50295.2, 300, 0, 0, 0, 0, 0, 0, 0, 0, 0, 0, 0, 0, 0, 0, 0, 0, 0, 0, 0, 0, 0.014, 3.066, 0, 0, 0, 0, 0, 0, 0, 0, 0
27.0273, 0, 0, 0, 0, 0, 0, 0, 0, 0, 2649.11, 0, 0, 1.41448e+06, 0, 0, 0, 0, 0, 0, 0, 0, -1.41354e+06, -50534.8, 300, 0, 0, 0, 0, 0, 0, 0, 0, 0, 0, 0, 0, 0, 0, 0, 0, 0, 0, 0, 0, 0.014, 3.066, 0, 0, 0, 0, 0, 0, 0, 0, 0
27.2188, 0, 0, 0, 0, 0, 0, 0, 0, 0, 2673.97, 0, 0, 1.01134e+06, 0, 0, 0, 0, 0, 0, 0, 0, -1.00985e+06, -54499.5, 300, 0, 0, 0, 0, 0, 0, 0, 0, 0, 0, 0, 0, 0, 0, 0, 0, 0, 0, 0, 0, 0.014, 3.066, 0, 0, 0, 0, 0, 0, 0, 0, 0
27.2227, 0, 0, 0, 0, 0, 0, 0, 0, 0, 2674.31, 0, 0, 1.0031e+06, 0, 0, 0, 0, 0, 0, 0, 0, -1.0016e+06, -54159, 300, 0, 0, 0, 0, 0, 0, 0, 0, 0, 0, 0, 0, 0, 0, 0, 0, 0, 0, 0, 0, 0.014, 3.066, 0, 0, 0, 0, 0, 0, 0, 0, 0
27.4141, 0, 0, 0, 0, 0, 0, 0, 0, 0, 2690.85, 0, 0, 610610, 0, 0, 0, 0, 0, 0, 0, 0, -609019, -43672.5, 300, 0, 0, 0, 0, 0, 0, 0, 0, 0, 0, 0, 0, 0, 0, 0, 0, 0, 0, 0, 0, 0.014, 3.066, 0, 0, 0, 0, 0, 0, 0, 0, 0
27.418, 0, 0, 0, 0, 0, 0, 0, 0, 0, 2691.03, 0, 0, 604383, 0, 0, 0, 0, 0, 0, 0, 0, -602824, -43008.1, 300, 0, 0, 0, 0, 0, 0, 0, 0, 0, 0, 0, 0, 0, 0, 0, 0, 0, 0, 0, 0, 0.014, 3.066, 0, 0, 0, 0, 0, 0, 0, 0, 0
27.6094, 0, 0, 0, 0, 0, 0, 0, 0, 0, 2700.26, 0, 0, 324102, 0, 0, 0, 0, 0, 0, 0, 0, -323012, -26296.7, 300, 0, 0, 0, 0, 0, 0, 0, 0, 0, 0, 0, 0, 0, 0, 0, 0, 0, 0, 0, 0, 0.014, 3.066, 0, 0, 0, 0, 0, 0, 0, 0, 0
27.6133, 0, 0, 0, 0, 0, 0, 0, 0, 0, 2700.35, 0, 0, 320465, 0, 0, 0, 0, 0, 0, 0, 0, -319413, -25772.3, 300, 0, 0, 0, 0, 0, 0, 0, 0, 0, 0, 0, 0, 0, 0, 0, 0, 0, 0, 0, 0, 0.014, 3.066, 0, 0, 0, 0, 0, 0, 0, 0, 0
27.8047, 0, 0, 0, 0, 0, 0, 0, 0, 0, 2705.03, 0, 0, 160520, 0, 0, 0, 0, 0, 0, 0, 0, -159914, -13780.2, 300, 0, 0, 0, 0, 0, 0, 0, 0, 0, 0, 0, 0, 0, 0, 0, 0, 0, 0, 0, 0, 0.014, 3.066, 0, 0, 0, 0, 0, 0, 0, 0, 0
27.8086, 0, 0, 0, 0, 0, 0, 0, 0, 0, 2705.07, 0, 0, 158746, 0, 0, 0, 0, 0, 0, 0, 0, -158165, -13488.7, 300, 0, 0, 0, 0, 0, 0, 0, 0, 0, 0, 0, 0, 0, 0, 0, 0, 0, 0, 0, 0, 0.014, 3.066, 0, 0, 0, 0, 0, 0, 0, 0, 0
28, 0, 0, 0, 0, 0, 0, 0, 0, 0, 2707.34, 0, 0, 83828.3, 0, 0, 0, 0, 0, 0, 0, 0, -83508.1, -7238.01, 300, 0, 0, 0, 0, 0, 0, 0, 0, 0, 0, 0, 0, 0, 0, 0, 0, 0, 0, 0, 0, 0.014, 3.066, 0, 0, 0, 0, 0, 0, 0, 0, 0
28.0025, 0, 0, 0, 0, 0, 0, 0, 0, 0, 2707.35, 0, 0, 83063.2, 0, 0, 0, 0, 0, 0, 0, 0, -82753.4, -7112.1, 300, 0, 0, 0, 0, 0, 0, 0, 0, 0, 0, 0, 0, 0, 0, 0, 0, 0, 0, 0, 0, 0.014, 3.066, 0, 0, 0, 0, 0, 0, 0, 0, 0
28.125, 0, 0, 0, 0, 0, 0, 0, 0, 0, 2708.17, 0, 0, 49741.7, 0, 0, 0, 0, 0, 0, 0, 0, -49532.5, -4509.46, 300, 0, 0, 0, 0, 0, 0, 0, 0, 0, 0, 0, 0, 0, 0, 0, 0, 0, 0, 0, 0, 0.014, 3.066, 0, 0, 0, 0, 0, 0, 0, 0, 0
28.1275, 0, 0, 0, 0, 0, 0, 0, 0, 0, 2708.18, 0, 0, 49335.1, 0, 0, 0, 0, 0, 0, 0, 0, -49132.4, -4437.03, 300, 0, 0, 0, 0, 0, 0, 0, 0, 0, 0, 0, 0, 0, 0, 0, 0, 0, 0, 0, 0, 0.014, 3.066, 0, 0, 0, 0, 0, 0, 0, 0, 0
28.25, 0, 0, 0, 0, 0, 0, 0, 0, 0, 2708.68, 0, 0, 30885.9, 0, 0, 0, 0, 0, 0, 0, 0, -30756.2, -2798.46, 300, 0, 0, 0, 0, 0, 0, 0, 0, 0, 0, 0, 0, 0, 0, 0, 0, 0, 0, 0, 0, 0.014, 3.066, 0, 0, 0, 0, 0, 0, 0, 0, 0
28.2525, 0, 0, 0, 0, 0, 0, 0, 0, 0, 2708.69, 0, 0, 30633.7, 0, 0, 0, 0, 0, 0, 0, 0, -30508.1, -2753.2, 300, 0, 0, 0, 0, 0, 0, 0, 0, 0, 0, 0, 0, 0, 0, 0, 0, 0, 0, 0, 0, 0.014, 3.066, 0, 0, 0, 0, 0, 0, 0, 0, 0
28.375, 0, 0, 0, 0, 0, 0, 0, 0, 0, 2709.01, 0, 0, 19197.9, 0, 0, 0, 0, 0, 0, 0, 0, -19118.1, -1730.58, 300, 0, 0, 0, 0, 0, 0, 0, 0, 0, 0, 0, 0, 0, 0, 0, 0, 0, 0, 0, 0, 0.014, 3.066, 0, 0, 0, 0, 0, 0, 0, 0, 0
28.3775, 0, 0, 0, 0, 0, 0, 0, 0, 0, 2709.01, 0, 0, 19042.1, 0, 0, 0, 0, 0, 0, 0, 0, -18964.8, -1702.4, 300, 0, 0, 0, 0, 0, 0, 0, 0, 0, 0, 0, 0, 0, 0, 0, 0, 0, 0, 0, 0, 0.014, 3.066, 0, 0, 0, 0, 0, 0, 0, 0, 0
28.5, 0, 0, 0, 0, 0, 0, 0, 0, 0, 2709.2, 0, 0, 11978, 0, 0, 0, 0, 0, 0, 0, 0, -11929.5, -1066.02, 300, 0, 0, 0, 0, 0, 0, 0, 0, 0, 0, 0, 0, 0, 0, 0, 0, 0, 0, 0, 0, 0.014, 3.066, 0, 0, 0, 0, 0, 0, 0, 0, 0
28.5025, 0, 0, 0, 0, 0, 0, 0, 0, 0, 2709.21, 0, 0, 11882.1, 0, 0, 0, 0, 0, 0, 0, 0, -11835.2, -1048.51, 300, 0, 0, 0, 0, 0, 0, 0, 0, 0, 0, 0, 0, 0, 0, 0, 0, 0, 0, 0, 0, 0.014, 3.066, 0, 0, 0, 0, 0, 0, 0, 0, 0
28.625, 0, 0, 0, 0, 0, 0, 0, 0, 0, 2709.33, 0, 0, 7538.36, 0, 0, 0, 0, 0, 0, 0, 0, -7509.4, -653.263, 300, 0, 0, 0, 0, 0, 0, 0, 0, 0, 0, 0, 0, 0, 0, 0, 0, 0, 0, 0, 0, 0.014, 3.066, 0, 0, 0, 0, 0, 0, 0, 0, 0
28.6275, 0, 0, 0, 0, 0, 0, 0, 0, 0, 2709.33, 0, 0, 7479.71, 0, 0, 0, 0, 0, 0, 0, 0, -7451.73, -642.496, 300, 0, 0, 0, 0, 0, 0, 0, 0, 0, 0, 0, 0, 0, 0, 0, 0, 0, 0, 0, 0, 0.014, 3.066, 0, 0, 0, 0, 0, 0, 0, 0, 0
28.75, 0, 0, 0, 0, 0, 0, 0, 0, 0, 2709.41, 0, 0, 4823.06, 0, 0, 0, 0, 0, 0, 0, 0, -4806.03, -400.585, 300, 0, 0, 0, 0, 0, 0, 0, 0, 0, 0, 0, 0, 0, 0, 0, 0, 0, 0, 0, 0, 0.014, 3.066, 0, 0, 0, 0, 0, 0, 0, 0, 0
28.7525, 0, 0, 0, 0, 0, 0, 0, 0, 0, 2709.41, 0, 0, 4787.13, 0, 0, 0, 0, 0, 0, 0, 0, -4770.66, -394.282, 300, 0, 0, 0, 0, 0, 0, 0, 0, 0, 0, 0, 0, 0, 0, 0, 0, 0, 0, 0, 0, 0.014, 3.066, 0, 0, 0, 0, 0, 0, 0, 0, 0
28.875, 0, 0, 0, 0, 0, 0, 0, 0, 0, 2709.46, 0, 0, 3150.03, 0, 0, 0, 0, 0, 0, 0, 0, -3139.54, -254.185, 300, 0, 0, 0, 0, 0, 0, 0, 0, 0, 0, 0, 0, 0, 0, 0, 0, 0, 0, 0, 0, 0.014, 3.066, 0, 0, 0, 0, 0, 0, 0, 0, 0
28.8775, 0, 0, 0, 0, 0, 0, 0, 0, 0, 2709.46, 0, 0, 3126.85, 0, 0, 0, 0, 0, 0, 0, 0, -3116.63, -250.657, 300, 0, 0, 0, 0, 0, 0, 0, 0, 0, 0, 0, 0, 0, 0, 0, 0, 0, 0, 0, 0, 0.014, 3.066, 0, 0, 0, 0, 0, 0, 0, 0, 0
29, 0, 0, 0, 0, 0, 0, 0, 0, 0, 2709.49, 0, 0, 2057.88, 0, 0, 0, 0, 0, 0, 0, 0, -2050.57, -171.578, 300, 0, 0, 0, 0, 0, 0, 0, 0, 0, 0, 0, 0, 0, 0, 0, 0, 0, 0, 0, 0, 0.014, 3.066, 0, 0, 0, 0, 0, 0, 0, 0, 0
29.0025, 0, 0, 0, 0, 0, 0, 0, 0, 0, 2709.49, 0, 0, 2042.16, 0, 0, 0, 0, 0, 0, 0, 0, -2035.03, -169.213, 300, 0, 0, 0, 0, 0, 0, 0, 0, 0, 0, 0, 0, 0, 0, 0, 0, 0, 0, 0, 0, 0.014, 3.066, 0, 0, 0, 0, 0, 0, 0, 0, 0
29.125, 0, 0, 0, 0, 0, 0, 0, 0, 0, 2709.51, 0, 0, 1320.64, 0, 0, 0, 0, 0, 0, 0, 0, -1315.55, -114.684, 300, 0, 0, 0, 0, 0, 0, 0, 0, 0, 0, 0, 0, 0, 0, 0, 0, 0, 0, 0, 0, 0.014, 3.066, 0, 0, 0, 0, 0, 0, 0, 0, 0
29.1275, 0, 0, 0, 0, 0, 0, 0, 0, 0, 2709.51, 0, 0, 1310.18, 0, 0, 0, 0, 0, 0, 0, 0, -1305.23, -113.006, 300, 0, 0, 0, 0, 0, 0, 0, 0, 0, 0, 0, 0, 0, 0, 0, 0, 0, 0, 0, 0, 0.014, 3.066, 0, 0, 0, 0, 0, 0, 0, 0, 0
29.25, 0, 0, 0, 0, 0, 0, 0, 0, 0, 2709.53, 0, 0, 833.178, 0, 0, 0, 0, 0, 0, 0, 0, -829.789, -74.3131, 300, 0, 0, 0, 0, 0, 0, 0, 0, 0, 0, 0, 0, 0, 0, 0, 0, 0, 0, 0, 0, 0.014, 3.066, 0, 0, 0, 0, 0, 0, 0, 0, 0
29.2525, 0, 0, 0, 0, 0, 0, 0, 0, 0, 2709.53, 0, 0, 826.441, 0, 0, 0, 0, 0, 0, 0, 0, -823.149, -73.1706, 300, 0, 0, 0, 0, 0, 0, 0, 0, 0, 0, 0, 0, 0, 0, 0, 0, 0, 0, 0, 0, 0.014, 3.066, 0, 0, 0, 0, 0, 0, 0, 0, 0
29.375, 0, 0, 0, 0, 0, 0, 0, 0, 0, 2709.54, 0, 0, 520.061, 0, 0, 0, 0, 0, 0, 0, 0, -517.884, -47.0476, 300, 0, 0, 0, 0, 0, 0, 0, 0, 0, 0, 0, 0, 0, 0, 0, 0, 0, 0, 0, 0, 0.014, 3.066, 0, 0, 0, 0, 0, 0, 0, 0, 0
29.3775, 0, 0, 0, 0, 0, 0, 0, 0, 0, 2709.54, 0, 0, 515.811, 0, 0, 0, 0, 0, 0, 0, 0, -513.7, -46.3036, 300, 0, 0, 0, 0, 0, 0, 0, 0, 0, 0, 0, 0, 0, 0, 0, 0, 0, 0, 0, 0, 0.014, 3.066, 0, 0, 0, 0, 0, 0, 0, 0, 0
29.5, 0, 0, 0, 0, 0, 0, 0, 0, 0, 2709.54, 0, 0, 322.81, 0, 0, 0, 0, 0, 0, 0, 0, -321.441, -29.4027, 300, 0, 0, 0, 0, 0, 0, 0, 0, 0, 0, 0, 0, 0, 0, 0, 0, 0, 0, 0, 0, 0.014, 3.066, 0, 0, 0, 0, 0, 0, 0, 0, 0
29.5025, 0, 0, 0, 0, 0, 0, 0, 0, 0, 2709.54, 0, 0, 320.159, 0, 0, 0, 0, 0, 0, 0, 0, -318.831, -28.9311, 300, 0, 0, 0, 0, 0, 0, 0, 0, 0, 0, 0, 0, 0, 0, 0, 0, 0, 0, 0, 0, 0.014, 3.066, 0, 0, 0, 0, 0, 0, 0, 0, 0
29.625, 0, 0, 0, 0, 0, 0, 0, 0, 0, 2709.55, 0, 0, 199.841, 0, 0, 0, 0, 0, 0, 0, 0, -198.987, -18.2591, 300, 0, 0, 0, 0, 0, 0, 0, 0, 0, 0, 0, 0, 0, 0, 0, 0, 0, 0, 0, 0, 0.014, 3.066, 0, 0, 0, 0, 0, 0, 0, 0, 0
29.6275, 0, 0, 0, 0, 0, 0, 0, 0, 0, 2709.55, 0, 0, 198.195, 0, 0, 0, 0, 0, 0, 0, 0, -197.369, -17.9644, 300, 0, 0, 0, 0, 0, 0, 0, 0, 0, 0, 0, 0, 0, 0, 0, 0, 0, 0, 0, 0, 0.014, 3.066, 0, 0, 0, 0, 0, 0, 0, 0, 0
29.75, 0, 0, 0, 0, 0, 0, 0, 0, 0, 2709.55, 0, 0, 123.563, 0, 0, 0, 0, 0, 0, 0, 0, -123.033, -11.3062, 300, 0, 0, 0, 0, 0, 0, 0, 0, 0, 0, 0, 0, 0, 0, 0, 0, 0, 0, 0, 0, 0.014, 3.066, 0, 0, 0, 0, 0, 0, 0, 0, 0
29.7525, 0, 0, 0, 0, 0, 0, 0, 0, 0, 2709.55, 0, 0, 122.544, 0, 0, 0, 0, 0, 0, 0, 0, -122.031, -11.1232, 300, 0, 0, 0, 0, 0, 0, 0, 0, 0, 0, 0, 0, 0, 0, 0, 0, 0, 0, 0, 0, 0.014, 3.066, 0, 0, 0, 0, 0, 0, 0, 0, 0
29.875, 0, 0, 0, 0, 0, 0, 0, 0, 0, 2709.55, 0, 0, 76.3534, 0, 0, 0, 0, 0, 0, 0, 0, -76.0258, -6.99247, 300, 0, 0, 0, 0, 0, 0, 0, 0, 0, 0, 0, 0, 0, 0, 0, 0, 0, 0, 0, 0, 0.014, 3.066, 0, 0, 0, 0, 0, 0, 0, 0, 0
29.8775, 0, 0, 0, 0, 0, 0, 0, 0, 0, 2709.55, 0, 0, 75.7237, 0, 0, 0, 0, 0, 0, 0, 0, -75.4063, -6.87919, 300, 0, 0, 0, 0, 0, 0, 0, 0, 0, 0, 0, 0, 0, 0, 0, 0, 0, 0, 0, 0, 0.014, 3.066, 0, 0, 0, 0, 0, 0, 0, 0, 0
30, 0, 0, 0, 0, 0, 0, 0, 0, 0, 2709.55, 0, 0, 47.1613, 0, 0, 0, 0, 0, 0, 0, 0, -46.9585, -4.32317, 300, 0, 0, 0, 0, 0, 0, 0, 0, 0, 0, 0, 0, 0, 0, 0, 0, 0, 0, 0, 0, 0.014, 3.066, 0, 0, 0, 0, 0, 0, 0, 0, 0
30.0025, 0, 0, 0, 0, 0, 0, 0, 0, 0, 2709.55, 0, 0, 46.7719, 0, 0, 0, 0, 0, 0, 0, 0, -46.5755, -4.25315, 300, 0, 0, 0, 0, 0, 0, 0, 0, 0, 0, 0, 0, 0, 0, 0, 0, 0, 0, 0, 0, 0.014, 3.066, 0, 0, 0, 0, 0, 0, 0, 0, 0
30.125, 0, 0, 0, 0, 0, 0, 0, 0, 0, 2709.55, 0, 0, 29.1123, 0, 0, 0, 0, 0, 0, 0, 0, -28.9866, -2.67384, 300, 0, 0, 0, 0, 0, 0, 0, 0, 0, 0, 0, 0, 0, 0, 0, 0, 0, 0, 0, 0, 0.014, 3.066, 0, 0, 0, 0, 0, 0, 0, 0, 0
30.1275, 0, 0, 0, 0, 0, 0, 0, 0, 0, 2709.55, 0, 0, 28.8715, 0, 0, 0, 0, 0, 0, 0, 0, -28.7497, -2.63063, 300, 0, 0, 0, 0, 0, 0, 0, 0, 0, 0, 0, 0, 0, 0, 0, 0, 0, 0, 0, 0, 0.014, 3.066, 0, 0, 0, 0, 0, 0, 0, 0, 0
30.25, 0, 0, 0, 0, 0, 0, 0, 0, 0, 2709.55, 0, 0, 17.9457, 0, 0, 0, 0, 0, 0, 0, 0, -17.8675, -1.65625, 300, 0, 0, 0, 0, 0, 0, 0, 0, 0, 0, 0, 0, 0, 0, 0, 0, 0, 0, 0, 0, 0.014, 3.066, 0, 0, 0, 0, 0, 0, 0, 0, 0
30.2525, 0, 0, 0, 0, 0, 0, 0, 0, 0, 2709.55, 0, 0, 17.7965, 0, 0, 0, 0, 0, 0, 0, 0, -17.7207, -1.62965, 300, 0, 0, 0, 0, 0, 0, 0, 0, 0, 0, 0, 0, 0, 0, 0, 0, 0, 0, 0, 0, 0.014, 3.066, 0, 0, 0, 0, 0, 0, 0, 0, 0
30.375, 0, 0, 0, 0, 0, 0, 0, 0, 0, 2709.55, 0, 0, 11.0227, 0, 0, 0, 0, 0, 0, 0, 0, -10.9734, -1.03021, 300, 0, 0, 0, 0, 0, 0, 0, 0, 0, 0, 0, 0, 0, 0, 0, 0, 0, 0, 0, 0, 0.014, 3.066, 0, 0, 0, 0, 0, 0, 0, 0, 0
30.3775, 0, 0, 0, 0, 0, 0, 0, 0, 0, 2709.55, 0, 0, 10.9298, 0, 0, 0, 0, 0, 0, 0, 0, -10.882, -1.01393, 300, 0, 0, 0, 0, 0, 0, 0, 0, 0, 0, 0, 0, 0, 0, 0, 0, 0, 0, 0, 0, 0.014, 3.066, 0, 0, 0, 0, 0, 0, 0, 0, 0
30.5, 0, 0, 0, 0, 0, 0, 0, 0, 0, 2709.55, 0, 0, 6.70642, 0, 0, 0, 0, 0, 0, 0, 0, -6.67443, -0.647773, 300, 0, 0, 0, 0, 0, 0, 0, 0, 0, 0, 0, 0, 0, 0, 0, 0, 0, 0, 0, 0, 0.014, 3.066, 0, 0, 0, 0, 0, 0, 0, 0, 0
30.5025, 0, 0, 0, 0, 0, 0, 0, 0, 0, 2709.55, 0, 0, 6.64797, 0, 0, 0, 0, 0, 0, 0, 0, -6.61677, -0.637971, 300, 0, 0, 0, 0, 0, 0, 0, 0, 0, 0, 0, 0, 0, 0, 0, 0, 0, 0, 0, 0, 0.014, 3.066, 0, 0, 0, 0, 0, 0, 0, 0, 0
30.625, 0, 0, 0, 0, 0, 0, 0, 0, 0, 2709.55, 0, 0, 3.97647, 0, 0, 0, 0, 0, 0, 0, 0, -3.95395, -0.418528, 300, 0, 0, 0, 0, 0, 0, 0, 0, 0, 0, 0, 0, 0, 0, 0, 0, 0, 0, 0, 0, 0.014, 3.066, 0, 0, 0, 0, 0, 0, 0, 0, 0
30.6275, 0, 0, 0, 0, 0, 0, 0, 0, 0, 2709.55, 0, 0, 3.93863, 0, 0, 0, 0, 0, 0, 0, 0, -3.91643, -0.412884, 300, 0, 0, 0, 0, 0, 0, 0, 0, 0, 0, 0, 0, 0, 0, 0, 0, 0, 0, 0, 0, 0.014, 3.066, 0, 0, 0, 0, 0, 0, 0, 0, 0
30.75, 0, 0, 0, 0, 0, 0, 0, 0, 0, 2709.55, 0, 0, 2.188, 0, 0, 0, 0, 0, 0, 0, 0, -2.16861, -0.288265, 300, 0, 0, 0, 0, 0, 0, 0, 0, 0, 0, 0, 0, 0, 0, 0, 0, 0, 0, 0, 0, 0.014, 3.066, 0, 0, 0, 0, 0, 0, 0, 0, 0
30.7525, 0, 0, 0, 0, 0, 0, 0, 0, 0, 2709.55, 0, 0, 2.16214, 0, 0, 0, 0, 0, 0, 0, 0, -2.14234, -0.285445, 300, 0, 0, 0, 0, 0, 0, 0, 0, 0, 0, 0, 0, 0, 0, 0, 0, 0, 0, 0, 0, 0.014, 3.066, 0, 0, 0, 0, 0, 0, 0, 0, 0
30.875, 0, 0, 0, 0, 0, 0, 0, 0, 0, 2709.55, 0, 0, 0.924541, 0, 0, 0, 0, 0, 0, 0, 0, -0.896148, -0.226178, 300, 0, 0, 0, 0, 0, 0, 0, 0, 0, 0, 0, 0, 0, 0, 0, 0, 0, 0, 0, 0, 0.014, 3.066, 0, 0, 0, 0, 0, 0, 0, 0, 0
30.8775, 0, 0, 0, 0, 0, 0, 0, 0, 0, 2709.55, 0, 0, 0.913624, 0, 0, 0, 0, 0, 0, 0, 0, -0.884942, -0.224013, 300, 0, 0, 0, 0, 0, 0, 0, 0, 0, 0, 0, 0, 0, 0, 0, 0, 0, 0, 0, 0, 0.014, 3.066, 0, 0, 0, 0, 0, 0, 0, 0, 0
31, 0, 0, 0, 0, 0, 0, 0, 0, 0, 2709.55, 0, 0, 0.554034, 0, 0, 0, 0, 0, 0, 0, 0, -0.513131, -0.208151, 300, 0, 0, 0, 0, 0, 0, 0, 0, 0, 0, 0, 0, 0, 0, 0, 0, 0, 0, 0, 0, 0.014, 3.066, 0, 0, 0, 0, 0, 0, 0, 0, 0
