Vd_applied_V,Vd_internal_V,Id_A_per_um,abs_Id_A_per_um,abs_Id_mA_per_mm,Field_GateRight,Field_FP_End,Field_DrainEdge,ImpactMax,Tmax,Tmin,JouleMax,HeatMax,Tsource,Tdrain,Tbottom
2400.0,2400.0,-2.988573846e-15,2.988573846e-15,2.988573846e-09,360093.8804,366342.9114,-11344.96478,1070481960000000.0,300.0,300.0,2.627266162,2.627266162,300.0,300.0,300.0
2401.0,2401.0,-1.758893075e-14,1.758893075e-14,1.758893075e-08,359853.3294,365834.2109,-11344.96273,1078971028000000.0,300.0,300.0,2.634135298,2.634135298,300.0,300.0,300.0
2402.0,2402.0,-1.750591052e-14,1.750591052e-14,1.750591052e-08,359614.7715,365328.341,-11344.96067,1087512984000000.0,300.0,300.0,2.641020846,2.641020846,300.0,300.0,300.0
2403.0,2403.0,-1.742313198e-14,1.742313198e-14,1.742313198e-08,359378.1806,364825.2935,-11344.95862,1096108291000000.0,300.0,300.0,2.647923321,2.647923321,300.0,300.0,300.0
2404.0,2404.0,-1.729470474e-14,1.729470474e-14,1.729470474e-08,359143.531,364325.0608,-11344.95657,1104757421000000.0,300.0,300.0,2.654843254,2.654843254,300.0,300.0,300.0
2405.0,2405.0,-1.720468661e-14,1.720468661e-14,1.720468661e-08,358910.7975,363827.6368,-11344.95452,1113460856000000.0,300.0,300.0,2.661781192,2.661781192,300.0,300.0,300.0
2406.0,2406.0,-1.695538794e-14,1.695538794e-14,1.695538794e-08,358679.9555,363333.0162,-11344.95247,1122219089000000.0,300.0,300.0,2.668737701,2.668737701,300.0,300.0,300.0
2407.0,2407.0,-1.772910803e-14,1.772910803e-14,1.772910803e-08,358450.9808,362841.1947,-11344.95042,1131032622000000.0,300.0,300.0,2.675713366,2.675713366,300.0,300.0,300.0
2408.0,2408.0,-1.758391085e-14,1.758391085e-14,1.758391085e-08,358223.8499,362352.1693,-11344.94837,1139901970000000.0,300.0,300.0,2.682708788,2.682708788,300.0,300.0,300.0
2409.0,2409.0,-1.756640167e-14,1.756640167e-14,1.756640167e-08,357998.5394,361865.9379,-11344.94632,1148827658000000.0,300.0,300.0,2.689724589,2.689724589,300.0,300.0,300.0
2410.0,2410.0,-1.743701173e-14,1.743701173e-14,1.743701173e-08,357775.0269,361382.4998,-11344.94428,1157810223000000.0,300.0,300.0,2.696761412,2.696761412,300.0,300.0,300.0
2411.0,2411.0,-1.717538759e-14,1.717538759e-14,1.7175387590000003e-08,357553.2902,360901.8552,-11344.94223,1166850214000000.0,300.0,300.0,2.703819916,2.703819916,300.0,300.0,300.0
2412.0,2412.0,-1.705309477e-14,1.705309477e-14,1.705309477e-08,357333.3077,360424.0057,-11344.94019,1175948193000000.0,300.0,300.0,2.710900785,2.710900785,300.0,300.0,300.0
2413.0,2413.0,-1.697232004e-14,1.697232004e-14,1.697232004e-08,357115.0583,359948.954,-11344.93815,1185104731000000.0,300.0,300.0,2.718004722,2.718004722,300.0,300.0,300.0
2414.0,2414.0,-1.776172397e-14,1.776172397e-14,1.7761723969999997e-08,356898.5214,359476.7042,-11344.93611,1194320417000000.0,300.0,300.0,2.725132452,2.725132452,300.0,300.0,300.0
2415.0,2415.0,-1.76166254e-14,1.76166254e-14,1.76166254e-08,356683.677,359007.2613,-11344.93407,1203595848000000.0,300.0,300.0,2.732284721,2.732284721,300.0,300.0,300.0
2416.0,2416.0,-1.737041881e-14,1.737041881e-14,1.7370418810000002e-08,356470.5053,358540.632,-11344.93203,1212931639000000.0,300.0,300.0,2.7394623,2.7394623,300.0,300.0,300.0
2417.0,2417.0,-2.537341906e-15,2.537341906e-15,2.537341906e-09,356258.9873,358076.824,-11344.92999,1222328415000000.0,300.0,300.0,2.74666598,2.74666598,300.0,300.0,300.0
2418.0,2418.0,-2.246645674e-15,2.246645674e-15,2.246645674e-09,356049.1044,357615.8463,-11344.92796,1231786817000000.0,300.0,300.0,2.753896577,2.753896577,300.0,300.0,300.0
2419.0,2419.0,-1.705018118e-14,1.705018118e-14,1.705018118e-08,355840.8384,357157.7091,-11344.92592,1241307500000000.0,300.0,300.0,2.761154929,2.761154929,300.0,300.0,300.0
2420.0,2420.0,-1.783088345e-14,1.783088345e-14,1.783088345e-08,355634.1718,356702.4241,-11344.92389,1250891135000000.0,300.0,300.0,2.7684419,2.7684419,300.0,300.0,300.0
2421.0,2421.0,-1.748427921e-14,1.748427921e-14,1.748427921e-08,355429.0874,356250.0041,-11344.92185,1260538404000000.0,300.0,300.0,2.775758376,2.775758376,300.0,300.0,300.0
2422.0,2422.0,-1.743547679e-14,1.743547679e-14,1.7435476790000002e-08,355225.5685,355800.4632,-11344.91982,1270250010000000.0,300.0,300.0,2.783105268,2.783105268,300.0,300.0,300.0
2423.0,2423.0,-1.734468454e-14,1.734468454e-14,1.734468454e-08,355023.599,355353.8168,-11344.91779,1280026668000000.0,300.0,300.0,2.790483513,2.790483513,300.0,300.0,300.0
2424.0,2424.0,-1.724169798e-14,1.724169798e-14,1.724169798e-08,354823.163,354910.0814,-11344.91576,1289869110000000.0,300.0,300.0,2.797894071,2.797894071,300.0,300.0,300.0
2425.0,2425.0,-1.71346848e-14,1.71346848e-14,1.71346848e-08,354624.2454,354469.2748,-11344.91373,1299778083000000.0,300.0,300.0,2.805337926,2.805337926,300.0,300.0,300.0
2426.0,2426.0,-2.631574305e-15,2.631574305e-15,2.631574305e-09,354426.8313,354031.4161,-11344.91171,1309754354000000.0,300.0,300.0,2.812816091,2.812816091,300.0,300.0,300.0
2427.0,2427.0,-1.756601708e-14,1.756601708e-14,1.7566017079999997e-08,354230.9063,353596.5254,-11344.90968,1319798704000000.0,300.0,300.0,2.8203296,2.8203296,300.0,300.0,300.0
2428.0,2428.0,-1.743645944e-14,1.743645944e-14,1.7436459439999998e-08,354036.4566,353164.6239,-11344.90766,1329911932000000.0,300.0,300.0,2.827879513,2.827879513,300.0,300.0,300.0
2429.0,2429.0,-1.734301109e-14,1.734301109e-14,1.7343011090000002e-08,353843.4685,352735.7339,-11344.90563,1340094856000000.0,300.0,300.0,2.835466917,2.835466917,300.0,300.0,300.0
2430.0,2430.0,-1.723362728e-14,1.723362728e-14,1.723362728e-08,353651.9291,352309.879,-11344.90361,1350348310000000.0,300.0,300.0,2.843092921,2.843092921,300.0,300.0,300.0
2431.0,2431.0,-1.691903455e-14,1.691903455e-14,1.691903455e-08,353461.8255,351887.0834,-11344.90159,1360673146000000.0,300.0,300.0,2.85075866,2.85075866,300.0,300.0,300.0
2432.0,2432.0,-1.769441461e-14,1.769441461e-14,1.769441461e-08,353273.1456,351467.3726,-11344.89957,1371070237000000.0,300.0,300.0,2.858465294,2.858465294,300.0,300.0,300.0
2433.0,2433.0,-1.761460423e-14,1.761460423e-14,1.761460423e-08,353085.8774,351050.7726,-11344.89755,1381540472000000.0,300.0,300.0,2.866214007,2.866214007,300.0,300.0,300.0
2434.0,2434.0,-2.645692379e-15,2.645692379e-15,2.645692379e-09,352900.0094,350637.3105,-11344.89554,1392084761000000.0,300.0,300.0,2.874006005,2.874006005,300.0,300.0,300.0
2435.0,2435.0,-1.730934195e-14,1.730934195e-14,1.7309341950000002e-08,352715.5305,350227.014,-11344.89352,1402704031000000.0,300.0,300.0,2.881842521,2.881842521,300.0,300.0,300.0
2436.0,2436.0,-1.7254612e-14,1.7254612e-14,1.7254612e-08,352532.4296,349819.9117,-11344.89151,1413399230000000.0,300.0,300.0,2.889724807,2.889724807,300.0,300.0,300.0
2437.0,2437.0,-2.142032907e-15,2.142032907e-15,2.1420329069999998e-09,352350.6965,349416.0326,-11344.8895,1424171324000000.0,300.0,300.0,2.89765414,2.89765414,300.0,300.0,300.0
2438.0,2438.0,-1.765493434e-14,1.765493434e-14,1.765493434e-08,352170.3208,349015.4061,-11344.88749,1435021301000000.0,300.0,300.0,2.905631818,2.905631818,300.0,300.0,300.0
2439.0,2439.0,-1.750743424e-14,1.750743424e-14,1.750743424e-08,351991.2927,348618.0624,-11344.88548,1445950166000000.0,300.0,300.0,2.913659161,2.913659161,300.0,300.0,300.0
2440.0,2440.0,-1.741963139e-14,1.741963139e-14,1.741963139e-08,351813.6026,348224.0318,-11344.88347,1456958946000000.0,300.0,300.0,2.921737507,2.921737507,300.0,300.0,300.0
2441.0,2441.0,-1.732651307e-14,1.732651307e-14,1.7326513069999998e-08,351637.2411,347833.3449,-11344.88146,1468137643000000.0,300.0,300.0,2.929868215,2.929868215,300.0,300.0,300.0
2442.0,2442.0,-1.693927157e-14,1.693927157e-14,1.693927157e-08,351462.1991,347446.0324,-11344.87946,1479680353000000.0,300.0,300.0,2.938052664,2.938052664,300.0,300.0,300.0
2443.0,2443.0,-1.775115355e-14,1.775115355e-14,1.775115355e-08,351288.4678,347062.1252,-11344.87746,1491311443000000.0,300.0,300.0,2.946292248,2.946292248,300.0,300.0,300.0
2444.0,2444.0,-1.760590301e-14,1.760590301e-14,1.7605903010000003e-08,351116.0385,346681.6541,-11344.87546,1503032063000000.0,300.0,300.0,2.954588379,2.954588379,300.0,300.0,300.0
2445.0,2445.0,-1.738351546e-14,1.738351546e-14,1.738351546e-08,350944.9028,346304.6497,-11344.87346,1514843386000000.0,300.0,300.0,2.962942485,2.962942485,300.0,300.0,300.0
2446.0,2446.0,-1.735805906e-14,1.735805906e-14,1.735805906e-08,350775.0525,345931.1424,-11344.87146,1526746605000000.0,300.0,300.0,2.971356007,2.971356007,300.0,300.0,300.0
2447.0,2447.0,-1.700165507e-14,1.700165507e-14,1.700165507e-08,350606.4794,345561.1622,-11344.86946,1538742930000000.0,300.0,300.0,2.9798304,2.9798304,300.0,300.0,300.0
2448.0,2448.0,-1.77374813e-14,1.77374813e-14,1.77374813e-08,350439.1755,345194.7387,-11344.86747,1550833596000000.0,300.0,300.0,2.988367129,2.988367129,300.0,300.0,300.0
2449.0,2449.0,-1.762974805e-14,1.762974805e-14,1.762974805e-08,350273.1331,344831.901,-11344.86548,1563019856000000.0,300.0,300.0,2.996967673,2.996967673,300.0,300.0,300.0
2450.0,2450.0,-1.742098465e-14,1.742098465e-14,1.742098465e-08,350108.3445,344472.6772,-11344.86349,1575302982000000.0,300.0,300.0,3.005633517,3.005633517,300.0,300.0,300.0
2451.0,2451.0,-2.327068871e-15,2.327068871e-15,2.3270688709999998e-09,349944.8019,344117.095,-11344.8615,1587684267000000.0,300.0,300.0,3.014366155,3.014366155,300.0,300.0,300.0
2452.0,2452.0,-1.698911036e-14,1.698911036e-14,1.698911036e-08,349782.4979,343765.1809,-11344.85951,1600165023000000.0,300.0,300.0,3.023167086,3.023167086,300.0,300.0,300.0
2453.0,2453.0,-1.773491966e-14,1.773491966e-14,1.7734919660000003e-08,349621.425,343416.9606,-11344.85753,1612746583000000.0,300.0,300.0,3.032037816,3.032037816,300.0,300.0,300.0
2454.0,2454.0,-1.763377511e-14,1.763377511e-14,1.763377511e-08,349461.5757,343072.4585,-11344.85555,1625430298000000.0,300.0,300.0,3.040979853,3.040979853,300.0,300.0,300.0
2455.0,2455.0,-1.740986583e-14,1.740986583e-14,1.740986583e-08,349302.9425,342731.6979,-11344.85357,1638217537000000.0,300.0,300.0,3.049994706,3.049994706,300.0,300.0,300.0
2456.0,2456.0,-1.725490991e-14,1.725490991e-14,1.725490991e-08,349145.518,342394.7008,-11344.85159,1651109688000000.0,300.0,300.0,3.059083886,3.059083886,300.0,300.0,300.0
2457.0,2457.0,-2.100855883e-15,2.100855883e-15,2.100855883e-09,348989.2948,342061.4876,-11344.84961,1664108160000000.0,300.0,300.0,3.068248902,3.068248902,300.0,300.0,300.0
2458.0,2458.0,-1.766016632e-14,1.766016632e-14,1.766016632e-08,348834.2655,341732.0773,-11344.84763,1677214376000000.0,300.0,300.0,3.077491259,3.077491259,300.0,300.0,300.0
2459.0,2459.0,-1.753598262e-14,1.753598262e-14,1.753598262e-08,348680.4223,341406.4875,-11344.84566,1690429779000000.0,300.0,300.0,3.086812461,3.086812461,300.0,300.0,300.0
2460.0,2460.0,-1.736831293e-14,1.736831293e-14,1.7368312929999997e-08,348527.7578,341084.7339,-11344.84369,1703755830000000.0,300.0,300.0,3.096214004,3.096214004,300.0,300.0,300.0
2461.0,2461.0,-1.720034386e-14,1.720034386e-14,1.720034386e-08,348376.2644,340766.8304,-11344.84172,1717194004000000.0,300.0,300.0,3.105697379,3.105697379,300.0,300.0,300.0
2462.0,2462.0,-1.687986868e-14,1.687986868e-14,1.6879868680000003e-08,348225.9342,340452.7892,-11344.83976,1730745797000000.0,300.0,300.0,3.115264068,3.115264068,300.0,300.0,300.0
2463.0,2463.0,-1.759298268e-14,1.759298268e-14,1.759298268e-08,348076.7594,340142.6207,-11344.83779,1744412719000000.0,300.0,300.0,3.124915545,3.124915545,300.0,300.0,300.0
2464.0,2464.0,-1.741461209e-14,1.741461209e-14,1.741461209e-08,347928.732,339836.3331,-11344.83583,1758196296000000.0,300.0,300.0,3.134653271,3.134653271,300.0,300.0,300.0
2465.0,2465.0,-1.726935576e-14,1.726935576e-14,1.7269355760000002e-08,347781.8439,339533.9329,-11344.83387,1772098070000000.0,300.0,300.0,3.144478699,3.144478699,300.0,300.0,300.0
2466.0,2466.0,-1.710906382e-14,1.710906382e-14,1.710906382e-08,347636.0869,339235.4243,-11344.83191,1786119600000000.0,300.0,300.0,3.154448799,3.154448799,300.0,300.0,300.0
2467.0,2467.0,-2.727901879e-15,2.727901879e-15,2.727901879e-09,347491.4527,338940.8097,-11344.82995,1800262459000000.0,300.0,300.0,3.164713291,3.164713291,300.0,300.0,300.0
2468.0,2468.0,-1.745307326e-14,1.745307326e-14,1.745307326e-08,347347.9327,338650.0893,-11344.828,1814528236000000.0,300.0,300.0,3.17507068,3.17507068,300.0,300.0,300.0
2469.0,2469.0,-2.51695748e-15,2.51695748e-15,2.51695748e-09,347205.5182,338363.2611,-11344.82605,1828918533000000.0,300.0,300.0,3.185522374,3.185522374,300.0,300.0,300.0
2470.0,2470.0,-1.715508183e-14,1.715508183e-14,1.715508183e-08,347064.2005,338080.3212,-11344.8241,1843434971000000.0,300.0,300.0,3.196069767,3.196069767,300.0,300.0,300.0
2471.0,2471.0,-1.783536479e-14,1.783536479e-14,1.783536479e-08,346923.9704,337801.2635,-11344.82215,1858079180000000.0,300.0,300.0,3.206714238,3.206714238,300.0,300.0,300.0
2472.0,2472.0,-1.741817796e-14,1.741817796e-14,1.741817796e-08,346784.8189,337526.0798,-11344.8202,1872852808000000.0,300.0,300.0,3.217457151,3.217457151,300.0,300.0,300.0
2473.0,2473.0,-1.730463532e-14,1.730463532e-14,1.7304635320000003e-08,346646.7366,337254.7599,-11344.81826,1887757517000000.0,300.0,300.0,3.228299854,3.228299854,300.0,300.0,300.0
2474.0,2474.0,-1.710544666e-14,1.710544666e-14,1.710544666e-08,346509.714,336987.2915,-11344.81632,1902794983000000.0,300.0,300.0,3.239243679,3.239243679,300.0,300.0,300.0
2475.0,2475.0,-1.77995048e-14,1.77995048e-14,1.77995048e-08,346373.7414,336723.6603,-11344.81438,1917966894000000.0,300.0,300.0,3.250289942,3.250289942,300.0,300.0,300.0
2476.0,2476.0,-1.768966023e-14,1.768966023e-14,1.768966023e-08,346238.809,336463.85,-11344.81244,1933274955000000.0,300.0,300.0,3.261439944,3.261439944,300.0,300.0,300.0
2477.0,2477.0,-1.722250172e-14,1.722250172e-14,1.722250172e-08,346104.9069,336207.8424,-11344.8105,1948720884000000.0,300.0,300.0,3.27269497,3.27269497,300.0,300.0,300.0
2478.0,2478.0,-1.702906909e-14,1.702906909e-14,1.702906909e-08,345972.0248,335955.6176,-11344.80857,1964306412000000.0,300.0,300.0,3.284056288,3.284056288,300.0,300.0,300.0
2479.0,2479.0,-1.779885312e-14,1.779885312e-14,1.779885312e-08,345840.1525,335707.1535,-11344.80664,1980033287000000.0,300.0,300.0,3.295525153,3.295525153,300.0,300.0,300.0
2480.0,2480.0,-1.758692599e-14,1.758692599e-14,1.7586925990000002e-08,345709.2795,335462.4267,-11344.80471,1995903268000000.0,300.0,300.0,3.307102803,3.307102803,300.0,300.0,300.0
2481.0,2481.0,-1.74100241e-14,1.74100241e-14,1.74100241e-08,345579.3953,335221.4118,-11344.80278,2011918132000000.0,300.0,300.0,3.318790464,3.318790464,300.0,300.0,300.0
2482.0,2482.0,-1.71769999e-14,1.71769999e-14,1.71769999e-08,345450.489,334984.0818,-11344.80085,2028079667000000.0,300.0,300.0,3.330589346,3.330589346,300.0,300.0,300.0
2483.0,2483.0,-1.770037218e-14,1.770037218e-14,1.770037218e-08,345322.5499,334750.4084,-11344.79893,2044389679000000.0,300.0,300.0,3.342500648,3.342500648,300.0,300.0,300.0
2484.0,2484.0,-1.758506611e-14,1.758506611e-14,1.758506611e-08,345195.567,334520.3616,-11344.79701,2060849987000000.0,300.0,300.0,3.354525553,3.354525553,300.0,300.0,300.0
2485.0,2485.0,-1.726402526e-14,1.726402526e-14,1.7264025260000002e-08,345069.5292,334293.9101,-11344.79509,2077462427000000.0,300.0,300.0,3.366665237,3.366665237,300.0,300.0,300.0
2486.0,2486.0,-1.711039808e-14,1.711039808e-14,1.711039808e-08,344944.4254,334071.0213,-11344.79317,2094228849000000.0,300.0,300.0,3.378920861,3.378920861,300.0,300.0,300.0
2487.0,2487.0,-1.783035283e-14,1.783035283e-14,1.783035283e-08,344820.2443,333851.6613,-11344.79125,2111151121000000.0,300.0,300.0,3.391293578,3.391293578,300.0,300.0,300.0
2488.0,2488.0,-1.732553007e-14,1.732553007e-14,1.732553007e-08,344696.9745,333635.7952,-11344.78934,2128231127000000.0,300.0,300.0,3.403784533,3.403784533,300.0,300.0,300.0
2489.0,2489.0,-1.722134905e-14,1.722134905e-14,1.722134905e-08,344574.6047,333423.3869,-11344.78742,2145470766000000.0,300.0,300.0,3.41639486,3.41639486,300.0,300.0,300.0
2490.0,2490.0,-2.3598867e-15,2.3598867e-15,2.3598867e-09,344453.1233,333214.3993,-11344.78551,2162871958000000.0,300.0,300.0,3.429125689,3.429125689,300.0,300.0,300.0
2491.0,2491.0,-1.765453757e-14,1.765453757e-14,1.7654537570000002e-08,344332.5188,333008.7946,-11344.7836,2180436638000000.0,300.0,300.0,3.441978143,3.441978143,300.0,300.0,300.0
2492.0,2492.0,-1.75112329e-14,1.75112329e-14,1.75112329e-08,344212.7796,332806.534,-11344.78169,2198166760000000.0,300.0,300.0,3.454953339,3.454953339,300.0,300.0,300.0
2493.0,2493.0,-1.707194149e-14,1.707194149e-14,1.707194149e-08,344093.8942,332607.5779,-11344.77979,2216064298000000.0,300.0,300.0,3.468052393,3.468052393,300.0,300.0,300.0
2494.0,2494.0,-1.778187085e-14,1.778187085e-14,1.778187085e-08,343975.8508,332411.8862,-11344.77788,2234131246000000.0,300.0,300.0,3.481276417,3.481276417,300.0,300.0,300.0
2495.0,2495.0,-1.757777566e-14,1.757777566e-14,1.757777566e-08,343858.6378,332219.418,-11344.77598,2252369617000000.0,300.0,300.0,3.494626521,3.494626521,300.0,300.0,300.0
2496.0,2496.0,-1.727330287e-14,1.727330287e-14,1.727330287e-08,343742.2436,332030.1322,-11344.77408,2270781446000000.0,300.0,300.0,3.508103817,3.508103817,300.0,300.0,300.0
2497.0,2497.0,-1.714746515e-14,1.714746515e-14,1.714746515e-08,343626.6564,331843.9868,-11344.77218,2289368788000000.0,300.0,300.0,3.521709417,3.521709417,300.0,300.0,300.0
2498.0,2498.0,-2.666674513e-15,2.666674513e-15,2.6666745130000003e-09,343511.8645,331660.9399,-11344.77028,2308133722000000.0,300.0,300.0,3.535444437,3.535444437,300.0,300.0,300.0
2499.0,2499.0,-1.738658862e-14,1.738658862e-14,1.738658862e-08,343397.8564,331480.9489,-11344.76839,2327078351000000.0,300.0,300.0,3.549309994,3.549309994,300.0,300.0,300.0
2500.0,2500.0,-1.722385671e-14,1.722385671e-14,1.722385671e-08,343284.6203,331303.9711,-11344.76649,2346204798000000.0,300.0,300.0,3.563307213,3.563307213,300.0,300.0,300.0
2501.0,2501.0,-1.784634693e-14,1.784634693e-14,1.784634693e-08,343172.1448,331129.9637,-11344.7646,2365515215000000.0,300.0,300.0,3.577437222,3.577437222,300.0,300.0,300.0
2502.0,2502.0,-2.569077177e-15,2.569077177e-15,2.569077177e-09,343060.4181,330958.8836,-11344.7627,2385011776000000.0,300.0,300.0,3.591701159,3.591701159,300.0,300.0,300.0
2503.0,2503.0,-1.725734642e-14,1.725734642e-14,1.7257346419999998e-08,342949.4288,330790.6877,-11344.76081,2404696682000000.0,300.0,300.0,3.606100168,3.606100168,300.0,300.0,300.0
2504.0,2504.0,-2.189853975e-15,2.189853975e-15,2.189853975e-09,342839.1653,330625.333,-11344.75893,2424572162000000.0,300.0,300.0,3.620635405,3.620635405,300.0,300.0,300.0
2505.0,2505.0,-1.764431626e-14,1.764431626e-14,1.764431626e-08,342729.6164,330462.7763,-11344.75704,2444640470000000.0,300.0,300.0,3.635308033,3.635308033,300.0,300.0,300.0
2506.0,2506.0,-1.745984174e-14,1.745984174e-14,1.745984174e-08,342620.7706,330302.9747,-11344.75515,2464903891000000.0,300.0,300.0,3.65011923,3.65011923,300.0,300.0,300.0
2507.0,2507.0,-1.721902617e-14,1.721902617e-14,1.721902617e-08,342512.6166,330145.8852,-11344.75327,2485364737000000.0,300.0,300.0,3.665070185,3.665070185,300.0,300.0,300.0
2508.0,2508.0,-1.762648604e-14,1.762648604e-14,1.762648604e-08,342405.1432,329991.4653,-11344.75138,2506025351000000.0,300.0,300.0,3.680162101,3.680162101,300.0,300.0,300.0
2509.0,2509.0,-1.744273987e-14,1.744273987e-14,1.744273987e-08,342298.3392,329839.6724,-11344.7495,2526888105000000.0,300.0,300.0,3.695396194,3.695396194,300.0,300.0,300.0
2510.0,2510.0,-1.723734659e-14,1.723734659e-14,1.723734659e-08,342192.1937,329690.4643,-11344.74762,2547955405000000.0,300.0,300.0,3.710773699,3.710773699,300.0,300.0,300.0
2511.0,2511.0,-1.703207809e-14,1.703207809e-14,1.7032078090000002e-08,342086.6957,329543.7991,-11344.74574,2569229686000000.0,300.0,300.0,3.726295863,3.726295863,300.0,300.0,300.0
2512.0,2512.0,-1.760341495e-14,1.760341495e-14,1.760341495e-08,341981.8342,329399.6352,-11344.74386,2590713419000000.0,300.0,300.0,3.741963953,3.741963953,300.0,300.0,300.0
2513.0,2513.0,-2.383092409e-15,2.383092409e-15,2.383092409e-09,341877.5985,329257.9312,-11344.74198,2612409107000000.0,300.0,300.0,3.757779254,3.757779254,300.0,300.0,300.0
2514.0,2514.0,-1.702804706e-14,1.702804706e-14,1.702804706e-08,341773.9779,329118.6464,-11344.74011,2634319287000000.0,300.0,300.0,3.773743069,3.773743069,300.0,300.0,300.0
2515.0,2515.0,-1.761698315e-14,1.761698315e-14,1.7616983150000002e-08,341670.9619,328981.7402,-11344.73823,2656446532000000.0,300.0,300.0,3.789856722,3.789856722,300.0,300.0,300.0
2516.0,2516.0,-2.587109454e-15,2.587109454e-15,2.587109454e-09,341568.54,328847.1726,-11344.73636,2678793452000000.0,300.0,300.0,3.806121556,3.806121556,300.0,300.0,300.0
2517.0,2517.0,-1.718243799e-14,1.718243799e-14,1.718243799e-08,341466.7018,328714.9039,-11344.73449,2701362692000000.0,300.0,300.0,3.822538936,3.822538936,300.0,300.0,300.0
2518.0,2518.0,-1.75670556e-14,1.75670556e-14,1.7567055600000002e-08,341365.437,328584.895,-11344.73262,2724156938000000.0,300.0,300.0,3.839110251,3.839110251,300.0,300.0,300.0
2519.0,2519.0,-2.65055979e-15,2.65055979e-15,2.6505597899999997e-09,341264.7355,328457.1072,-11344.73075,2747178911000000.0,300.0,300.0,3.855836912,3.855836912,300.0,300.0,300.0
2520.0,2520.0,-2.422596852e-15,2.422596852e-15,2.422596852e-09,341164.5873,328331.5023,-11344.72888,2770431375000000.0,300.0,300.0,3.872720352,3.872720352,300.0,300.0,300.0
2521.0,2521.0,-1.783571882e-14,1.783571882e-14,1.783571882e-08,341064.9824,328208.0426,-11344.72701,2793917132000000.0,300.0,300.0,3.889762031,3.889762031,300.0,300.0,300.0
2522.0,2522.0,-1.759517448e-14,1.759517448e-14,1.759517448e-08,340965.9111,328086.6909,-11344.72515,2817639028000000.0,300.0,300.0,3.906963435,3.906963435,300.0,300.0,300.0
2523.0,2523.0,-1.732548931e-14,1.732548931e-14,1.732548931e-08,340867.3635,327967.4106,-11344.72328,2841599949000000.0,300.0,300.0,3.924326074,3.924326074,300.0,300.0,300.0
2524.0,2524.0,-1.691155499e-14,1.691155499e-14,1.691155499e-08,340769.3302,327850.1655,-11344.72142,2865802827000000.0,300.0,300.0,3.941851487,3.941851487,300.0,300.0,300.0
2525.0,2525.0,-1.755168157e-14,1.755168157e-14,1.755168157e-08,340671.8015,327734.92,-11344.71956,2890250636000000.0,300.0,300.0,3.959541241,3.959541241,300.0,300.0,300.0
2526.0,2526.0,-1.728947328e-14,1.728947328e-14,1.728947328e-08,340574.7683,327621.6391,-11344.7177,2914946396000000.0,300.0,300.0,3.977396931,3.977396931,300.0,300.0,300.0
2527.0,2527.0,-1.709922391e-14,1.709922391e-14,1.709922391e-08,340478.2211,327510.2882,-11344.71584,2939893177000000.0,300.0,300.0,3.995420182,3.995420182,300.0,300.0,300.0
2528.0,2528.0,-1.768182388e-14,1.768182388e-14,1.768182388e-08,340382.1509,327400.8334,-11344.71398,2965094092000000.0,300.0,300.0,4.013612649,4.013612649,300.0,300.0,300.0
2529.0,2529.0,-1.725009724e-14,1.725009724e-14,1.725009724e-08,340286.5487,327293.2412,-11344.71212,2990552306000000.0,300.0,300.0,4.031976021,4.031976021,300.0,300.0,300.0
2530.0,2530.0,-1.705578178e-14,1.705578178e-14,1.705578178e-08,340191.4053,327187.4786,-11344.71027,3016271033000000.0,300.0,300.0,4.050512015,4.050512015,300.0,300.0,300.0
2531.0,2531.0,-1.764777238e-14,1.764777238e-14,1.764777238e-08,340096.7122,327083.5134,-11344.70841,3042253537000000.0,300.0,300.0,4.069222386,4.069222386,300.0,300.0,300.0
2532.0,2532.0,-1.738381664e-14,1.738381664e-14,1.7383816640000002e-08,340002.4604,326981.3137,-11344.70656,3068503137000000.0,300.0,300.0,4.088108919,4.088108919,300.0,300.0,300.0
2533.0,2533.0,-1.715647844e-14,1.715647844e-14,1.7156478439999998e-08,339908.6414,326880.8483,-11344.70471,3095023204000000.0,300.0000004,300.0000003,4.107173436,4.107173436,300.0000003,300.0000004,300.0000004
2534.0,2534.0,-1.865158762e-14,1.865158762e-14,1.865158762e-08,339815.2469,326782.0865,-11344.70287,3121817266000000.0,300.0000004,300.0000003,4.126417941,4.126417941,300.0000003,300.0000004,300.0000004
2535.0,2535.0,-1.844213896e-14,1.844213896e-14,1.8442138960000003e-08,339722.268,326684.9978,-11344.70102,3148888604000000.0,300.0000004,300.0000003,4.145844038,4.145844038,300.0000003,300.0000004,300.0000004
2536.0,2536.0,-1.811326884e-14,1.811326884e-14,1.811326884e-08,339629.6967,326589.5526,-11344.69917,3176240857000000.0,300.0000004,300.0000003,4.165453805,4.165453805,300.0000003,300.0000004,300.0000004
2537.0,2537.0,-1.873955816e-14,1.873955816e-14,1.873955816e-08,339537.5247,326495.7217,-11344.69732,3203877624000000.0,300.0000004,300.0000003,4.185249211,4.185249211,300.0000003,300.0000004,300.0000004
2538.0,2538.0,-1.764719444e-14,1.764719444e-14,1.764719444e-08,339445.7438,326403.4766,-11344.69547,3231802567000000.0,300.0000004,300.0000003,4.20523227,4.20523227,300.0000003,300.0000004,300.0000004
2539.0,2539.0,-3.230443734e-15,3.230443734e-15,3.230443734e-09,339354.346,326312.789,-11344.69363,3260019405000000.0,300.0000004,300.0000003,4.225405033,4.225405033,300.0000003,300.0000004,300.0000004
2540.0,2540.0,-1.786030482e-14,1.786030482e-14,1.786030482e-08,339263.3235,326223.6314,-11344.69178,3288531924000000.0,300.0000004,300.0000003,4.245769594,4.245769594,300.0000003,300.0000004,300.0000004
2541.0,2541.0,-1.759147226e-14,1.759147226e-14,1.759147226e-08,339172.6682,326135.9765,-11344.68994,3317343974000000.0,300.0000004,300.0000003,4.266328091,4.266328091,300.0000003,300.0000004,300.0000004
2542.0,2542.0,-1.815669724e-14,1.815669724e-14,1.815669724e-08,339082.3725,326049.7977,-11344.6881,3346459472000000.0,300.0000004,300.0000003,4.287082705,4.287082705,300.0000003,300.0000004,300.0000004
2543.0,2543.0,-1.797574456e-14,1.797574456e-14,1.797574456e-08,338992.4285,325965.0689,-11344.68626,3375882401000000.0,300.0000004,300.0000003,4.308035662,4.308035662,300.0000003,300.0000004,300.0000004
2544.0,2544.0,-1.834930896e-14,1.834930896e-14,1.834930896e-08,338902.8289,325881.7643,-11344.68442,3405616817000000.0,300.0000004,300.0000003,4.329189236,4.329189236,300.0000003,300.0000004,300.0000004
2545.0,2545.0,-3.220052141e-15,3.220052141e-15,3.220052141e-09,338813.5659,325799.8586,-11344.68258,3435666844000000.0,300.0000004,300.0000003,4.350545747,4.350545747,300.0000003,300.0000004,300.0000004
2546.0,2546.0,-1.786808341e-14,1.786808341e-14,1.786808341e-08,338724.6321,325719.3273,-11344.68075,3466036684000000.0,300.0000004,300.0000003,4.372107564,4.372107564,300.0000003,300.0000004,300.0000004
2547.0,2547.0,-1.841795069e-14,1.841795069e-14,1.841795069e-08,338636.0202,325640.1459,-11344.67891,3496730609000000.0,300.0000004,300.0000003,4.393877108,4.393877108,300.0000003,300.0000004,300.0000004
2548.0,2548.0,-1.73019768e-14,1.73019768e-14,1.73019768e-08,338547.7228,325562.2906,-11344.67708,3527752972000000.0,300.0000004,300.0000003,4.415856847,4.415856847,300.0000003,300.0000004,300.0000004
2549.0,2549.0,-1.863366907e-14,1.863366907e-14,1.8633669069999998e-08,338459.7328,325485.738,-11344.67524,3559108202000000.0,300.0000004,300.0000003,4.438049306,4.438049306,300.0000003,300.0000004,300.0000004
2550.0,2550.0,-1.748508261e-14,1.748508261e-14,1.748508261e-08,338372.0429,325410.4651,-11344.67341,3590800812000000.0,300.0000004,300.0000003,4.460457062,4.460457062,300.0000003,300.0000004,300.0000004
2551.0,2551.0,-1.721925102e-14,1.721925102e-14,1.721925102e-08,338284.646,325336.4494,-11344.67158,3622835395000000.0,300.0000004,300.0000003,4.483082746,4.483082746,300.0000003,300.0000004,300.0000004
2552.0,2552.0,-3.606603012e-15,3.606603012e-15,3.6066030119999998e-09,338197.5351,325263.6688,-11344.66975,3655216631000000.0,300.0000004,300.0000003,4.505929049,4.505929049,300.0000003,300.0000004,300.0000004
2553.0,2553.0,-2.762657986e-15,2.762657986e-15,2.7626579860000002e-09,338110.7033,325192.1015,-11344.66792,3687949286000000.0,300.0000004,300.0000003,4.528998716,4.528998716,300.0000003,300.0000004,300.0000004
2554.0,2554.0,-1.803331841e-14,1.803331841e-14,1.803331841e-08,338024.1436,325121.7262,-11344.6661,3721038217000000.0,300.0000004,300.0000003,4.552294555,4.552294555,300.0000003,300.0000004,300.0000004
2555.0,2555.0,-3.725624245e-15,3.725624245e-15,3.725624245e-09,337937.8491,325052.522,-11344.66427,3754488371000000.0,300.0000004,300.0000003,4.575819433,4.575819433,300.0000003,300.0000004,300.0000004
2556.0,2556.0,-1.829331461e-14,1.829331461e-14,1.8293314610000003e-08,337851.813,324984.4684,-11344.66244,3788304791000000.0,300.0000004,300.0000003,4.599576282,4.599576282,300.0000003,300.0000004,300.0000004
2557.0,2557.0,-1.717334587e-14,1.717334587e-14,1.717334587e-08,337766.0287,324917.5452,-11344.66062,3822492613000000.0,300.0000004,300.0000003,4.623568095,4.623568095,300.0000003,300.0000004,300.0000004
2558.0,2558.0,-1.864348575e-14,1.864348575e-14,1.864348575e-08,337680.4893,324851.7328,-11344.6588,3857057076000000.0,300.0000004,300.0000003,4.647797935,4.647797935,300.0000003,300.0000004,300.0000004
2559.0,2559.0,-1.819970936e-14,1.819970936e-14,1.8199709359999998e-08,337595.1883,324787.0116,-11344.65698,3892003520000000.0,300.0000004,300.0000003,4.672268929,4.672268929,300.0000003,300.0000004,300.0000004
2560.0,2560.0,-1.699152779e-14,1.699152779e-14,1.699152779e-08,337510.1191,324723.3627,-11344.65516,3927337386000000.0,300.0000004,300.0000003,4.696984276,4.696984276,300.0000003,300.0000004,300.0000004
2561.0,2561.0,-3.553102076e-15,3.553102076e-15,3.553102076e-09,337425.275,324660.7673,-11344.65334,3963064226000000.0,300.0000004,300.0000003,4.721947246,4.721947246,300.0000003,300.0000004,300.0000004
2562.0,2562.0,-1.73527871e-14,1.73527871e-14,1.73527871e-08,337340.6495,324599.2072,-11344.65152,3999189700000000.0,300.0000004,300.0000003,4.747161182,4.747161182,300.0000003,300.0000004,300.0000004
2563.0,2563.0,-1.707492148e-14,1.707492148e-14,1.707492148e-08,337256.2362,324538.6643,-11344.6497,4035719581000000.0,300.0000004,300.0000003,4.772629501,4.772629501,300.0000003,300.0000004,300.0000004
2564.0,2564.0,-1.843256889e-14,1.843256889e-14,1.843256889e-08,337172.0286,324479.121,-11344.64789,4072659757000000.0,300.0000004,300.0000003,4.798355699,4.798355699,300.0000003,300.0000004,300.0000004
2565.0,2565.0,-1.723380309e-14,1.723380309e-14,1.723380309e-08,337088.0204,324420.56,-11344.64607,4110016237000000.0,300.0000004,300.0000003,4.824343352,4.824343352,300.0000003,300.0000004,300.0000004
2566.0,2566.0,-1.779987256e-14,1.779987256e-14,1.779987256e-08,337004.205,324362.9641,-11344.64426,4147795150000000.0,300.0000004,300.0000003,4.850596115,4.850596115,300.0000003,300.0000004,300.0000004
2567.0,2567.0,-1.752304226e-14,1.752304226e-14,1.752304226e-08,336920.5763,324306.3168,-11344.64244,4186002753000000.0,300.0000004,300.0000003,4.877117729,4.877117729,300.0000003,300.0000004,300.0000004
2568.0,2568.0,-1.724020725e-14,1.724020725e-14,1.7240207249999998e-08,336837.1278,324250.6015,-11344.64063,4224645428000000.0,300.0000004,300.0000003,4.903912019,4.903912019,300.0000003,300.0000004,300.0000004
2569.0,2569.0,-2.996102017e-15,2.996102017e-15,2.9961020170000003e-09,336753.8533,324195.8022,-11344.63882,4263729694000000.0,300.0000004,300.0000003,4.930982901,4.930982901,300.0000003,300.0000004,300.0000004
2570.0,2570.0,-1.742485205e-14,1.742485205e-14,1.742485205e-08,336670.7465,324141.9031,-11344.63701,4303262203000000.0,300.0000004,300.0000003,4.95833438,4.95833438,300.0000003,300.0000004,300.0000004
2571.0,2571.0,-1.709745125e-14,1.709745125e-14,1.709745125e-08,336587.8011,324088.8887,-11344.63521,4343249749000000.0,300.0000004,300.0000003,4.985970556,4.985970556,300.0000003,300.0000004,300.0000004
2572.0,2572.0,-1.851239542e-14,1.851239542e-14,1.851239542e-08,336505.0109,324036.7436,-11344.6334,4383699267000000.0,300.0000004,300.0000003,5.013895622,5.013895622,300.0000003,300.0000004,300.0000004
2573.0,2573.0,-1.745004431e-14,1.745004431e-14,1.745004431e-08,336422.3697,323985.453,-11344.63159,4424617844000000.0,300.0000004,300.0000003,5.042113875,5.042113875,300.0000003,300.0000004,300.0000004
2574.0,2574.0,-1.713211937e-14,1.713211937e-14,1.713211937e-08,336339.8714,323935.0021,-11344.62979,4466012716000000.0,300.0000004,300.0000003,5.070629709,5.070629709,300.0000003,300.0000004,300.0000004
2575.0,2575.0,-1.755738968e-14,1.755738968e-14,1.755738968e-08,336257.5096,323885.3764,-11344.62798,4507891276000000.0,300.0000004,300.0000003,5.099447626,5.099447626,300.0000003,300.0000004,300.0000004
2576.0,2576.0,-1.724943348e-14,1.724943348e-14,1.724943348e-08,336175.2783,323836.5618,-11344.62618,4550261080000000.0,300.0000004,300.0000003,5.128572233,5.128572233,300.0000003,300.0000004,300.0000004
2577.0,2577.0,-1.868232202e-14,1.868232202e-14,1.868232202e-08,336093.1712,323788.5443,-11344.62438,4593129847000000.0,300.0000004,300.0000003,5.158008251,5.158008251,300.0000003,300.0000004,300.0000004
2578.0,2578.0,-1.752899301e-14,1.752899301e-14,1.752899301e-08,336011.1823,323741.3103,-11344.62258,4636505469000000.0,300.0000004,300.0000003,5.187760512,5.187760512,300.0000003,300.0000004,300.0000004
2579.0,2579.0,-1.723884535e-14,1.723884535e-14,1.723884535e-08,335929.3052,323694.8463,-11344.62078,4680396011000000.0,300.0000004,300.0000003,5.217833968,5.217833968,300.0000003,300.0000004,300.0000004
2580.0,2580.0,-3.622638122e-15,3.622638122e-15,3.6226381220000004e-09,335847.5339,323649.139,-11344.61898,4724809721000000.0,300.0000004,300.0000003,5.248233692,5.248233692,300.0000003,300.0000004,300.0000004
2581.0,2581.0,-1.824106754e-14,1.824106754e-14,1.824106754e-08,335765.8622,323604.1754,-11344.61719,4769755032000000.0,300.0000004,300.0000003,5.27896488,5.27896488,300.0000003,300.0000004,300.0000004
2582.0,2582.0,-2.916948239e-15,2.916948239e-15,2.9169482390000002e-09,335684.284,323559.9428,-11344.61539,4815240569000000.0,300.0000004,300.0000003,5.310032857,5.310032857,300.0000003,300.0000004,300.0000004
2583.0,2583.0,-3.751483202e-15,3.751483202e-15,3.751483202e-09,335602.7929,323516.4287,-11344.6136,4861275154000000.0,300.0000004,300.0000003,5.341443084,5.341443084,300.0000003,300.0000004,300.0000004
2584.0,2584.0,-1.739110485e-14,1.739110485e-14,1.739110485e-08,335521.3829,323473.6206,-11344.61181,4907867814000000.0,300.0000004,300.0000003,5.373201154,5.373201154,300.0000003,300.0000004,300.0000004
2585.0,2585.0,-1.772353722e-14,1.772353722e-14,1.7723537219999998e-08,335440.0478,323431.5064,-11344.61001,4955027783000000.0,300.0000004,300.0000003,5.405312804,5.405312804,300.0000003,300.0000004,300.0000004
2586.0,2586.0,-1.833100105e-14,1.833100105e-14,1.8331001050000002e-08,335358.7813,323390.0742,-11344.60822,5002764515000000.0,300.0000004,300.0000003,5.437783915,5.437783915,300.0000003,300.0000004,300.0000004
2587.0,2587.0,-2.994506546e-15,2.994506546e-15,2.9945065459999998e-09,335277.5771,323349.3123,-11344.60643,5051087682000000.0,300.0000004,300.0000003,5.470620518,5.470620518,300.0000003,300.0000004,300.0000004
2588.0,2588.0,-1.854483884e-14,1.854483884e-14,1.854483884e-08,335196.4291,323309.209,-11344.60464,5100007192000000.0,300.0000004,300.0000003,5.5038288,5.5038288,300.0000003,300.0000004,300.0000004
2589.0,2589.0,-1.747824315e-14,1.747824315e-14,1.747824315e-08,335115.331,323269.7532,-11344.60286,5149533184000000.0,300.0000004,300.0000003,5.537415106,5.537415106,300.0000003,300.0000004,300.0000004
2590.0,2590.0,-1.779973414e-14,1.779973414e-14,1.779973414e-08,335034.2764,323230.9335,-11344.60107,5199676046000000.0,300.0000004,300.0000003,5.571385949,5.571385949,300.0000003,300.0000004,300.0000004
2591.0,2591.0,-3.628532396e-15,3.628532396e-15,3.628532396e-09,334953.259,323192.739,-11344.59929,5250446418000000.0,300.0000004,300.0000003,5.605748008,5.605748008,300.0000003,300.0000004,300.0000004
2592.0,2592.0,-3.174639954e-15,3.174639954e-15,3.174639954e-09,334872.2725,323155.1588,-11344.5975,5301855197000000.0,300.0000004,300.0000003,5.640508142,5.640508142,300.0000003,300.0000004,300.0000004
2593.0,2593.0,-1.861124577e-14,1.861124577e-14,1.861124577e-08,334791.3103,323118.1823,-11344.59572,5353913555000000.0,300.0000004,300.0000003,5.67567339,5.67567339,300.0000003,300.0000004,300.0000004
2594.0,2594.0,-2.720295734e-15,2.720295734e-15,2.720295734e-09,334710.3662,323081.7991,-11344.59394,5406632937000000.0,300.0000004,300.0000003,5.711250979,5.711250979,300.0000003,300.0000004,300.0000004
2595.0,2595.0,-1.695850246e-14,1.695850246e-14,1.695850246e-08,334629.4336,323045.9988,-11344.59216,5460025079000000.0,300.0000004,300.0000003,5.74724833,5.74724833,300.0000003,300.0000004,300.0000004
2596.0,2596.0,-1.756143418e-14,1.756143418e-14,1.756143418e-08,334548.506,323010.7712,-11344.59038,5514102010000000.0,300.0000004,300.0000003,5.783673067,5.783673067,300.0000003,300.0000004,300.0000004
2597.0,2597.0,-1.724843459e-14,1.724843459e-14,1.7248434589999998e-08,334467.5768,322976.1064,-11344.5886,5568876068000000.0,300.0000004,300.0000003,5.820533019,5.820533019,300.0000003,300.0000004,300.0000004
2598.0,2598.0,-3.675734858e-15,3.675734858e-15,3.6757348580000003e-09,334386.6394,322941.9944,-11344.58683,5624359909000000.0,300.0000004,300.0000003,5.857836232,5.857836232,300.0000003,300.0000004,300.0000004
2599.0,2599.0,-1.754443084e-14,1.754443084e-14,1.7544430840000002e-08,334305.6871,322908.4256,-11344.58505,5680566515000000.0,300.0000004,300.0000003,5.895590975,5.895590975,300.0000003,300.0000004,300.0000004
2600.0,2600.0,-3.191985152e-15,3.191985152e-15,3.191985152e-09,334224.7132,322875.3904,-11344.58328,5737509208000000.0,300.0000004,300.0000003,5.933805746,5.933805746,300.0000003,300.0000004,300.0000004
2601.0,2601.0,-3.635038799e-15,3.635038799e-15,3.6350387989999998e-09,334143.7108,322842.8794,-11344.58151,5795201661000000.0,300.0000004,300.0000003,5.972489281,5.972489281,300.0000003,300.0000004,300.0000004
2602.0,2602.0,-3.25798788e-15,3.25798788e-15,3.25798788e-09,334062.6732,322810.8832,-11344.57974,5853657911000000.0,300.0000004,300.0000003,6.011650567,6.011650567,300.0000003,300.0000004,300.0000004
2603.0,2603.0,-1.775722734e-14,1.775722734e-14,1.775722734e-08,333981.5933,322779.3927,-11344.57797,5912892369000000.0,300.0000004,300.0000003,6.051298844,6.051298844,300.0000003,300.0000004,300.0000004
2604.0,2604.0,-1.754730143e-14,1.754730143e-14,1.754730143e-08,333900.4642,322748.3989,-11344.5762,5972919842000000.0,300.0000004,300.0000003,6.091443623,6.091443623,300.0000003,300.0000004,300.0000004
2605.0,2605.0,-1.703204528e-14,1.703204528e-14,1.703204528e-08,333819.2788,322717.8929,-11344.57443,6033755528000000.0,300.0000004,300.0000003,6.132094679,6.132094679,300.0000003,300.0000004,300.0000004
2606.0,2606.0,-1.754020423e-14,1.754020423e-14,1.754020423e-08,333738.0299,322687.8658,-11344.57267,6095415055000000.0,300.0000004,300.0000003,6.173262083,6.173262083,300.0000003,300.0000004,300.0000004
2607.0,2607.0,-1.81082384e-14,1.81082384e-14,1.81082384e-08,333656.7103,322658.3089,-11344.5709,6157914479000000.0,300.0000004,300.0000003,6.214956199,6.214956199,300.0000003,300.0000004,300.0000004
2608.0,2608.0,-1.773059807e-14,1.773059807e-14,1.773059807e-08,333575.3125,322629.2138,-11344.56914,6221270317000000.0,300.0000004,300.0000003,6.25718771,6.25718771,300.0000003,300.0000004,300.0000004
2609.0,2609.0,-1.746975288e-14,1.746975288e-14,1.746975288e-08,333493.8293,322600.572,-11344.56738,6285499527000000.0,300.0000004,300.0000003,6.299967591,6.299967591,300.0000003,300.0000004,300.0000004
2610.0,2610.0,-1.700828115e-14,1.700828115e-14,1.700828115e-08,333412.253,322572.3751,-11344.56562,6350619574000000.0,300.0000004,300.0000003,6.343307176,6.343307176,300.0000003,300.0000004,300.0000004
2611.0,2611.0,-1.754966921e-14,1.754966921e-14,1.754966921e-08,333330.576,322544.6149,-11344.56386,6416648419000000.0,300.0000004,300.0000003,6.387218134,6.387218134,300.0000003,300.0000004,300.0000004
2612.0,2612.0,-1.719793325e-14,1.719793325e-14,1.719793325e-08,333248.7905,322517.2832,-11344.5621,6483604545000000.0,300.0000004,300.0000003,6.431712495,6.431712495,300.0000003,300.0000004,300.0000004
2613.0,2613.0,-1.771558533e-14,1.771558533e-14,1.771558533e-08,333166.8887,322490.372,-11344.56035,6551506975000000.0,300.0000004,300.0000003,6.476802661,6.476802661,300.0000003,300.0000004,300.0000004
2614.0,2614.0,-1.744608434e-14,1.744608434e-14,1.7446084339999998e-08,333084.8625,322463.8734,-11344.55859,6620375299000000.0,300.0000004,300.0000003,6.522501423,6.522501423,300.0000003,300.0000004,300.0000004
2615.0,2615.0,-1.710872749e-14,1.710872749e-14,1.710872749e-08,333002.7039,322437.7795,-11344.55684,6690229690000000.0,300.0000004,300.0000003,6.568821978,6.568821978,300.0000003,300.0000004,300.0000004
2616.0,2616.0,-1.833116218e-14,1.833116218e-14,1.8331162180000003e-08,332920.4046,322412.0825,-11344.55509,6761090933000000.0,300.0000004,300.0000003,6.615777942,6.615777942,300.0000003,300.0000004,300.0000004
2617.0,2617.0,-1.713930741e-14,1.713930741e-14,1.713930741e-08,332837.9562,322386.7747,-11344.55334,6832980447000000.0,300.0000004,300.0000003,6.663383373,6.663383373,300.0000003,300.0000004,300.0000004
2618.0,2618.0,-1.84671479e-14,1.84671479e-14,1.8467147900000002e-08,332755.35,322361.8485,-11344.55159,6905920309000000.0,300.0000004,300.0000003,6.711652784,6.711652784,300.0000003,300.0000004,300.0000004
2619.0,2619.0,-1.6501727e-14,1.6501727e-14,1.6501727e-08,332672.5775,322337.2964,-11344.54985,6979933288000000.0,300.0000004,300.0000003,6.760601167,6.760601167,300.0000003,300.0000004,300.0000004
2620.0,2620.0,-1.792417896e-14,1.792417896e-14,1.792417896e-08,332589.6297,322313.111,-11344.5481,7055042866000000.0,300.0000004,300.0000003,6.810244013,6.810244013,300.0000003,300.0000004,300.0000004
2621.0,2621.0,-2.715774842e-15,2.715774842e-15,2.715774842e-09,332506.4976,322289.2848,-11344.54636,7131273275000000.0,300.0000004,300.0000003,6.860597331,6.860597331,300.0000003,300.0000004,300.0000004
2622.0,2622.0,-3.008003424e-15,3.008003424e-15,3.0080034239999997e-09,332423.172,322265.8106,-11344.54462,7208649527000000.0,300.0000004,300.0000003,6.911677676,6.911677676,300.0000003,300.0000004,300.0000004
2623.0,2623.0,-1.840459697e-14,1.840459697e-14,1.840459697e-08,332339.6434,322242.6811,-11344.54288,7287197444000000.0,300.0000004,300.0000003,6.963502169,6.963502169,300.0000003,300.0000004,300.0000004
2624.0,2624.0,-1.731336314e-14,1.731336314e-14,1.7313363140000002e-08,332255.9022,322219.8891,-11344.54114,7366943701000000.0,300.0000004,300.0000003,7.016088526,7.016088526,300.0000003,300.0000004,300.0000004
2625.0,2625.0,-1.688889233e-14,1.688889233e-14,1.688889233e-08,332171.9387,322197.4275,-11344.5394,7447915860000000.0,300.0000004,300.0000003,7.069455083,7.069455083,300.0000003,300.0000004,300.0000004
2626.0,2626.0,-3.266344312e-15,3.266344312e-15,3.266344312e-09,332087.7427,322175.2892,-11344.53767,7530142409000000.0,300.0000004,300.0000003,7.123620829,7.123620829,300.0000003,300.0000004,300.0000004
2627.0,2627.0,-1.777451287e-14,1.777451287e-14,1.777451287e-08,332003.3041,322153.4673,-11344.53594,7613652806000000.0,300.0000004,300.0000003,7.17860543,7.17860543,300.0000003,300.0000004,300.0000004
2628.0,2628.0,-3.283230737e-15,3.283230737e-15,3.283230737e-09,331918.6122,322131.9547,-11344.53421,7698477524000000.0,300.0000004,300.0000003,7.23442927,7.23442927,300.0000003,300.0000004,300.0000004
2629.0,2629.0,-1.710152934e-14,1.710152934e-14,1.710152934e-08,331833.6563,322110.7445,-11344.53248,7784648100000000.0,300.0000004,300.0000003,7.291113479,7.291113479,300.0000003,300.0000004,300.0000004
2630.0,2630.0,-1.672977896e-14,1.672977896e-14,1.672977896e-08,331748.4254,322089.8299,-11344.53075,7872197179000000.0,300.0000004,300.0000003,7.348679971,7.348679971,300.0000003,300.0000004,300.0000004
2631.0,2631.0,-1.708664311e-14,1.708664311e-14,1.708664311e-08,331662.9081,322069.204,-11344.52903,7961158577000000.0,300.0000004,300.0000003,7.407151487,7.407151487,300.0000003,300.0000004,300.0000004
2632.0,2632.0,-1.760409192e-14,1.760409192e-14,1.760409192e-08,331577.093,322048.8601,-11344.52731,8051567328000000.0,300.0000004,300.0000003,7.46655163,7.46655163,300.0000003,300.0000004,300.0000004
2633.0,2633.0,-1.633878293e-14,1.633878293e-14,1.6338782929999998e-08,331490.9679,322028.7914,-11344.52559,8143459750000000.0,300.0000004,300.0000003,7.526904913,7.526904913,300.0000003,300.0000004,300.0000004
2634.0,2634.0,-1.777029092e-14,1.777029092e-14,1.777029092e-08,331404.5208,322008.9911,-11344.52387,8236873508000000.0,300.0000004,300.0000003,7.588236806,7.588236806,300.0000003,300.0000004,300.0000004
2635.0,2635.0,-1.653825292e-14,1.653825292e-14,1.653825292e-08,331317.7389,321989.4526,-11344.52215,8331847679000000.0,300.0000004,300.0000003,7.650573781,7.650573781,300.0000003,300.0000004,300.0000004
2636.0,2636.0,-1.776091169e-14,1.776091169e-14,1.776091169e-08,331230.6095,321970.1693,-11344.52044,8428422825000000.0,300.0000004,300.0000003,7.713943371,7.713943371,300.0000003,300.0000004,300.0000004
2637.0,2637.0,-1.647692185e-14,1.647692185e-14,1.647692185e-08,331143.1191,321951.1344,-11344.51873,8526641073000000.0,300.0000004,300.0000003,7.778374222,7.778374222,300.0000003,300.0000004,300.0000004
2638.0,2638.0,-1.60723349e-14,1.60723349e-14,1.60723349e-08,331055.2541,321932.3414,-11344.51702,8626546190000000.0,300.0000004,300.0000003,7.843896153,7.843896153,300.0000003,300.0000004,300.0000004
2639.0,2639.0,-2.597729872e-15,2.597729872e-15,2.597729872e-09,330967.0003,321913.7836,-11344.51531,8728183676000000.0,300.0000004,300.0000003,7.910540222,7.910540222,300.0000003,300.0000004,300.0000004
2640.0,2640.0,-1.632738062e-14,1.632738062e-14,1.632738062e-08,330878.3431,321895.4544,-11344.51361,8831600853000000.0,300.0000004,300.0000003,7.978338793,7.978338793,300.0000003,300.0000004,300.0000004
2641.0,2641.0,-1.660361813e-14,1.660361813e-14,1.660361813e-08,330789.2675,321877.3473,-11344.51191,8936846964000000.0,300.0000004,300.0000003,8.047325608,8.047325608,300.0000003,300.0000004,300.0000004
2642.0,2642.0,-1.62161289e-14,1.62161289e-14,1.6216128899999997e-08,330699.7581,321859.4557,-11344.51021,9043973282000000.0,300.0000004,300.0000003,8.117535868,8.117535868,300.0000003,300.0000004,300.0000004
2643.0,2643.0,-1.672336254e-14,1.672336254e-14,1.672336254e-08,330609.7987,321841.773,-11344.50851,9153033219000000.0,300.0000004,300.0000003,8.189006313,8.189006313,300.0000003,300.0000004,300.0000004
2644.0,2644.0,-1.632248575e-14,1.632248575e-14,1.632248575e-08,330519.3728,321824.2925,-11344.50682,9264082447000000.0,300.0000009,300.0000008,8.261775312,8.261775312,300.0000008,300.0000009,300.0000009
2645.0,2645.0,-1.577642974e-14,1.577642974e-14,1.5776429739999997e-08,330428.4633,321807.0079,-11344.50514,9377179437000000.0,300.0000009,300.0000008,8.335883334,8.335883334,300.0000008,300.0000009,300.0000009
2646.0,2646.0,-1.527490707e-14,1.527490707e-14,1.527490707e-08,330337.0522,321789.9123,-11344.50346,9492383980000000.0,300.0000009,300.0000008,8.411371568,8.411371568,300.0000008,300.0000009,300.0000009
2647.0,2647.0,-1.581132341e-14,1.581132341e-14,1.581132341e-08,330245.1213,321772.9991,-11344.50177,9609759754000000.0,300.0000009,300.0000008,8.488284248,8.488284248,300.0000008,300.0000009,300.0000009
2648.0,2648.0,-1.536614833e-14,1.536614833e-14,1.536614833e-08,330152.6515,321756.2618,-11344.50009,9729372877000000.0,300.0000009,300.0000008,8.566667306,8.566667306,300.0000008,300.0000009,300.0000009
2649.0,2649.0,-1.587285498e-14,1.587285498e-14,1.587285498e-08,330059.623,321739.6936,-11344.49841,9851292484000000.0,300.0000009,300.0000008,8.646568863,8.646568863,300.0000008,300.0000009,300.0000009
2650.0,2650.0,-5.076441361e-16,5.076441361e-16,5.076441361e-10,329966.0152,321723.2878,-11344.49674,9975590911000000.0,300.0000009,300.0000008,8.728039369,8.728039369,300.0000008,300.0000009,300.0000009
2651.0,2651.0,-1.578410747e-14,1.578410747e-14,1.578410747e-08,329871.8067,321707.0377,-11344.49506,1.01023439e+16,300.0000009,300.0000008,8.811131761,8.811131761,300.0000008,300.0000009,300.0000009
2652.0,2652.0,-1.538428397e-14,1.538428397e-14,1.538428397e-08,329776.9752,321690.9364,-11344.4934,1.023163082e+16,300.0000009,300.0000008,8.895901619,8.895901619,300.0000008,300.0000009,300.0000009
2653.0,2653.0,-1.017194428e-15,1.017194428e-15,1.017194428e-09,329681.4977,321674.9771,-11344.49173,1.036353491e+16,300.0000009,300.0000008,8.982407349,8.982407349,300.0000008,300.0000009,300.0000009
2654.0,2654.0,-1.548567842e-14,1.548567842e-14,1.548567842e-08,329585.35,321659.1528,-11344.49007,1.04981435e+16,300.0000009,300.0000008,9.070710378,9.070710378,300.0000008,300.0000009,300.0000009
2655.0,2655.0,-1.588489826e-14,1.588489826e-14,1.588489826e-08,329488.5068,321643.4567,-11344.48841,1.063554834e+16,300.0000009,300.0000008,9.160875359,9.160875359,300.0000008,300.0000009,300.0000009
2656.0,2656.0,-4.750659255e-16,4.750659255e-16,4.750659254999999e-10,329390.942,321627.8815,-11344.48676,1.07758459e+16,300.0000009,300.0000008,9.252970407,9.252970407,300.0000008,300.0000009,300.0000009
2657.0,2657.0,-9.450446817e-16,9.450446817e-16,9.450446817e-10,329292.628,321612.4201,-11344.48511,1.091913764e+16,300.0000009,300.0000008,9.347067346,9.347067346,300.0000008,300.0000009,300.0000009
2658.0,2658.0,-1.534509712e-14,1.534509712e-14,1.5345097120000002e-08,329193.536,321597.0654,-11344.48346,1.106553046e+16,300.0000009,300.0000008,9.443241983,9.443241983,300.0000008,300.0000009,300.0000009
2659.0,2659.0,-1.582499678e-14,1.582499678e-14,1.582499678e-08,329093.636,321581.8097,-11344.48182,1.121513703e+16,300.0000009,300.0000008,9.54157441,9.54157441,300.0000008,300.0000009,300.0000009
2660.0,2660.0,-1.5446561e-14,1.5446561e-14,1.5446561e-08,328992.8963,321566.6458,-11344.48018,1.136807624e+16,300.0000009,300.0000008,9.642149332,9.642149332,300.0000008,300.0000009,300.0000009
2661.0,2661.0,-1.590567773e-14,1.590567773e-14,1.590567773e-08,328891.2839,321551.566,-11344.47855,1.152447371e+16,300.0000009,300.0000008,9.74505643,9.74505643,300.0000008,300.0000009,300.0000009
2662.0,2662.0,-1.526639331e-14,1.526639331e-14,1.526639331e-08,328788.7638,321536.5624,-11344.47693,1.168446224e+16,300.0000009,300.0000008,9.850390757,9.850390757,300.0000008,300.0000009,300.0000009
2663.0,2663.0,-9.081731088e-16,9.081731088e-16,9.081731088e-10,328685.2993,321521.6272,-11344.4753,1.184818247e+16,300.0000009,300.0000008,9.958253181,9.958253181,300.0000008,300.0000009,300.0000009
2664.0,2664.0,-1.528219096e-14,1.528219096e-14,1.528219096e-08,328580.8518,321506.7522,-11344.47369,1.201578346e+16,300.0000009,300.0000008,10.06875087,10.06875087,300.0000008,300.0000009,300.0000009
2665.0,2665.0,-1.567558758e-14,1.567558758e-14,1.567558758e-08,328475.3806,321491.9292,-11344.47207,1.218742339e+16,300.0000009,300.0000008,10.18199782,10.18199782,300.0000008,300.0000009,300.0000009
2666.0,2666.0,-1.524007713e-14,1.524007713e-14,1.524007713e-08,328368.8425,321477.1495,-11344.47047,1.236327037e+16,300.0000009,300.0000008,10.29811547,10.29811547,300.0000008,300.0000009,300.0000009
2667.0,2667.0,-1.553714782e-14,1.553714782e-14,1.553714782e-08,328261.192,321462.4046,-11344.46887,1.254350328e+16,300.0000009,300.0000008,10.41723337,10.41723337,300.0000008,300.0000009,300.0000009
2668.0,2668.0,-1.595332368e-14,1.595332368e-14,1.595332368e-08,328152.3808,321447.6853,-11344.46727,1.272831277e+16,300.0000009,300.0000008,10.53948988,10.53948988,300.0000008,300.0000009,300.0000009
2669.0,2669.0,-1.544693428e-14,1.544693428e-14,1.544693428e-08,328042.3575,321432.9823,-11344.46569,1.291790226e+16,300.0000009,300.0000008,10.66503306,10.66503306,300.0000008,300.0000009,300.0000009
2670.0,2670.0,-1.585952734e-14,1.585952734e-14,1.585952734e-08,327931.0676,321418.2861,-11344.4641,1.311248922e+16,300.0000009,300.0000008,10.79402156,10.79402156,300.0000008,300.0000009,300.0000009
2671.0,2671.0,-1.545313639e-14,1.545313639e-14,1.5453136390000002e-08,327818.4532,321403.5867,-11344.46253,1.331230649e+16,300.0000009,300.0000008,10.92662567,10.92662567,300.0000008,300.0000009,300.0000009
2672.0,2672.0,-8.654857531e-16,8.654857531e-16,8.654857530999999e-10,327704.4522,321388.8738,-11344.46096,1.351760381e+16,300.0000009,300.0000008,11.06302852,11.06302852,300.0000008,300.0000009,300.0000009
2673.0,2673.0,-3.419359448e-16,3.419359448e-16,3.4193594479999997e-10,327588.9984,321374.1366,-11344.4594,1.372864951e+16,300.0000009,300.0000008,11.20342741,11.20342741,300.0000008,300.0000009,300.0000009
2674.0,2674.0,-1.553158565e-14,1.553158565e-14,1.553158565e-08,327472.0209,321359.364,-11344.45785,1.394573251e+16,300.0000009,300.0000008,11.34803531,11.34803531,300.0000008,300.0000009,300.0000009
2675.0,2675.0,-1.589607787e-14,1.589607787e-14,1.589607787e-08,327353.4436,321344.5442,-11344.45631,1.41691645e+16,300.0000009,300.0000008,11.49708261,11.49708261,300.0000008,300.0000009,300.0000009
2676.0,2676.0,-1.543678291e-14,1.543678291e-14,1.5436782909999998e-08,327233.1845,321329.6649,-11344.45478,1.439928247e+16,300.0000009,300.0000008,11.65081909,11.65081909,300.0000008,300.0000009,300.0000009
2677.0,2677.0,-1.56246608e-14,1.56246608e-14,1.56246608e-08,327111.1553,321314.7133,-11344.45325,1.463645165e+16,300.0000009,300.0000008,11.80951619,11.80951619,300.0000008,300.0000009,300.0000009
2678.0,2678.0,-1.507979132e-14,1.507979132e-14,1.507979132e-08,326987.2604,321299.6756,-11344.45174,1.48810688e+16,300.0000009,300.0000008,11.97346963,11.97346963,300.0000008,300.0000009,300.0000009
2679.0,2679.0,-1.545123861e-14,1.545123861e-14,1.545123861e-08,326861.3963,321284.5375,-11344.45023,1.513356612e+16,300.0000009,300.0000008,12.14300246,12.14300246,300.0000008,300.0000009,300.0000009
2680.0,2680.0,-7.066539704e-16,7.066539704e-16,7.066539704000001e-10,326733.4504,321269.2837,-11344.44874,1.539441571e+16,300.0000009,300.0000008,12.31846858,12.31846858,300.0000008,300.0000009,300.0000009
2681.0,2681.0,-3.66210742e-16,3.66210742e-16,3.66210742e-10,326603.2999,321253.8978,-11344.44726,1.566413483e+16,300.0000015,300.0000014,12.50025687,12.50025687,300.0000014,300.0000015,300.0000014
2682.0,2682.0,-1.442320945e-14,1.442320945e-14,1.4423209450000001e-08,326470.8104,321238.3623,-11344.4458,1.594329277e+16,300.0000015,300.0000014,12.68879666,12.68879666,300.0000014,300.0000015,300.0000014
2683.0,2683.0,-1.475688265e-14,1.475688265e-14,1.475688265e-08,326335.8342,321222.6584,-11344.44435,1.623251525e+16,300.0000015,300.0000014,12.88456116,12.88456116,300.0000014,300.0000015,300.0000014
2684.0,2684.0,-1.419797782e-14,1.419797782e-14,1.419797782e-08,326198.2087,321206.7658,-11344.44291,1.653249738e+16,300.0000015,300.0000014,13.08807777,13.08807777,300.0000014,300.0000015,300.0000014
2685.0,2685.0,5.449920104e-16,5.449920104e-16,5.449920104000001e-10,326057.7536,321190.6625,-11344.44148,1.684401117e+16,300.0000015,300.0000014,13.29993405,13.29993405,300.0000014,300.0000015,300.0000014
2686.0,2686.0,4.007538257e-17,4.007538257e-17,4.007538257e-11,325914.2687,321174.3245,-11344.44007,1.716791871e+16,300.0000015,300.0000014,13.52078821,13.52078821,300.0000014,300.0000015,300.0000014
2687.0,2687.0,-1.48723204e-14,1.48723204e-14,1.4872320399999999e-08,325767.53,321157.7253,-11344.43868,1.750518736e+16,300.0000015,300.0000014,13.75138123,13.75138123,300.0000014,300.0000015,300.0000014
2688.0,2688.0,6.548384813e-16,6.548384813e-16,6.548384813e-10,325617.286,321140.8358,-11344.4373,1.78569084e+16,300.0000015,300.0000014,13.99255176,13.99255176,300.0000014,300.0000015,300.0000014
2689.0,2689.0,-1.442775426e-14,1.442775426e-14,1.4427754259999999e-08,325463.2523,321123.6237,-11344.43595,1.822432013e+16,300.0000015,300.0000014,14.24525462,14.24525462,300.0000014,300.0000015,300.0000014
2690.0,2690.0,-1.461660245e-14,1.461660245e-14,1.461660245e-08,325305.1053,321106.0526,-11344.43462,1.860883673e+16,300.0000015,300.0000014,14.51058398,14.51058398,300.0000014,300.0000015,300.0000014
2691.0,2691.0,-1.329185118e-16,1.329185118e-16,1.3291851180000002e-10,325142.4742,321088.0816,-11344.43332,1.90120849e+16,300.0000015,300.0000014,14.78980282,14.78980282,300.0000014,300.0000015,300.0000014
2692.0,2692.0,-1.484382028e-14,1.484382028e-14,1.484382028e-08,324974.9305,321069.664,-11344.43204,1.943595089e+16,300.0000015,300.0000014,15.08438078,15.08438078,300.0000014,300.0000015,300.0000014
2693.0,2693.0,-1.405243654e-14,1.405243654e-14,1.405243654e-08,324801.9746,321050.746,-11344.43079,1.988264172e+16,300.0000015,300.0000014,15.39604366,15.39604366,300.0000014,300.0000015,300.0000014
2694.0,2694.0,-1.425216868e-14,1.425216868e-14,1.425216868e-08,324623.0178,321031.265,-11344.42957,2.035476629e+16,300.0000015,300.0000014,15.72683897,15.72683897,300.0000014,300.0000015,300.0000014
2695.0,2695.0,-1.433809525e-14,1.433809525e-14,1.4338095249999999e-08,324437.3585,321011.1473,-11344.4284,2.085544491e+16,300.0000015,300.0000014,16.07922477,16.07922477,300.0000014,300.0000015,300.0000014
2696.0,2696.0,-1.437329942e-14,1.437329942e-14,1.4373299419999998e-08,324244.1484,320990.3043,-11344.42726,2.138846024e+16,300.0000015,300.0000014,16.45619224,16.45619224,300.0000014,300.0000015,300.0000014
2697.0,2697.0,6.366318653e-16,6.366318653e-16,6.366318652999999e-10,324042.3464,320968.6286,-11344.42617,2.195847091e+16,300.0000021,300.000002,16.86143956,16.86143956,300.000002,300.0000021,300.000002
2698.0,2698.0,5.106254242e-16,5.106254242e-16,5.106254242e-10,323830.6495,320945.9866,-11344.42516,2.257132328e+16,300.0000021,300.000002,17.29962621,17.29962621,300.000002,300.0000021,300.000002
2699.0,2699.0,-1.338040518e-14,1.338040518e-14,1.338040518e-08,323607.3903,320922.2084,-11344.4242,2.323451657e+16,300.0000021,300.000002,17.77675325,17.77675325,300.000002,300.0000021,300.000002
2700.0,2700.0,-1.418076612e-14,1.418076612e-14,1.4180766120000001e-08,323370.3754,320897.0718,-11344.42331,2.395794543e+16,300.0000021,300.000002,18.30077134,18.30077134,300.000002,300.0000021,300.000002
2701.0,2701.0,-1.392872888e-14,1.392872888e-14,1.392872888e-08,323116.6178,320870.2757,-11344.42252,2.47551172e+16,300.0000021,300.000002,18.88258001,18.88258001,300.000002,300.0000021,300.000002
2702.0,2702.0,-1.359697462e-14,1.359697462e-14,1.359697462e-08,322841.8636,320841.3925,-11344.42185,2.564531321e+16,300.0000021,300.000002,19.5378055,19.5378055,300.000002,300.0000021,300.000002
2703.0,2703.0,1.071834395e-15,1.071834395e-15,1.0718343949999998e-09,322539.6799,320809.7772,-11344.42134,2.66577593e+16,300.0000021,300.000002,20.29023879,20.29023879,300.000002,300.0000021,300.000002
2704.0,2704.0,1.623873526e-15,1.623873526e-15,1.623873526e-09,322199.4674,320774.3687,-11344.42105,2.784070963e+16,300.0000027,300.0000026,21.17934071,21.17934071,300.0000026,300.0000027,300.0000027
2705.0,2705.0,-1.318879848e-14,1.318879848e-14,1.318879848e-08,321801.2788,320733.1709,-11344.42112,2.928516617e+16,300.0000031,300.000003,22.2798839,22.2798839,300.000003,300.0000031,300.000003
2706.0,2706.0,-1.157853599e-14,1.157853599e-14,1.157853599e-08,321297.2819,320681.3945,-11344.4218,3.120976005e+16,300.0000031,300.000003,23.77241603,23.77241603,300.000003,300.0000031,300.000003
2707.0,2707.0,1.918120432e-15,1.918120432e-15,1.918120432e-09,320455.0561,320595.7267,-11344.42446,3.467909027e+16,300.0000036,300.0000035,26.54145311,26.54145311,300.0000035,300.0000036,300.0000036
2707.125,2707.125,-8.507207254e-14,8.507207254e-14,8.507207254e-08,320225.7267,320572.5628,-11344.42553,3.568117983e+16,300.0000036,300.0000035,27.36074422,27.36074422,300.0000035,300.0000036,300.0000036
2707.1875,2707.1875,3.377122144e-15,3.377122144e-15,3.3771221440000002e-09,319986.0181,320548.4109,-11344.4268,3.675586294e+16,300.0000036,300.0000035,28.24937386,28.24937386,300.0000035,300.0000036,300.0000036
2707.191406,2707.191406,2.688244598e-15,2.688244598e-15,2.688244598e-09,319941.413,320543.9227,-11344.42706,3.695895604e+16,300.0000036,300.0000035,28.41848158,28.41848158,300.0000035,300.0000036,300.0000036
2707.192383,2707.192383,2.75816602e-15,2.75816602e-15,2.75816602e-09,319921.013,320541.8706,-11344.42718,3.705216826e+16,300.0000036,300.0000035,28.49622169,28.49622169,300.0000035,300.0000036,300.0000036
2707.192871,2707.192871,2.882074179e-15,2.882074179e-15,2.882074179e-09,319898.3529,320539.5915,-11344.42731,3.715594913e+16,300.0000036,300.0000035,28.58286959,28.58286959,300.0000035,300.0000036,300.0000036
2707.192902,2707.192902,2.920164569e-15,2.920164569e-15,2.920164569e-09,319891.9032,320538.9432,-11344.42735,3.718553454e+16,300.0000036,300.0000035,28.60758825,28.60758825,300.0000035,300.0000036,300.0000036
