method,filter_size,endpoint_case,run,time_label,time_ns,path_kind,path_score_Acm-2,bottleneck_capacity_Acm-2,bottleneck_x_um,bottleneck_y_um,bottleneck_zone,bottleneck_Je_x_Acm-2,bottleneck_Je_y_Acm-2,bottleneck_Je_mag_Acm-2,bottleneck_Jtotal_Acm-2,bottleneck_electron_cm-3,bottleneck_impact_cm-3s-1,path_max_depth_um,path_channel_fraction,path_UID_fraction,path_substrate_fraction,path_points
native-vertex-Delaunay,1,x2-x18_channel-edge,RUN096,t50ns,50.0,scalar,189.70033490340555,189.70033490340555,14.5390625,0.01875,channel-drift,-189.6962115,3.8954209850000003,189.7362036146584,939.759249,59250570950000.0,1.95878386e+24,0.25,0.9332338375242505,0.06676616247574953,0.0,195
native-vertex-Delaunay,1,x2-x18_channel-edge,RUN096,t50ns,50.0,directed,189.65565,189.65565,14.6484375,0.01875,channel-drift,-191.4304795,4.287957185,191.47849763986636,1026.9877015,60354713950000.0,2.57972631e+24,0.2,0.9529573744937677,0.04704262550623217,0.0,189
native-vertex-Delaunay,1,x2-x18_surface-only,RUN096,t50ns,50.0,scalar,0.0,0.0,2.0625,0.0,contact-extension,0.0,0.0,0.0,4733.72574,2.02404018e+18,0.0,0.0,1.0,0.0,0.0,183
native-vertex-Delaunay,1,x2-x18_surface-only,RUN096,t50ns,50.0,directed,0.0,0.0,2.0,0.009375,contact-extension,-1301.836605,-1638.62333,2092.8126919861256,4281.44344,2.03228573e+18,0.0,0.2,0.9531206189300503,0.04687938106994968,0.0,192
native-vertex-Delaunay,1,x3-x17_channel-edge,RUN096,t50ns,50.0,scalar,189.70033490340555,189.70033490340555,14.5390625,0.01875,channel-drift,-189.6962115,3.8954209850000003,189.7362036146584,939.759249,59250570950000.0,1.95878386e+24,0.25,0.9238795430397911,0.07612045696020879,0.0,179
native-vertex-Delaunay,1,x3-x17_channel-edge,RUN096,t50ns,50.0,directed,189.65565,189.65565,14.6484375,0.01875,channel-drift,-191.4304795,4.287957185,191.47849763986636,1026.9877015,60354713950000.0,2.57972631e+24,0.2,0.9462886457217844,0.053711354278215655,0.0,173
native-vertex-Delaunay,1,x2-x18_channel-edge,RUN096,t100ns,100.0,scalar,62.820020803850596,62.820020803850596,14.5390625,0.01875,channel-drift,-62.896384850000004,1.431546685,62.91267402607081,348.4892265,19609243500000.0,6.618670124999999e+23,0.25,0.9254793064219315,0.0745206935780684,0.0,194
native-vertex-Delaunay,1,x2-x18_channel-edge,RUN096,t100ns,100.0,directed,62.8017656,62.8017656,14.6484375,0.01875,channel-drift,-63.37725925,1.58275706,63.39701972453193,383.17647999999997,19966470900000.0,8.81189675e+23,0.2,0.9451601949891205,0.054839805010879504,0.0,188
native-vertex-Delaunay,1,x2-x18_surface-only,RUN096,t100ns,100.0,scalar,0.0,0.0,2.0625,0.0,contact-extension,0.0,0.0,0.0,1867.853515,2.023758305e+18,0.0,0.0,1.0,0.0,0.0,183
native-vertex-Delaunay,1,x2-x18_surface-only,RUN096,t100ns,100.0,directed,0.0,0.0,2.0,0.009375,contact-extension,-528.599535,-662.47721,847.5219891965047,1712.95964,2.03203818e+18,0.0,0.2,0.9453507006451706,0.05464929935482935,0.0,191
native-vertex-Delaunay,1,x3-x17_channel-edge,RUN096,t100ns,100.0,scalar,62.820020803850596,62.820020803850596,14.5390625,0.01875,channel-drift,-62.896384850000004,1.431546685,62.91267402607081,348.4892265,19609243500000.0,6.618670124999999e+23,0.25,0.9150425174598171,0.08495748254018282,0.0,178
native-vertex-Delaunay,1,x3-x17_channel-edge,RUN096,t100ns,100.0,directed,62.8017656,62.8017656,14.6484375,0.01875,channel-drift,-63.37725925,1.58275706,63.39701972453193,383.17647999999997,19966470900000.0,8.81189675e+23,0.2,0.9373765975172142,0.06262340248278549,0.0,172
native-vertex-Delaunay,1,x2-x18_channel-edge,RUN096,t500ns,500.0,scalar,13.611281524071266,13.611281524071266,14.5390625,0.01875,channel-drift,-13.682541350000001,0.3462158205,13.686920880491138,86.4097046,4246149900000.0,1.40618158e+23,0.275,0.90865760323323,0.0913423967667699,0.0,196
native-vertex-Delaunay,1,x2-x18_channel-edge,RUN096,t500ns,500.0,directed,13.6063851,13.6063851,14.6484375,0.01875,channel-drift,-13.7095502,0.38173988049999996,13.714863908281563,95.6032804,4310351785000.0,1.8974474800000002e+23,0.2,0.9451601949891205,0.054839805010879504,0.0,188
native-vertex-Delaunay,1,x2-x18_surface-only,RUN096,t500ns,500.0,scalar,0.0,0.0,2.0625,0.0,contact-extension,0.0,0.0,0.0,464.145108,2.023919215e+18,0.0,0.0,1.0,0.0,0.0,183
native-vertex-Delaunay,1,x2-x18_surface-only,RUN096,t500ns,500.0,directed,0.0,0.0,2.0,0.009375,contact-extension,-133.2636335,-166.363011,213.15686112018173,428.29610049999997,2.03220207e+18,0.0,0.2,0.9453507006451708,0.054649299354829366,0.0,191
native-vertex-Delaunay,1,x3-x17_channel-edge,RUN096,t500ns,500.0,scalar,13.611281524071266,13.611281524071266,14.5390625,0.01875,channel-drift,-13.682541350000001,0.3462158205,13.686920880491138,86.4097046,4246149900000.0,1.40618158e+23,0.275,0.889947929013614,0.11005207098638595,0.0,178
native-vertex-Delaunay,1,x3-x17_channel-edge,RUN096,t500ns,500.0,directed,13.6063851,13.6063851,14.6484375,0.01875,channel-drift,-13.7095502,0.38173988049999996,13.714863908281563,95.6032804,4310351785000.0,1.8974474800000002e+23,0.2,0.9374666346790959,0.06253336532090409,0.0,173
native-vertex-Delaunay,1,x2-x18_channel-edge,RUN121,t50ns,50.0,scalar,27.755754917608847,27.755754917608847,11.6953125,0.01875,channel-drift,-27.86408515,0.026293845499999996,27.86409755604444,27.96986165,8670335395000.0,1.1701508785e+17,0.225,0.9501240834221407,0.049875916577859496,0.0,193
native-vertex-Delaunay,1,x2-x18_channel-edge,RUN121,t50ns,50.0,directed,27.7551267,27.7551267,11.8046875,0.01875,channel-drift,-29.546437150000003,-0.30160018850000003,29.547976427034786,29.6421247,9789623390000.0,3.45920686e+17,0.13125,1.0,0.0,0.0,187
native-vertex-Delaunay,1,x2-x18_surface-only,RUN121,t50ns,50.0,scalar,0.0,0.0,2.0625,0.0,contact-extension,0.0,0.0,0.0,3665.169275,2.023831835e+18,0.0,0.0,1.0,0.0,0.0,183
native-vertex-Delaunay,1,x2-x18_surface-only,RUN121,t50ns,50.0,directed,0.0,0.0,2.0,0.009375,contact-extension,-1019.253695,-1277.81406,1634.529555164065,3329.77277,2.032099335e+18,0.0,0.13125,1.0,0.0,0.0,190
native-vertex-Delaunay,1,x3-x17_channel-edge,RUN121,t50ns,50.0,scalar,27.755754917608847,27.755754917608847,11.6953125,0.01875,channel-drift,-27.86408515,0.026293845499999996,27.86409755604444,27.96986165,8670335395000.0,1.1701508785e+17,0.225,0.9431126336549709,0.056887366345029194,0.0,177
native-vertex-Delaunay,1,x3-x17_channel-edge,RUN121,t50ns,50.0,directed,27.7551267,27.7551267,11.8046875,0.01875,channel-drift,-29.546437150000003,-0.30160018850000003,29.547976427034786,29.6421247,9789623390000.0,3.45920686e+17,0.13125,1.0,0.0,0.0,171
native-vertex-Delaunay,1,x2-x18_channel-edge,RUN121,t100ns,100.0,scalar,10.797756590238745,10.797756590238745,11.6953125,0.01875,channel-drift,-10.901662,0.022797142099999997,10.9016858362334,10.938733299999999,3372220050000.0,4.62890592e+16,0.225,0.9349497310530587,0.06505026894694134,0.0,196
native-vertex-Delaunay,1,x2-x18_channel-edge,RUN121,t100ns,100.0,directed,10.7975804,10.7975804,11.8046875,0.01875,channel-drift,-11.43525915,-0.1056413774,11.435747108443667,11.46803775,3770564755000.0,1.338085672e+17,0.15,1.0,0.0,0.0,187
native-vertex-Delaunay,1,x2-x18_surface-only,RUN121,t100ns,100.0,scalar,0.0,0.0,2.0625,0.0,contact-extension,0.0,0.0,0.0,1422.72278,2.023627545e+18,0.0,0.0,1.0,0.0,0.0,183
native-vertex-Delaunay,1,x2-x18_surface-only,RUN121,t100ns,100.0,directed,0.0,0.0,2.0,0.009375,contact-extension,-404.6281465,-506.295075,648.1193099339666,1307.527225,2.031914555e+18,0.0,0.15,1.0,0.0,0.0,190
native-vertex-Delaunay,1,x3-x17_channel-edge,RUN121,t100ns,100.0,scalar,10.797756590238745,10.797756590238745,11.6953125,0.01875,channel-drift,-10.901662,0.022797142099999997,10.9016858362334,10.938733299999999,3372220050000.0,4.62890592e+16,0.225,0.9258549608957228,0.07414503910427726,0.0,180
native-vertex-Delaunay,1,x3-x17_channel-edge,RUN121,t100ns,100.0,directed,10.7975804,10.7975804,11.8046875,0.01875,channel-drift,-11.43525915,-0.1056413774,11.435747108443667,11.46803775,3770564755000.0,1.338085672e+17,0.15,1.0,0.0,0.0,171
native-vertex-Delaunay,1,x2-x18_channel-edge,RUN121,t500ns,500.0,scalar,3.5974898999134903,3.5974898999134903,11.6953125,0.01875,channel-drift,-3.66584305,0.01399263135,3.665869755046597,3.671696245,1123147425000.0,1.560158184e+16,0.225,0.9348108869916608,0.06518911300833918,0.0,194
native-vertex-Delaunay,1,x2-x18_channel-edge,RUN121,t500ns,500.0,directed,3.59746125,3.59746125,11.8046875,0.01875,channel-drift,-3.773028225,-0.02836491655,3.7731348445473745,3.7780506000000003,1232766730000.0,4.32750396e+16,0.15,0.9922403006443785,0.0077596993556213805,0.0,187
native-vertex-Delaunay,1,x2-x18_surface-only,RUN121,t500ns,500.0,scalar,0.0,0.0,2.0625,0.0,contact-extension,0.0,0.0,0.0,380.8526605,2.023892835e+18,0.0,0.0,1.0,0.0,0.0,183
native-vertex-Delaunay,1,x2-x18_surface-only,RUN121,t500ns,500.0,directed,0.0,0.0,2.0,0.009375,contact-extension,-109.4554725,-136.6057835,175.04753795997,351.598563,2.032176475e+18,0.0,0.15,0.992267302179013,0.007732697820986954,0.0,190
native-vertex-Delaunay,1,x3-x17_channel-edge,RUN121,t500ns,500.0,scalar,3.5974898999134903,3.5974898999134903,11.6953125,0.01875,channel-drift,-3.66584305,0.01399263135,3.665869755046597,3.671696245,1123147425000.0,1.560158184e+16,0.225,0.9241076421431654,0.07589235785683458,0.0,178
native-vertex-Delaunay,1,x3-x17_channel-edge,RUN121,t500ns,500.0,directed,3.59746125,3.59746125,11.8046875,0.01875,channel-drift,-3.773028225,-0.02836491655,3.7731348445473745,3.7780506000000003,1232766730000.0,4.32750396e+16,0.15,0.9911358093841066,0.00886419061589339,0.0,171
