RUN121_time_s,RUN121_Id,RUN121_ImpactMax,RUN121_HoleMax,RUN121_Tmax,RUN121_Tmin,RUN121_JouleMax,RUN121_HeatMax,RUN096_nearest_time_s,RUN096_Id,RUN096_ImpactMax,RUN096_HoleMax,RUN096_Tmax,RUN096_Tmin,RUN096_JouleMax,RUN096_HeatMax
2e-13,3.868157905e-14,6891062671000.0,5.720060845e+17,300.0,300.0,141.6530271,141.0931982,2e-13,6.160666511e-14,1955215753000000.0,1.74395777e+18,300.0,300.0,163.7830963,162.2300035
6e-13,6.333268468e-13,82942966590000.0,5.720060845e+17,300.0,300.0,1727.917355,1724.178996,6e-13,7.240830102e-13,2684441731000000.0,1.74395777e+18,300.0,300.0,2347.493976,2328.846763
1.4e-12,2.569476438e-11,3686923345000000.0,5.720060845e+17,300.0,300.0,76956.28967,76903.31744,1.4e-12,2.626900476e-11,1.284597654e+17,1.74395777e+18,300.0,300.0,115024.52,114261.4955
2e-12,3.062946072e-10,4.262219184e+16,5.720060845e+17,300.0000001,300.0,889966.7427,888993.1984,2e-12,3.135974602e-10,1.452304439e+18,1.74395777e+18,300.0000001,300.0,1302896.712,1294694.209
2.1e-12,4.564711688e-10,6.046836994e+16,5.720060845e+17,300.0000001,300.0,1262389.928,1260837.487,2.1e-12,4.666623077e-10,2.054349664e+18,1.74395777e+18,300.0000001,300.0,1840437.049,1828998.347
2.3e-12,9.842575182e-10,1.287125583e+17,5.720060845e+17,300.0000002,300.0,2687940.388,2683473.014,2.3e-12,1.006903531e-09,4.321087707e+18,1.74395777e+18,300.0000002,300.0,3854688.469,3828467.207
2.7e-12,4.41405911e-09,6.109368918e+17,5.720060845e+17,300.0000011,300.0,12762068.52,12745534.81,2.7e-12,4.519469589e-09,2.067126961e+19,1.74395777e+18,300.0000011,300.0,18498764.41,18378262.76
3.5e-12,7.36155409e-08,1.115794642e+19,5.720060845e+17,300.0000247,300.0,233315376.0,232934860.4,3.5e-12,7.545702415e-08,4.101563828e+20,1.74395777e+18,300.0000254,300.0,363068635.9,360816417.0
5.07125267723261e-12,7.645258318e-06,1.06466951e+21,5.72006089e+17,300.0043036,299.9999999,25442659680.0,25405746370.0,5.0662817692157e-12,7.720257231e-06,5.673304579e+22,1.743957759e+18,300.0047065,299.9999999,47527886050.0,47304745230.0
6e-12,5.51925138e-05,3.333923396e+21,5.720061322e+17,300.0293296,299.9999995,180057267900.0,179777355600.0,6e-12,5.583363119e-05,4.12689613e+23,1.743957776e+18,300.0371556,299.9999999,422350941900.0,420045441500.0
6.1e-12,6.376822587e-05,3.649976086e+21,5.720061451e+17,300.0351837,299.9999994,213494751400.0,213166243000.0,6.1e-12,6.394673802e-05,4.894530723e+23,1.743957792e+18,300.0455225,299.9999998,524348665200.0,521337199100.0
6.3e-12,9.034191714e-05,4.896078516e+21,5.720061863e+17,300.0503109,299.999999,311772917900.0,309166263600.0,6.3e-12,9.021851983e-05,6.825033505e+23,1.743957867e+18,300.0691859,299.9999996,829524187600.0,824527330500.0
6.7e-12,0.0001709970284,1.101365286e+22,5.720064052e+17,300.0985117,299.999997,1061206162000.0,1052651822000.0,6.7e-12,0.0001694224888,1.536191773e+24,1.743958457e+18,300.1684806,299.9999981,2101006335000.0,2088771143000.0
7.5e-12,0.0003808991756,6.280403151e+22,1.522939802e+18,300.5329245,299.9999774,6162244920000.0,6091687557000.0,7.5e-12,0.0003504353014,8.669414949e+24,1.743966035e+18,300.8219101,299.9999819,7766656875000.0,7685699219000.0
7.87421360022265e-12,0.0002212251626,1.299220588e+23,2.822437839e+18,300.9484875,299.9999598,6396249090000.0,6343870663000.0,7.86658907568244e-12,0.0002062098636,1.642004479e+25,2.689765752e+18,301.2953311,299.999968,7140398393000.0,7089372487000.0
8.2484272004453e-12,0.0002530411244,2.439562807e+23,4.771563845e+18,301.2030025,299.9999401,5210316799000.0,5190733634000.0,8.23317815136488e-12,0.0002297261792,2.776841983e+25,4.459358119e+18,301.55933,299.9999528,6154285091000.0,6134322049000.0
8.62264080066796e-12,0.000224409533,3.755223808e+23,7.115969229e+18,301.3298955,299.9999213,5280563013000.0,5264351902000.0,8.59976722704732e-12,0.0001984297663,3.935739874e+25,6.562596913e+18,301.679535,299.9999381,6137566152000.0,6120976763000.0
8.99685440089061e-12,0.0002138177009,4.971924066e+23,9.535328336e+18,301.5807414,299.9999057,5283090884000.0,5274039436000.0,8.96635630272976e-12,0.0001854157313,4.983451065e+25,8.828343918e+18,301.955541,299.9999251,6036686701000.0,6027363430000.0
9.37106800111326e-12,0.000202088502,6.025878877e+23,1.222295505e+19,301.8305817,299.9998941,5200836700000.0,5192170553000.0,9.3329453784122e-12,0.0001744624052,5.966802079e+25,1.145136804e+19,302.2347974,299.9999143,5963983678000.0,5954883152000.0
9.8e-12,0.0001867901701,7.15517377e+23,1.577326939e+19,302.0561083,299.9998847,4984330298000.0,4976716379000.0,9.8e-12,0.0001604431352,7.253833556e+25,1.536339959e+19,302.5044935,299.9999032,5718400584000.0,5710850559000.0
9.9e-12,0.0001833402436,7.262737894e+23,1.665636844e+19,302.1156399,299.9998824,4915634429000.0,4909223356000.0,9.9e-12,0.0001591015623,7.417811268e+25,1.624934708e+19,302.570788,299.9999012,5627423448000.0,5621118732000.0
1.01e-11,0.0001766399999,8.037125001e+23,1.842792466e+19,302.2170717,299.9998781,4747402545000.0,4739567905000.0,1.01e-11,0.000152768461,8.188063576e+25,1.802684702e+19,302.6841538,299.9998975,5504783380000.0,5496900430000.0
1.05e-11,0.0001661943171,9.300636956e+23,2.186559193e+19,302.3629645,299.9998703,4585344549000.0,4581022545000.0,1.05e-11,0.0001442244263,9.539402607e+25,2.147704739e+19,302.8489018,299.999891,5280105470000.0,5275868858000.0
1.09e-11,0.0001565774769,1.069896335e+24,2.496341298e+19,302.5433764,299.9998635,4435273304000.0,4430893104000.0,1.09e-11,0.0001356391999,1.102957994e+26,2.458777895e+19,303.0491763,299.9998843,5149362950000.0,5145019997000.0
1.13e-11,0.0001492846009,1.223234488e+24,2.753602661e+19,302.6739712,299.9998574,4256841669000.0,4252544187000.0,1.13e-11,0.0001284156508,1.266023624e+26,2.717319352e+19,303.2002849,299.9998778,4983239564000.0,4978946973000.0
1.17e-11,0.0001425795436,1.391771587e+24,2.950066663e+19,302.7928306,299.9998519,4060844890000.0,4056712928000.0,1.17e-11,0.0001218409308,1.444881579e+26,2.915019105e+19,303.3373553,299.9998718,4794646316000.0,4790496703000.0
1.21e-11,0.0001369687761,1.578648485e+24,3.087466245e+19,302.9149823,299.9998469,3933174622000.0,3930800536000.0,1.21e-11,0.0001159641668,1.642562309e+26,3.053589453e+19,303.48141,299.9998665,4631134030000.0,4628801047000.0
1.25e-11,0.00013184146,1.797351715e+24,3.174699376e+19,303.0051778,299.9998424,3799412000000.0,3796932051000.0,1.25e-11,0.0001109619574,1.88601293e+26,3.141918676e+19,303.5900286,299.9998616,4511147073000.0,4508688488000.0
1.33e-11,0.0001222453867,2.355597217e+24,3.250050307e+19,303.1976387,299.9998344,3519939282000.0,3518553604000.0,1.33e-11,0.0001031600894,2.455857379e+26,3.219231389e+19,303.8255396,299.999853,4222528275000.0,4220044735000.0
1.38007339137409e-11,0.0001165721069,2.760146457e+24,3.257755844e+19,303.2868054,299.99983,3377050078000.0,3375772292000.0,1.4e-11,9.819544648e-05,3.087538613e+26,3.228189543e+19,303.9969373,299.9998464,4038041087000.0,4036283053000.0
1.4e-11,0.0001145362662,2.999534276e+24,3.256766776e+19,303.3297758,299.9998284,3312145778000.0,3310386393000.0,1.4e-11,9.819544648e-05,3.087538613e+26,3.228189543e+19,303.9969373,299.9998464,4038041087000.0,4036283053000.0
1.42e-11,0.0001126066974,3.181250087e+24,3.254448652e+19,303.3719621,299.9998268,3269712280000.0,3268352163000.0,1.42e-11,9.710297756e-05,3.28145266e+26,3.226257528e+19,304.0490393,299.9998447,3983768718000.0,3982426512000.0
1.46e-11,0.0001091682342,3.671168851e+24,3.247401629e+19,303.4462403,299.9998237,3157768177000.0,3156373081000.0,1.46e-11,9.525192009e-05,3.757849183e+26,3.219940354e+19,304.1417138,299.9998414,3882291483000.0,3880905169000.0
1.54e-11,0.0001041621544,4.909624085e+24,3.229276058e+19,303.5774651,299.999818,2983321609000.0,2982478280000.0,1.54e-11,9.308792059e-05,4.938665639e+26,3.203125259e+19,304.3184262,299.9998353,3698004245000.0,3697189506000.0
1.62e-11,0.0001016417821,6.651614037e+24,3.209788707e+19,303.7088722,299.9998128,2821580254000.0,2820676104000.0,1.62e-11,9.291212142e-05,6.547631681e+26,3.184780297e+19,304.4846755,299.9998297,3563670738000.0,3562787114000.0
1.7e-11,0.0001010025059,9.158751466e+24,3.190372414e+19,303.8237532,299.9998079,2701736379000.0,2701184732000.0,1.7e-11,9.468632629e-05,8.774591861e+26,3.166370395e+19,304.6472442,299.9998244,3445476502000.0,3444593751000.0
1.78e-11,0.0001016772059,1.282690848e+25,3.171246673e+19,303.9446722,299.9998033,2596585322000.0,2596004334000.0,1.78e-11,9.860191222e-05,1.188381227e+27,3.148140101e+19,304.8010906,299.9998193,3374019387000.0,3373472560000.0
1.82e-11,0.0001025005028,1.531680398e+25,3.161805896e+19,304.0005021,299.999801,2551340348000.0,2550760580000.0,1.82e-11,0.0001014844345,1.389129467e+27,3.139111486e+19,304.8722846,299.9998169,3349580299000.0,3349033118000.0
1.86e-11,0.0001038143533,1.83442957e+25,3.152449696e+19,304.0542043,299.9997987,2518269797000.0,2517929836000.0,1.86e-11,0.0001050935308,1.62721054e+27,3.130146737e+19,304.9505733,299.9998144,3334341318000.0,3333796884000.0
1.9e-11,0.0001057239461,2.195816135e+25,3.143179491e+19,304.106199,299.9997965,2491057390000.0,2490707243000.0,1.9e-11,0.0001094886321,1.902729066e+27,3.121249056e+19,305.027253,299.999812,3328890797000.0,3328353902000.0
1.94e-11,0.0001083687764,2.618848899e+25,3.133996314e+19,304.1633356,299.9997942,2470163788000.0,2469809959000.0,1.94e-11,0.0001147276614,2.218028421e+27,3.112421068e+19,305.1012511,299.9998096,3334043447000.0,3333514518000.0
1.98e-11,0.0001118880907,3.110285443e+25,3.124900864e+19,304.2198906,299.999792,2456364496000.0,2456010091000.0,1.98e-11,0.0001208599292,2.579384228e+27,3.103664915e+19,305.1730177,299.9998072,3350439878000.0,3349919715000.0
2e-11,0.0001140122454,3.387600208e+25,3.12038617e+19,304.2476066,299.9997909,2451833036000.0,2451388184000.0,2e-11,0.000124253449,2.769518801e+27,3.099314306e+19,305.2081684,299.999806,3362368936000.0,3361738541000.0
2.1e-11,0.0001287799341,4.932276812e+25,3.098143531e+19,304.3816316,299.9997854,2463338973000.0,2462983642000.0,2.1e-11,0.0001452976873,3.842622879e+27,3.077843067e+19,305.3906827,299.9998,3467880814000.0,3467359226000.0
2.3e-11,0.0001808141367,8.261916456e+25,3.055294528e+19,304.6472163,299.9997744,2590574616000.0,2590070335000.0,2.3e-11,0.0002071608347,6.082900321e+27,3.036339066e+19,305.7469904,299.9997882,3786640787000.0,3786190085000.0
2.48166163676801e-11,0.0002553535353,1.005669732e+26,3.018213075e+19,304.8797199,299.9997643,2677613388000.0,2677289793000.0,2.5e-11,0.0003008563113,7.295789451e+27,2.996762941e+19,306.1010311,299.999776,3996411444000.0,3995947953000.0
2.66332327353602e-11,0.0003582433986,9.915028662e+25,2.982796735e+19,305.1160393,299.9997541,2612904716000.0,2612792440000.0,2.7e-11,0.0004488856621,6.885180757e+27,2.959066203e+19,306.4565051,299.9997635,3901880502000.0,3901678307000.0
2.75415409192003e-11,0.0004096001863,8.966948315e+25,2.965685597e+19,305.2288859,299.9997488,2528019372000.0,2527812671000.0,2.8e-11,0.0005313818953,6.258482694e+27,2.940894515e+19,306.6348254,299.9997571,3759050707000.0,3758993175000.0
2.84498491030403e-11,0.0004593218336,8.127939616e+25,2.948957714e+19,305.3453102,299.9997434,2433580294000.0,2433459941000.0,2.8e-11,0.0005313818953,6.258482694e+27,2.940894515e+19,306.6348254,299.9997571,3759050707000.0,3758993175000.0
2.93581572868804e-11,0.0005021371902,7.211316534e+25,2.932604194e+19,305.4600275,299.9997376,2337351278000.0,2337255485000.0,2.9e-11,0.0005985664601,5.586744674e+27,2.92316066e+19,306.8302694,299.9997504,3599461515000.0,3599448356000.0
3e-11,0.0005250531263,6.619745441e+25,2.921269745e+19,305.5394607,299.9997334,2276322714000.0,2276220170000.0,3e-11,0.0006462730171,4.95298766e+27,2.905859483e+19,307.2992353,299.999743,3455697766000.0,3455668109000.0
3.1e-11,0.0005455669616,5.869026752e+25,2.903968918e+19,305.6657039,299.9997264,2199057979000.0,2198926171000.0,3.1e-11,0.0006711164427,4.435140275e+27,2.888987263e+19,307.7689282,299.9997351,3340748577000.0,3340675435000.0
3.3e-11,0.0005469719392,4.931880929e+25,2.870632751e+19,305.9181645,299.9997117,2115577338000.0,2115485080000.0,3.3e-11,0.0006690615451,3.765741677e+27,2.856497671e+19,308.6773248,299.9997181,3191102500000.0,3190937361000.0
3.49236393225566e-11,0.0005267784962,4.461371187e+25,2.840065723e+19,306.4562992,299.9996974,2083944962000.0,2083817080000.0,3.5e-11,0.0006394603417,3.424400297e+27,2.825584494e+19,309.556094,299.9997012,3111157266000.0,3111068364000.0
3.68472786451132e-11,0.0005132394925,4.180261828e+25,2.810818253e+19,306.9922819,299.9996839,2064794137000.0,2064655687000.0,3.7e-11,0.0006117062435,3.17547217e+27,2.796074639e+19,310.3876042,299.9996855,3064766716000.0,3064652740000.0
3.87709179676698e-11,0.000501609262,3.934539061e+25,2.782741325e+19,307.5052819,299.9996712,2043807398000.0,2043669756000.0,3.9e-11,0.0005923345252,2.949667118e+27,2.767788926e+19,311.1777127,299.9996708,3015261711000.0,3015133971000.0
4.06945572902264e-11,0.0004950941357,3.688066259e+25,2.755716521e+19,308.0112087,299.9996588,2018101459000.0,2017966330000.0,4.1e-11,0.0005793192695,2.733662612e+27,2.740586645e+19,311.9444687,299.9996568,2960568364000.0,2960426460000.0
4.2618196612783e-11,0.0004903337316,3.448671853e+25,2.729657032e+19,308.4932662,299.9996466,1989856784000.0,1989721554000.0,4.3e-11,0.0005681367272,2.533684579e+27,2.714366599e+19,312.6719061,299.999643,2905268337000.0,2905108876000.0
4.64654752578962e-11,0.0004812733706,3.031056964e+25,2.680169995e+19,309.394465,299.9996226,1937846439000.0,1937701250000.0,4.7e-11,0.0005475320982,2.19992455e+27,2.664583011e+19,314.0233318,299.9996161,2813112335000.0,2813012391000.0
5e-11,0.0004731026378,2.726909353e+25,2.637533641e+19,310.1632201,299.9996013,1902371232000.0,1902212329000.0,5e-11,0.0005353887462,2.001356869e+27,2.629378701e+19,314.9644892,299.9995967,2765788613000.0,2765663085000.0
5.5e-11,0.0004646018377,5.173607482e+25,2.581310883e+19,311.1800854,299.9995737,1862537108000.0,1862370305000.0,5.5e-11,0.0005233401907,1.724233565e+27,2.574309898e+19,316.4303498,299.999567,2681853904000.0,2681713093000.0
5.85883423846657e-11,0.000460579971,1.424599857e+26,2.543627159e+19,311.8645987,299.999556,1830706690000.0,1830541342000.0,5.85866344255903e-11,0.0005186956686,1.54368543e+27,2.537341843e+19,317.4082615,299.9995479,2605479240000.0,2605340524000.0
6.21766847693314e-11,0.0004564606215,3.671674715e+26,2.507946911e+19,312.5213491,299.9995402,1796115681000.0,1795949098000.0,6.33688136597106e-11,0.0005109986082,1.328248694e+27,2.490992374e+19,318.6170709,299.9995255,2497226708000.0,2497140971000.0
6.57650271539972e-11,0.0004513795366,8.465253113e+26,2.474109408e+19,313.145283,299.9995264,1764688695000.0,1764596468000.0,6.57599032767708e-11,0.0005058806207,1.236975906e+27,2.468979569e+19,319.185275,299.9995156,2448685389000.0,2448595499000.0
6.93533695386629e-11,0.0004459093426,1.759303886e+27,2.441973615e+19,313.7410878,299.9995146,1738057742000.0,1737961331000.0,7.05420825108911e-11,0.0004951163663,1.084105829e+27,2.427080706e+19,320.2639208,299.9994985,2356243800000.0,2356151658000.0
7.29417119233286e-11,0.0004407404782,3.317995513e+27,2.41141463e+19,314.3132311,299.999505,1713508453000.0,1713408878000.0,7.53242617450115e-11,0.0004851061355,9.610250918e+26,2.387786511e+19,321.2810449,299.9994849,2270497124000.0,2270407993000.0
8.01183966926601e-11,0.0004313989088,9.038354386e+27,2.354580921e+19,315.3993805,299.9994918,1670015676000.0,1669910088000.0,8.01064409791318e-11,0.0004759278005,2.633424909e+27,2.350891684e+19,322.2505202,299.9994749,2193361660000.0,2193279293000.0
8.72950814619915e-11,0.0004226505158,1.828106421e+28,2.302923276e+19,316.4237323,299.9994867,1634158906000.0,1634047964000.0,8.96707994473725e-11,0.0004565183378,1.51400897e+28,2.283738015e+19,324.0908412,299.9994666,2080320752000.0,2080223422000.0
9.44717662313229e-11,0.0004136922842,2.949192375e+28,2.255933015e+19,317.4018435,299.9994889,2136211014000.0,2144722402000.0,9.44529786814928e-11,0.000447517365,3.06701382e+28,2.253324408e+19,324.9779332,299.9994694,2040645223000.0,2040488465000.0
1e-10,0.0004057886254,3.797802882e+28,2.222696848e+19,318.1301723,299.9994952,2663521514000.0,2665434802000.0,1e-10,0.0004383505145,6.005535322e+28,2.220605747e+19,325.9896072,299.9994803,2012459680000.0,2012309171000.0
1.05e-10,0.0003971644506,4.468956413e+28,2.194624019e+19,318.7722619,299.9995038,3089273556000.0,3091463280000.0,1.05e-10,0.0004309321077,9.472210377e+28,2.193207276e+19,326.8909952,299.9994907,2971271321000.0,2988100916000.0
1.10807726290912e-10,0.0003846716257,5.080367005e+28,2.163742541e+19,319.4970126,299.9995107,3476810068000.0,3479271120000.0,1.09658936521071e-10,0.000423828492,1.258876609e+29,2.168864355e+19,327.7245789,299.9995057,3993504465000.0,4014043099000.0
1.14057857440281e-10,0.0003762425326,5.334214491e+28,2.146954426e+19,319.8909417,299.9995143,3640589798000.0,3643177836000.0,1.09658936521071e-10,0.000423828492,1.258876609e+29,2.168864355e+19,327.7245789,299.9995057,3993504465000.0,4014043099000.0
1.1730798858965e-10,0.0003666012358,5.525185766e+28,2.130347292e+19,320.2745346,299.9995186,3767646069000.0,3770343501000.0,1.18976809563212e-10,0.0004038263347,1.520927063e+29,3.01542624e+19,329.3734468,299.9995452,5112430271000.0,5133689340000.0
1.2055811973902e-10,0.0003557564505,5.657089804e+28,2.135544766e+19,320.6463399,299.9995234,3860709632000.0,3863499693000.0,1.18976809563212e-10,0.0004038263347,1.520927063e+29,3.01542624e+19,329.3734468,299.9995452,5112430271000.0,5133689340000.0
1.23808250888389e-10,0.0003440193989,5.73541839e+28,2.281702043e+19,321.00607,299.9995286,3923243601000.0,3926110689000.0,1.23559234462279e-10,0.0003906965492,1.463471529e+29,3.522063463e+19,330.1763253,299.9995646,5073437758000.0,5092308568000.0
1.27058382037758e-10,0.0003320616472,5.766968063e+28,2.419768302e+19,321.3555636,299.9995341,3959199686000.0,3962129661000.0,1.28141659361347e-10,0.0003775699807,1.346874595e+29,3.913746597e+19,330.9813257,299.9995815,4778067556000.0,4794170107000.0
1.33558644336497e-10,0.0003110442077,5.721978107e+28,2.671991783e+19,322.8854519,299.9995458,3969151466000.0,3972172088000.0,1.32724084260414e-10,0.0003672826171,1.220854642e+29,4.200415875e+19,331.8008117,299.9995957,4389349077000.0,4403075315000.0
1.39115044999499e-10,0.0002983548601,5.603956421e+28,2.863959396e+19,325.0669115,299.9995562,3930922226000.0,3933991447000.0,1.37306509159482e-10,0.0003614207842,1.11079496e+29,4.40779506e+19,332.6432655,299.9996075,4014367007000.0,4026361442000.0
1.44671445662501e-10,0.0002900161661,5.446386224e+28,3.036952928e+19,327.0587068,299.9995664,3868154610000.0,3871254630000.0,1.46471358957617e-10,0.0003586000871,9.585190617e+28,4.684468144e+19,334.3833965,299.9996261,3454018949000.0,3464196119000.0
1.50227846325503e-10,0.0002843915789,5.271478934e+28,3.194076838e+19,328.8753426,299.9995762,3793560262000.0,3796679880000.0,1.51053783856684e-10,0.0003577206655,9.093664189e+28,4.788428607e+19,335.2657169,299.9996338,3266977330000.0,3276773098000.0
1.55784246988505e-10,0.0002806557403,5.092994476e+28,3.391930843e+19,330.5374115,299.9995855,3715514296000.0,3718647073000.0,1.55636208755751e-10,0.000355847823,8.713255912e+28,4.882773817e+19,336.145284,299.999641,3123958189000.0,3133556370000.0
1.61340647651507e-10,0.0002780449571,4.918517686e+28,3.616246866e+19,332.0668488,299.9995943,3638961899000.0,3642104512000.0,1.60218633654819e-10,0.0003527867796,8.402558548e+28,4.972350718e+19,337.0172689,299.9996477,3011228416000.0,3020730349000.0
1.66897048314509e-10,0.0002758447238,4.751423828e+28,3.826475065e+19,333.4840128,299.9996026,3566331645000.0,3569482497000.0,1.64801058553886e-10,0.0003491840788,8.132743792e+28,5.059597004e+19,337.8817616,299.9996541,2918180908000.0,2927635198000.0
1.72453448977511e-10,0.0002739119675,4.592358881e+28,4.024141451e+19,334.8061154,299.9996105,3498279485000.0,3501437595000.0,1.73965908352021e-10,0.0003430132747,7.652553938e+28,5.230462747e+19,339.5917654,299.9996665,2764233194000.0,2773628609000.0
1.78009849640514e-10,0.0002722699987,4.440521737e+28,4.210646208e+19,336.0466328,299.9996179,3434361288000.0,3437525543000.0,1.73965908352021e-10,0.0003430132747,7.652553938e+28,5.230462747e+19,339.5917654,299.9996665,2764233194000.0,2773628609000.0
1.83566250303516e-10,0.0002708271944,4.294550717e+28,4.38719492e+19,337.2154224,299.999625,3373572154000.0,3376740897000.0,1.82493761213826e-10,0.0003388823895,7.244723046e+28,5.385524078e+19,341.1619555,299.9996772,2641998583000.0,2651328643000.0
1.89122650966518e-10,0.000269512297,4.153031419e+28,4.554780877e+19,338.3192596,299.9996318,3314730179000.0,3317901080000.0,1.91021614075631e-10,0.0003358352903,6.864194007e+28,5.554506993e+19,342.7126566,299.9996871,2530948673000.0,2540186834000.0
2.00235452292522e-10,0.0002671259739,3.879252015e+28,4.866182987e+19,340.3487133,299.9996442,3198775841000.0,3201941942000.0,1.99549466937436e-10,0.0003333825046,6.511786857e+28,5.794478014e+19,344.2435131,299.9996963,2428456280000.0,2437579020000.0
2.11348253618526e-10,0.0002649145345,3.615842263e+28,5.149267701e+19,342.1556314,299.9996554,3081952101000.0,3085100420000.0,2.08077319799241e-10,0.0003312004752,6.188226738e+28,6.017429846e+19,345.7541615,299.9997047,2333468204000.0,2342457642000.0
2.22945181259721e-10,0.0002626537801,3.35393232e+28,5.418002842e+19,343.8213355,299.999666,2958930503000.0,2962048322000.0,2.28199315303509e-10,0.0003262568727,5.533594752e+28,6.486773603e+19,349.237622,299.999722,2279536375000.0,2279358008000.0
2.34526187571056e-10,0.0002603722277,3.109736751e+28,5.662156572e+19,345.2815072,299.9996755,2837822206000.0,2840901470000.0,2.39916821042821e-10,0.0003233053028,5.215873995e+28,6.729142608e+19,351.2140429,299.9997307,2288171777000.0,2287992451000.0
2.4534969929917e-10,0.0002581939846,2.900136098e+28,5.871015248e+19,346.4851386,299.9996836,2729294007000.0,2732333715000.0,2.47541957547122e-10,0.0003213489002,5.03123093e+28,6.876548351e+19,352.4799774,299.9997359,2292939598000.0,2292759962000.0
2.55803789743229e-10,0.0002560422221,2.715860207e+28,6.057238073e+19,347.5214045,299.9996909,2630828432000.0,2633829345000.0,2.54594698613103e-10,0.0003195207625,4.874583686e+28,7.00651644e+19,353.6369052,299.9997405,2296952579000.0,2296772760000.0
2.66877085593211e-10,0.000253729352,2.539732331e+28,6.24006925e+19,348.5050823,299.999698,2534463737000.0,2537424685000.0,2.65430603820801e-10,0.0003166958422,4.657767777e+28,7.195676552e+19,355.3886282,299.9997471,2302628651000.0,2302448642000.0
2.78370356759879e-10,0.0002513137212,2.37605837e+28,6.416286102e+19,349.4222838,299.999705,2443253758000.0,2446175406000.0,2.77770577660681e-10,0.0003134730966,4.441608475e+28,7.397570719e+19,357.3458788,299.9997541,2308615504000.0,2308435271000.0
2.88957937913528e-10,0.0002490883236,2.240570098e+28,6.568047382e+19,350.1884238,299.9997111,2366699709000.0,2369587373000.0,2.90280874802141e-10,0.0003102056161,4.250463329e+28,7.589667372e+19,359.2894834,299.9997608,2314379308000.0,2314198703000.0
2.98629755030681e-10,0.0002470587881,2.127967122e+28,6.698934183e+19,350.8316883,299.9997165,2302390364000.0,2305248771000.0,3.01007241153982e-10,0.000307408831,4.104887392e+28,7.745755338e+19,360.923211,299.9997663,2319152933000.0,2318971844000.0
3.08619015677646e-10,0.0002449639976,2.021390092e+28,6.827230873e+19,351.4463663,299.9997218,2240920353000.0,2243750140000.0,3.13628846526582e-10,0.0003041126693,3.950944732e+28,7.920499667e+19,362.8064185,299.9997724,2324478357000.0,2324296520000.0
3.19136813252715e-10,0.0002427589939,1.918438411e+28,6.955539612e+19,352.044966,299.9997273,2180915383000.0,2183716545000.0,3.20452230198504e-10,0.0003023171408,3.874103392e+28,8.011315847e+19,363.806565,299.9997756,2327168647000.0,2326986329000.0
3.29035836004268e-10,0.0002406790785,1.829081617e+28,7.07055961e+19,352.5672674,299.9997322,2128255263000.0,2131030675000.0,3.25238644124445e-10,0.0003010468725,3.822410395e+28,8.073602736e+19,364.5004886,299.9997779,2328971534000.0,2328788841000.0
3.37936274254351e-10,0.0002388012983,1.754188489e+28,7.169633574e+19,353.0057826,299.9997366,2083638925000.0,2086392004000.0,3.34811471976326e-10,0.000298480935,3.723582976e+28,8.19486668e+19,365.8691163,299.9997822,2332370289000.0,2332186782000.0
3.47414233471914e-10,0.0002367883923,1.679445942e+28,7.270965253e+19,353.4428371,299.9997412,2038611160000.0,2041341174000.0,3.48162346226988e-10,0.000294832593,3.59396449e+28,8.357048798e+19,367.7343316,299.9997882,2336517837000.0,2336333127000.0
3.58320417142542e-10,0.0002344477403,1.599115608e+28,7.38263307e+19,353.9103064,299.9997464,1989582090000.0,1992286331000.0,3.58624029495761e-10,0.0002918945725,3.497554747e+28,8.478811739e+19,369.1596313,299.9997927,2339166375000.0,2338980691000.0
3.68669791438888e-10,0.0002322004156,1.527897644e+28,7.484059478e+19,354.3212599,299.9997513,1945492922000.0,1948173356000.0,3.66617052845887e-10,0.0002895912573,3.426017629e+28,8.568855844e+19,370.2265558,299.9997961,2340824974000.0,2340638538000.0
3.77035505638402e-10,0.0002303659308,1.473538555e+28,7.563019883e+19,354.6316953,299.9997551,1911403042000.0,1914064629000.0,3.80869566876181e-10,0.0002853519074,3.30169603e+28,8.723258495e+19,372.0806157,299.9998022,2342988286000.0,2342800541000.0
3.85357395058057e-10,0.0002285296412,1.422038909e+28,7.639032906e+19,354.9223146,299.999759,1878725337000.0,1881368478000.0,3.86952794188218e-10,0.000283491045,3.249596873e+28,8.786821254e+19,372.8528063,299.9998048,2343571937000.0,2343383668000.0
3.95558414012405e-10,0.0002262690477,1.362130881e+28,7.728942199e+19,355.2551502,299.9997637,1840201835000.0,1842822726000.0,3.97707720670515e-10,0.0002801113625,3.158318334e+28,8.895875437e+19,374.1893279,299.9998091,2344066076000.0,2343876928000.0
4e-10,0.0002252835879,1.337091826e+28,7.767008825e+19,355.3923499,299.9997657,1823925201000.0,1826536521000.0,4e-10,0.0002793758119,3.138951205e+28,8.91857786e+19,374.4694005,299.9998096,2344092279000.0,2343902945000.0
4.1e-10,0.0002230714366,1.282878253e+28,7.850432635e+19,355.6850259,299.9997703,1788301299000.0,1790891309000.0,4.1e-10,0.0002761074914,3.054687647e+28,9.015429983e+19,375.6712718,299.9998117,2343889722000.0,2343699640000.0
4.23966793269888e-10,0.0002199654918,1.211699264e+28,7.961905436e+19,356.0581334,299.9997766,1740677602000.0,1743238300000.0,4.24259711091591e-10,0.0002712775778,2.934782353e+28,9.147474962e+19,377.3281631,299.9998148,2342507055000.0,2342316095000.0
4.31616660637324e-10,0.0002182390942,1.174750545e+28,8.020583913e+19,356.245772,299.9997801,1715540726000.0,1718085555000.0,4.30321872656157e-10,0.0002691523812,2.883694372e+28,9.201485072e+19,378.011854,299.9998162,2341536270000.0,2341344993000.0
4.36327566522404e-10,0.0002171663354,1.152665467e+28,8.055916582e+19,356.3557079,299.9997822,1714445397000.0,1714289191000.0,4.30321872656157e-10,0.0002691523812,2.883694372e+28,9.201485072e+19,378.011854,299.9998162,2341536270000.0,2341344993000.0
4.45749378292564e-10,0.0002150067482,1.109922475e+28,8.12480918e+19,356.5632398,299.9997865,1717295114000.0,1717138700000.0,4.42446195785289e-10,0.0002647892559,2.781251026e+28,9.305761985e+19,379.3414556,299.9998188,2338959701000.0,2338767874000.0
4.60726512859912e-10,0.0002115395958,1.045535798e+28,8.229644781e+19,356.991081,299.9997917,1721185279000.0,1721028606000.0,4.60734306803944e-10,0.0002579426515,2.625611105e+28,9.453743242e+19,381.2819469,299.9998229,2333317718000.0,2333125445000.0
4.6795826741878e-10,0.000209842512,1.015911238e+28,8.278284026e+19,357.5984426,299.9997935,1722790554000.0,1722633762000.0,4.74588947783869e-10,0.0002525381079,2.506750334e+28,9.558533831e+19,382.6959348,299.999826,2327652874000.0,2327460512000.0
4.71953670055694e-10,0.0002089027875,9.999273205e+27,8.304622278e+19,357.9298031,299.9997944,1723621747000.0,1723464886000.0,4.74588947783869e-10,0.0002525381079,2.506750334e+28,9.558533831e+19,382.6959348,299.999826,2327652874000.0,2327460512000.0
4.79944475329522e-10,0.0002070231965,9.687283556e+27,8.356186465e+19,358.58355,299.9997964,1725169919000.0,1725012940000.0,4.79476606997028e-10,0.0002505882129,2.464609417e+28,9.594015627e+19,383.1784696,299.999827,2325310654000.0,2325118371000.0
4.95094620519407e-10,0.0002034345351,9.122211713e+27,8.450004401e+19,359.7898768,299.9998002,1727523514000.0,1727366414000.0,5.00020990147744e-10,0.0002421205005,2.286535541e+28,9.734814196e+19,385.1106366,299.999831,2313507077000.0,2313315366000.0
5.01660058453056e-10,0.000201857239,8.887374823e+27,8.489102479e+19,360.2989832,299.9998018,1728254064000.0,1728096951000.0,5.00020990147744e-10,0.0002421205005,2.286535541e+28,9.734814196e+19,385.1106366,299.999831,2313507077000.0,2313315366000.0
5.05159119891957e-10,0.0002010093096,8.764439102e+27,8.509565395e+19,360.5668732,299.9998027,1728562418000.0,1728405308000.0,5.06659544570039e-10,0.0002393031884,2.228742164e+28,9.777461215e+19,385.7011947,299.9998323,2308980648000.0,2308789330000.0
5.12157242769757e-10,0.0001992859198,8.52302045e+27,8.54972312e+19,361.1092934,299.9998045,1729006258000.0,1728849169000.0,5.10139958955106e-10,0.0002378091872,2.198379143e+28,9.799270136e+19,386.0040517,299.999833,2306424669000.0,2306233582000.0
5.26153488525358e-10,0.0001957616869,8.057110805e+27,8.627038614e+19,362.1665879,299.9998075,1729307586000.0,1729150565000.0,5.29131896150932e-10,0.0002294092953,2.032424988e+28,9.911685987e+19,387.572675,299.999837,2290620430000.0,2290430932000.0
5.33105931897816e-10,0.0001939790849,7.833279816e+27,8.66398754e+19,362.6771462,299.9998089,1729141775000.0,1728984849000.0,5.3454385047514e-10,0.0002269582831,1.985053796e+28,9.941700215e+19,387.9931708,299.9998381,2285457211000.0,2285268319000.0
5.36686761551703e-10,0.0001930504544,7.719853146e+27,8.682648357e+19,362.9362478,299.9998097,1728955710000.0,1728798848000.0,5.37723136515647e-10,0.0002254974405,1.95725879e+28,9.958918399e+19,388.2345805,299.9998388,2282267543000.0,2282079045000.0
5.43848420859479e-10,0.0001911674293,7.496855964e+27,8.719228686e+19,363.4464536,299.9998112,1728432987000.0,1728276225000.0,5.44081708596661e-10,0.00022254602,1.901742816e+28,9.992443617e+19,388.7047236,299.9998402,2275511361000.0,2275323718000.0
5.57515353718413e-10,0.0001875237263,7.083461074e+27,8.786339263e+19,364.3902413,299.9998142,1726886312000.0,1726729873000.0,5.56077997637599e-10,0.000216857915,1.797147653e+28,1.005240971e+20,389.5448319,299.999843,2261577187000.0,2261391339000.0
5.63637412821934e-10,0.0001858577222,6.903227283e+27,8.815270098e+19,364.8000746,299.9998156,1725801343000.0,1725645153000.0,5.64007438039387e-10,0.0002130093028,1.728291331e+28,1.008971027e+20,390.0658284,299.9998448,2251233040000.0,2251048726000.0
5.66996462441883e-10,0.0001849275153,6.805555422e+27,8.830850967e+19,365.0214328,299.9998163,1725088171000.0,1724932114000.0,5.69638642023186e-10,0.0002102148309,1.679505412e+28,1.011508159e+20,390.4186397,299.9998461,2243253542000.0,2243070356000.0
5.73714561681782e-10,0.0001830387686,6.612440338e+27,8.861394873e+19,365.4565401,299.9998179,1723495269000.0,1723339470000.0,5.69638642023186e-10,0.0002102148309,1.679505412e+28,1.011508159e+20,390.4186397,299.9998461,2243253542000.0,2243070356000.0
5.87078401100686e-10,0.0001791661712,6.237407121e+27,8.919732316e+19,366.2913651,299.999821,1719542467000.0,1719387346000.0,5.88220335999669e-10,0.0002007050955,1.520037727e+28,1.019230161e+20,391.4779963,299.9998507,2213403760000.0,2213225024000.0
5.9277679499592e-10,0.0001774770016,6.080849493e+27,8.943637126e+19,366.6346531,299.9998223,1717496791000.0,1717342015000.0,5.9388574472228e-10,0.0001977513029,1.471766289e+28,1.021388083e+20,391.7679512,299.9998522,2203113370000.0,2202936195000.0
5.95778995982944e-10,0.0001765790993,5.999204873e+27,8.956000288e+19,366.81239,299.9998231,1716328455000.0,1716173875000.0,5.9388574472228e-10,0.0001977513029,1.471766289e+28,1.021388083e+20,391.7679512,299.9998522,2203113370000.0,2202936195000.0
6.0178339795699e-10,0.000174752801,5.837575782e+27,8.98025175e+19,367.1612819,299.9998245,1713796571000.0,1713642410000.0,6.05216562167501e-10,0.0001917086396,1.375959429e+28,1.025430455e+20,392.3000622,299.9998552,2181092414000.0,2180918563000.0
6.13792201905084e-10,0.0001710230898,5.520161566e+27,9.026866568e+19,367.8321692,299.9998275,1707969916000.0,1707816710000.0,6.11753644621026e-10,0.0001882322829,1.321221954e+28,1.027598326e+20,392.5778399,299.999857,2167623763000.0,2167451944000.0
6.19276638995173e-10,0.0001692727219,5.377776658e+27,9.047322175e+19,368.1263508,299.9998289,1704843288000.0,1704690657000.0,6.16696872739651e-10,0.000185581344,1.280205099e+28,1.029158434e+20,392.7736706,299.9998583,2157073540000.0,2156903365000.0
6.22249006024973e-10,0.0001683093824,5.301140923e+27,9.058190842e+19,368.2824666,299.9998297,1702979187000.0,1702826898000.0,6.26583328976901e-10,0.0001802911185,1.199418912e+28,1.032077566e+20,393.1282391,299.9998611,2134542517000.0,2134375972000.0
6.28193740084574e-10,0.0001663367159,5.149215945e+27,9.079470146e+19,368.5874511,299.9998312,1698948999000.0,1698797378000.0,6.26583328976901e-10,0.0001802911185,1.199418912e+28,1.032077566e+20,393.1282391,299.9998611,2134542517000.0,2134375972000.0
6.39678445139357e-10,0.0001623971771,4.860778178e+27,9.118861408e+19,369.1484946,299.9998343,1690216388000.0,1690066144000.0,6.36674738937231e-10,0.0001748358868,1.118572291e+28,1.034783447e+20,393.4385322,299.9998641,2109774352000.0,2109611792000.0
6.45233856453258e-10,0.0001604666766,4.723109887e+27,9.137103369e+19,369.4062817,299.9998358,1685559602000.0,1685410096000.0,6.45727556339246e-10,0.0001699028532,1.04773153e+28,1.036980222e+20,393.6714148,299.999866,2085209339000.0,2085050702000.0
6.48228461537564e-10,0.0001594193582,4.649397552e+27,9.14671573e+19,369.5414873,299.9998366,1682925340000.0,1682776264000.0,6.48283774191312e-10,0.0001684696744,1.027985268e+28,1.037561275e+20,393.7292114,299.9998665,2078026264000.0,2077868649000.0
6.54217671706175e-10,0.0001572946629,4.503131827e+27,9.165476838e+19,369.8038685,299.9998383,1677352831000.0,1677204675000.0,6.55380552381547e-10,0.0001645195387,9.739807311e+27,1.039085221e+20,393.8712723,299.999868,2057137047000.0,2056982950000.0
6.6525401922199e-10,0.0001533531444,4.237922924e+27,9.198437999e+19,370.2589209,299.9998415,1666451283000.0,1666304744000.0,6.64229104154405e-10,0.0001595147787,9.080794742e+27,1.0408033e+20,394.0090694,299.9998699,2028470907000.0,2028321177000.0
6.69937598711963e-10,0.0001516636613,4.126770587e+27,9.211792662e+19,370.440881,299.9998429,1661568754000.0,1661423045000.0,6.68471305682425e-10,0.0001570569459,8.771168544e+27,1.041555766e+20,394.0592956,299.9998708,2014066175000.0,2013918753000.0
6.72354408498014e-10,0.0001507886843,4.069947241e+27,9.218536729e+19,370.5321535,299.9998436,1658896807000.0,1658751614000.0,6.72713507210445e-10,0.0001545942707,8.465607328e+27,1.042262702e+20,394.0990845,299.9998718,1998675393000.0,1998530648000.0
6.77188028070117e-10,0.0001490428406,3.957230552e+27,9.231727233e+19,370.7091483,299.999845,1653174647000.0,1653030505000.0,6.76767391425901e-10,0.0001522019189,8.176911979e+27,1.042895711e+20,394.126944,299.9998727,1983159400000.0,1983017033000.0
6.86855267214322e-10,0.0001454617404,3.734722788e+27,9.256910031e+19,371.0403743,299.9998477,1641098827000.0,1640956516000.0,6.85934316173266e-10,0.0001466346102,7.53728278e+27,1.044174082e+20,394.1522685,299.9998748,1945688073000.0,1945551679000.0
6.91340779268941e-10,0.0001437664304,3.633178365e+27,9.268052138e+19,371.1837306,299.9998486,1635186351000.0,1635045081000.0,6.91780135824127e-10,0.0001429748728,7.138342276e+27,1.044878965e+20,394.1432275,299.9998762,1918767114000.0,1918635069000.0
6.93912723028144e-10,0.0001428033855,3.575529259e+27,9.274287305e+19,371.2629383,299.9998492,1631579018000.0,1631438446000.0,6.9513802746641e-10,0.0001407904124,6.912333046e+27,1.045244807e+20,394.14886,299.999877,1902505359000.0,1902375693000.0
6.99056610546552e-10,0.0001408672855,3.461077141e+27,9.286420972e+19,371.4145716,299.9998503,1623998039000.0,1623858721000.0,6.98495919108693e-10,0.0001385646402,6.689127355e+27,1.045582274e+20,394.1465736,299.9998778,1885495098000.0,1885368193000.0
7.03523351111406e-10,0.000139142533,3.362621621e+27,9.296590141e+19,371.538832,299.9998512,1617257526000.0,1617119218000.0,7.04999845141649e-10,0.0001341609099,6.262340107e+27,1.046154686e+20,394.1185819,299.9998794,1849785627000.0,1849573762000.0
7.07990091676259e-10,0.0001373976623,3.265417648e+27,9.30641921e+19,371.6561951,299.9998522,1610147324000.0,1610010346000.0,7.07934205268095e-10,0.0001320700789,6.072452905e+27,1.046377525e+20,394.0951415,299.9998801,1832909186000.0,1832700990000.0
7.12456832241113e-10,0.0001356437271,3.169164572e+27,9.315908677e+19,371.7664282,299.9998532,1602389009000.0,1602253497000.0,7.11772057690195e-10,0.0001293014282,5.826921907e+27,1.046635718e+20,394.0538286,299.9998811,1809624343000.0,1809421429000.0
7.16923572805966e-10,0.000133862601,3.07385153e+27,9.325056565e+19,371.8692103,299.9998543,1594229827000.0,1594095591000.0,7.16571331140633e-10,0.0001256683811,5.522811092e+27,1.046904685e+20,393.9842922,299.9998824,1777619445000.0,1777424233000.0
7.2139031337082e-10,0.0001320158963,2.979449597e+27,9.333860204e+19,371.9644329,299.9998553,1585759064000.0,1585626254000.0,7.23042967995147e-10,0.0001204545149,5.118863722e+27,1.047170663e+20,393.8557246,299.9998836,1728738336000.0,1728554450000.0
7.25938454632392e-10,0.000130117994,2.884587766e+27,9.34247219e+19,372.0534462,299.9998564,1576376758000.0,1576245781000.0,7.26161477216456e-10,0.0001177633335,4.925805085e+27,1.047258203e+20,393.7781795,298.7479857,1702332127000.0,1702154764000.0
7.30694441295512e-10,0.0001280986323,2.786336448e+27,9.351096179e+19,372.1374626,299.9998575,1565744349000.0,1565615191000.0,7.3048327189359e-10,0.0001138406246,4.660362016e+27,1.04733452e+20,393.6519436,299.999885,1661406623000.0,1661239414000.0
7.33816118156722e-10,0.0001267239942,2.722469105e+27,9.356542796e+19,372.1873896,299.9998583,1558517956000.0,1558389895000.0,7.33364468345013e-10,0.0001110178576,4.483853857e+27,1.047355501e+20,393.5544026,299.9998855,1631203811000.0,1631043944000.0
7.37481058330988e-10,0.0001250846082,2.648067452e+27,9.362720168e+19,372.2406743,299.9998592,1549721967000.0,1549595412000.0,7.37686263022147e-10,0.000106401376,4.219795775e+27,1.047340233e+20,393.3857446,299.9998863,1580172613000.0,1580025975000.0
7.41044899655634e-10,0.0001234682956,2.576516002e+27,9.368502679e+19,372.2868397,299.99986,1540543481000.0,1540418691000.0,7.40567459473569e-10,0.0001029716799,4.042888384e+27,1.047297345e+20,393.256567,299.9998869,1541151144000.0,1541014848000.0
7.44608740980279e-10,0.0001218320488,2.505311789e+27,9.374061332e+19,372.3271404,299.9998609,1530677722000.0,1530554726000.0,7.44143248576938e-10,9.805320505e-05,3.82101284e+27,1.047204984e+20,393.074718,299.9998876,1485530211000.0,1485409372000.0
7.48172582304925e-10,0.0001201421639,2.434693674e+27,9.379392993e+19,372.3612934,299.9998618,1520305427000.0,1520184126000.0,7.47346034893423e-10,9.301584424e-05,3.615128913e+27,1.047081031e+20,392.888178,299.9998882,1425650923000.0,1425548481000.0
7.5173642362957e-10,0.0001183861647,2.364643979e+27,9.384496478e+19,372.3891218,299.9998627,1509396152000.0,1509276756000.0,7.53751607526395e-10,8.167183273e-05,3.175831967e+27,1.046685159e+20,392.4220397,299.9998896,1255052904000.0,1254913655000.0
7.54891470492641e-10,0.0001168105558,2.303121255e+27,9.388823414e+19,372.4082924,299.9998636,1499000476000.0,1498883115000.0,7.53751607526395e-10,8.167183273e-05,3.175831967e+27,1.046685159e+20,392.4220397,299.9998896,1255052904000.0,1254913655000.0
7.58840147634922e-10,0.0001147756341,2.226441882e+27,9.393980855e+19,372.4245557,299.9998646,1484835745000.0,1484721054000.0,7.5802198928171e-10,7.196423759e-05,2.877742204e+27,1.04630089e+20,391.9962436,299.9998905,1053244367000.0,1053219615000.0
7.62246225720202e-10,0.0001129494646,2.160796745e+27,9.398196068e+19,372.4312379,299.9998655,1471747235000.0,1471634782000.0,7.62292371037024e-10,5.881766261e-05,2.585790905e+27,1.045820649e+20,391.3905275,299.9998914,743191702300.0,743196343100.0
7.64145330246158e-10,0.0001118658297,2.124438645e+27,9.400451892e+19,372.4318852,299.999866,1464110825000.0,1463999704000.0,7.62292371037024e-10,5.881766261e-05,2.585790905e+27,1.045820649e+20,391.3905275,299.9998914,743191702300.0,743196343100.0
7.67046279377865e-10,0.0001102401039,2.069078336e+27,9.403766413e+19,372.4284524,299.9998667,1451776892000.0,1451668134000.0,7.66562752792339e-10,4.157577044e-05,2.306353957e+27,1.045248588e+20,390.5226901,299.9998924,430841237800.0,432114048600.0
7.7109828251338e-10,0.0001078355034,1.992026355e+27,9.408123616e+19,372.4141379,299.9998674,1432831076000.0,1432726051000.0,7.70833134547654e-10,2.407139119e-05,2.04383213e+27,1.044590338e+20,389.4479833,299.9998934,413582985600.0,414827219600.0
7.72826521798233e-10,0.0001067509944,1.959302122e+27,9.409883848e+19,372.4044387,299.9998677,1424130990000.0,1424027585000.0,7.70833134547654e-10,2.407139119e-05,2.04383213e+27,1.044590338e+20,389.4479833,299.9998934,413582985600.0,414827219600.0
7.74519830184258e-10,0.0001056796044,1.927344066e+27,9.411551118e+19,372.3927212,299.9998681,1415273302000.0,1415171495000.0,7.75103516302968e-10,1.342038857e-05,1.801230334e+27,1.043852328e+20,388.3644459,299.9998945,396574407400.0,397790102800.0
7.76817611950847e-10,0.0001041959049,1.884006804e+27,9.413721438e+19,372.373185,299.9998685,1402672589000.0,1402573134000.0,7.77238707180625e-10,1.186374434e-05,1.688182976e+27,1.043455679e+20,387.8652251,299.9998951,388226838700.0,389428367200.0
7.78790101395808e-10,0.0001028616708,1.846808431e+27,9.415497943e+19,372.3529429,299.9998689,1391172591000.0,1391075468000.0,7.79373898058283e-10,1.215946639e-05,1.581073534e+27,1.043042294e+20,387.3967674,299.9998957,380025554500.0,381213044700.0
7.80762590840769e-10,0.0001014790656,1.809593144e+27,9.417192556e+19,372.3293106,299.9998692,1378861842000.0,1378767361000.0,7.8150908893594e-10,1.306896666e-05,1.480081384e+27,1.042613623e+20,386.9509231,299.9998959,371997588700.0,373171210500.0
7.82735080285729e-10,0.0001000591236,1.772445047e+27,9.41880415e+19,372.3020568,299.9998696,1365634427000.0,1365542784000.0,7.83644279813597e-10,1.36440097e-05,1.385176076e+27,1.042171159e+20,386.5220952,299.9998962,364159274100.0,365319223800.0
7.8470756973069e-10,9.855328572e-05,1.735264429e+27,9.420331243e+19,372.2721721,299.99987,1351467639000.0,1351378945000.0,7.83644279813597e-10,1.36440097e-05,1.385176076e+27,1.042171159e+20,386.5220952,299.9998962,364159274100.0,365319223800.0
7.86680059175651e-10,9.701015251e-05,1.697942483e+27,9.421771325e+19,372.2484055,299.9998704,1336321545000.0,1336235995000.0,7.85779470691254e-10,1.363813476e-05,1.296111307e+27,1.041716242e+20,386.1082456,299.9998964,356513383700.0,357659865400.0
7.87886371253385e-10,9.602011571e-05,1.675083545e+27,9.422608015e+19,372.2318407,299.9998706,1326514129000.0,1326430685000.0,7.85779470691254e-10,1.363813476e-05,1.296111307e+27,1.041716242e+20,386.1082456,299.9998964,356513383700.0,357659865400.0
7.8909268333112e-10,9.497173122e-05,1.652193095e+27,9.423410709e+19,372.2136561,299.9998709,1316218495000.0,1316137354000.0,7.90049852446569e-10,1.294276764e-05,1.134009211e+27,1.04077306e+20,385.3220486,299.999897,341768228800.0,342888352200.0
7.90298995408854e-10,9.390694502e-05,1.629286642e+27,9.424179038e+19,372.1937784,299.9998711,1305364842000.0,1305286214000.0,7.90049852446569e-10,1.294276764e-05,1.134009211e+27,1.04077306e+20,385.3220486,299.999897,341768228800.0,342888352200.0
7.91505307486588e-10,9.280081253e-05,1.6063002e+27,9.424912376e+19,372.1721224,299.9998713,1293893601000.0,1293817678000.0,7.90049852446569e-10,1.294276764e-05,1.134009211e+27,1.04077306e+20,385.3220486,299.999897,341768228800.0,342888352200.0
7.92711619564322e-10,9.165582428e-05,1.583205483e+27,9.425609748e+19,372.1485904,299.9998716,1281758282000.0,1281685229000.0,7.90049852446569e-10,1.294276764e-05,1.134009211e+27,1.04077306e+20,385.3220486,299.999897,341768228800.0,342888352200.0
7.93917931642056e-10,9.042218433e-05,1.55999487e+27,9.42627006e+19,372.1230743,299.9998718,1268916905000.0,1268846885000.0,7.90049852446569e-10,1.294276764e-05,1.134009211e+27,1.04077306e+20,385.3220486,299.999897,341768228800.0,342888352200.0
7.95124243719791e-10,8.913580421e-05,1.536682153e+27,9.426892413e+19,372.0954577,299.9998721,1255313138000.0,1255246357000.0,7.98590615957198e-10,1.176375845e-05,8.651113606e+26,1.038769218e+20,383.8863251,299.9998982,314273235600.0,315342720000.0
7.96330555797525e-10,8.776133694e-05,1.513238512e+27,9.427475851e+19,372.0656154,299.9998723,1241447747000.0,1241322544000.0,7.98590615957198e-10,1.176375845e-05,8.651113606e+26,1.038769218e+20,383.8863251,299.9998982,314273235600.0,315342720000.0
7.97536867875259e-10,8.630995834e-05,1.489604064e+27,9.428019123e+19,372.0334104,299.9998726,1226838090000.0,1226717404000.0,7.98590615957198e-10,1.176375845e-05,8.651113606e+26,1.038769218e+20,383.8863251,299.9998982,314273235600.0,315342720000.0
7.98743179952993e-10,8.466384725e-05,1.465647024e+27,9.428520029e+19,371.998688,299.9998728,1211184747000.0,1211069058000.0,7.98590615957198e-10,1.176375845e-05,8.651113606e+26,1.038769218e+20,383.8863251,299.9998982,314273235600.0,315342720000.0
7.99949492030728e-10,8.301826922e-05,1.441390924e+27,9.42897641e+19,371.9612674,299.9998731,1194310862000.0,1194200744000.0,7.98590615957198e-10,1.176375845e-05,8.651113606e+26,1.038769218e+20,383.8863251,299.9998982,314273235600.0,315342720000.0
8.01155804108462e-10,8.136876075e-05,1.416493126e+27,9.42938457e+19,371.9209363,299.9998733,1176021256000.0,1175917392000.0,8.02425944335997e-10,1.130697798e-05,7.649226123e+26,1.037823234e+20,383.2906064,299.9998987,302728011300.0,303775584700.0
8.02362116186196e-10,7.966830763e-05,1.390916102e+27,9.429739286e+19,371.8774463,299.9998736,1156070651000.0,1155973890000.0,8.02425944335997e-10,1.130697798e-05,7.649226123e+26,1.037823234e+20,383.2906064,299.9998987,302728011300.0,303775584700.0
8.0356842826393e-10,7.790652909e-05,1.364779305e+27,9.430036335e+19,371.8305031,299.9998738,1134122224000.0,1134033689000.0,8.02425944335997e-10,1.130697798e-05,7.649226123e+26,1.037823234e+20,383.2906064,299.9998987,302728011300.0,303775584700.0
8.04774740341664e-10,7.60764339e-05,1.338186985e+27,9.430272827e+19,371.7797494,299.9998741,1109696541000.0,1109617774000.0,8.06261272714795e-10,1.084826313e-05,6.756775223e+26,1.036851627e+20,382.7195556,299.9998993,291643109500.0,292669245000.0
8.07187364497133e-10,7.215123218e-05,1.283999173e+27,9.430557132e+19,371.6646932,299.9998746,1050108693000.0,1050056839000.0,8.06261272714795e-10,1.084826313e-05,6.756775223e+26,1.036851627e+20,382.7195556,299.9998993,291643109500.0,292669245000.0
8.1201261280807e-10,6.253817709e-05,1.173553282e+27,9.430355677e+19,371.3520051,299.9998757,863553566800.0,863519600300.0,8.10096601093594e-10,1.04229913e-05,5.962505719e+26,1.035856022e+20,382.1704982,299.9998999,280994688000.0,281999835400.0
8.14780983094767e-10,5.530809784e-05,1.110004896e+27,9.429777945e+19,371.0938496,299.9998763,696727205100.0,696663876600.0,8.13931929472393e-10,1.00231678e-05,5.256308485e+26,1.034837893e+20,381.6412492,299.9999006,270761275900.0,271745863900.0
8.17549353381463e-10,4.621688135e-05,1.047122404e+27,9.428871913e+19,370.7431445,299.999877,636921967800.0,638441003600.0,8.17767257851191e-10,9.644320834e-06,4.629051567e+26,1.033798595e+20,381.1300184,299.9999012,260922972500.0,261887410600.0
8.2031772366816e-10,3.538845205e-05,9.854083417e+26,9.427649246e+19,370.2838052,299.9998776,624361499000.0,625864785000.0,8.2160258622999e-10,9.285386225e-06,4.072481264e+26,1.032739375e+20,380.6519192,299.9999019,251461208000.0,252405889000.0
8.23086093954857e-10,2.420876479e-05,9.252453771e+26,9.426122947e+19,369.7373352,299.9998783,611704193000.0,613191455500.0,8.2160258622999e-10,9.285386225e-06,4.072481264e+26,1.032739375e+20,380.6519192,299.9999019,251461208000.0,252405889000.0
8.25854464241553e-10,1.504212529e-05,8.669285845e+26,9.424305944e+19,369.1595928,299.999879,598996809700.0,600467817100.0,8.25437914608788e-10,8.943531735e-06,3.57914739e+26,1.031661377e+20,380.1902537,299.9999026,242358690300.0,243283991900.0
8.2862283452825e-10,9.594382922e-06,8.107851492e+26,9.422212181e+19,368.6021962,299.9998798,586299258500.0,587753837200.0,8.29273242987587e-10,8.616735013e-06,3.142326995e+26,1.030565655e+20,379.7415835,299.9999033,233599248800.0,234505535000.0
8.31391204814947e-10,7.797694072e-06,7.571974079e+26,9.419859863e+19,368.0845452,299.9998805,573692039800.0,575130100100.0,8.33108571366386e-10,8.303819125e-06,2.755957867e+26,1.029453183e+20,379.3050613,299.999904,225167721500.0,226055344500.0
8.34159575101644e-10,8.090065804e-06,7.064753192e+26,9.417272351e+19,367.6026335,299.999881,561253838400.0,562675376900.0,8.33108571366386e-10,8.303819125e-06,2.755957867e+26,1.029453183e+20,379.3050613,299.999904,225167721500.0,226055344500.0
8.3692794538834e-10,8.633585088e-06,6.587590637e+26,9.414475174e+19,367.1488663,299.9998815,549039385600.0,550444462900.0,8.36943899745184e-10,8.004331877e-06,2.414579061e+26,1.028324861e+20,378.8799365,299.9999048,217049869600.0,217919170900.0
8.39696315675037e-10,8.734205885e-06,6.139992639e+26,9.411491337e+19,366.7189953,299.999882,537069024000.0,538457728700.0,8.40779228123983e-10,7.718274244e-06,2.113276728e+26,1.027181523e+20,378.465541,299.9999056,209232306900.0,210083619000.0
8.45233056248431e-10,8.453170956e-06,5.327004356e+26,9.405028506e+19,365.9199766,299.999883,513842775500.0,515199003000.0,8.44614556502782e-10,7.445700571e-06,1.847634714e+26,1.026023946e+20,378.0612767,299.9999063,201702445200.0,202536092600.0
8.56306537395218e-10,7.944464514e-06,3.987996379e+26,9.39034507e+19,364.5083211,299.9998853,470100305800.0,471392628500.0,8.56120541639177e-10,6.70738359e-06,1.227041674e+26,1.022472842e+20,376.9041228,299.9999085,180724132200.0,181506666700.0
8.60696864508209e-10,7.806293425e-06,3.548473758e+26,9.383921713e+19,364.0033219,299.9998862,453712532200.0,454979911800.0,8.59955870017976e-10,6.486690915e-06,1.068308929e+26,1.021265182e+20,376.5354595,299.999909,174233424300.0,174999530900.0
8.650871916212e-10,7.69409153e-06,3.153846847e+26,9.377178848e+19,363.5223499,299.9998872,437843218500.0,439085884200.0,8.63791198396775e-10,6.278048523e-06,9.29142032e+25,1.020046551e+20,376.1746699,299.9999096,167977688200.0,168727664700.0
8.69477518734191e-10,7.605106056e-06,2.799980377e+26,9.370126439e+19,363.0625323,299.9998882,422477851900.0,423696038700.0,8.67626526775573e-10,6.081031868e-06,8.072681464e+25,1.018817515e+20,375.8214075,299.9999101,161948048800.0,162682189500.0
8.73867845847182e-10,7.515795131e-06,2.483079517e+26,9.362773852e+19,362.621545,299.9998892,407602899500.0,408796848700.0,8.75297183533171e-10,5.720231047e-06,6.075113063e+25,1.016330389e+20,375.1362047,299.9999112,150533688100.0,151237027400.0
8.78258172960173e-10,7.400744758e-06,2.199654221e+26,9.355130107e+19,362.1974774,299.9998902,393205318300.0,394375278000.0,8.75297183533171e-10,5.720231047e-06,6.075113063e+25,1.016330389e+20,375.1362047,299.9999112,150533688100.0,151237027400.0
8.87038827186155e-10,7.06386169e-06,1.720653616e+26,9.339006036e+19,361.3937102,299.9998919,365791670500.0,366914426200.0,8.90638497048365e-10,5.121369549e-06,3.399303684e+25,1.011254238e+20,373.8433188,299.9999135,130070386200.0,130715522000.0
8.92348483027041e-10,6.807890402e-06,1.480186449e+26,9.328735244e+19,360.9333728,299.999893,350074493400.0,351169223700.0,8.90638497048365e-10,5.121369549e-06,3.399303684e+25,1.011254238e+20,373.8433188,299.9999135,130070386200.0,130715522000.0
8.97658138867927e-10,6.555198595e-06,1.271416908e+26,9.318090511e+19,360.4900989,299.9998941,334978831600.0,336045943000.0,8.98309153805963e-10,4.880838371e-06,2.527880741e+25,1.008672538e+20,373.2319336,299.9999147,120910035200.0,121527721200.0
9.02967794708813e-10,6.307921426e-06,1.090483499e+26,9.307085903e+19,360.0624369,299.9998948,320484090000.0,321524001500.0,9.0597981056356e-10,4.676518196e-06,1.872693281e+25,1.00606632e+20,372.6486628,299.999916,112396328800.0,112987632200.0
9.08277450549699e-10,6.070526441e-06,9.339441115e+25,9.295735362e+19,359.6491471,299.9998956,306570256200.0,307583399400.0,9.0597981056356e-10,4.676518196e-06,1.872693281e+25,1.00606632e+20,372.6486628,299.999916,112396328800.0,112987632200.0
9.13587106390585e-10,5.844132555e-06,7.987395601e+25,9.284052751e+19,359.2491586,299.9998963,293217944700.0,294204763300.0,9.13650467321157e-10,4.500051467e-06,1.382145071e+25,1.003438743e+20,372.0982204,299.9999172,104483126900.0,105049086900.0
9.18896762231471e-10,5.629050752e-06,6.821579176e+25,9.272051899e+19,358.864847,299.9998971,280408384800.0,281369333900.0,9.21321124078755e-10,4.332809451e-06,1.016372257e+25,1.000792776e+20,371.5636154,299.9999185,97127550760.0,97669176170.0
9.24206418072357e-10,5.425167118e-06,5.818008113e+25,9.259746643e+19,358.5009196,299.9998979,268123384400.0,269058929800.0,9.21321124078755e-10,4.332809451e-06,1.016372257e+25,1.000792776e+20,371.5636154,299.9999185,97127550760.0,97669176170.0
9.29516073913243e-10,5.232173043e-06,4.955516222e+25,9.24715083e+19,358.1620348,299.9998987,256345245900.0,257255863200.0,9.36662437593949e-10,3.976558111e-06,5.437500041e+24,9.95457298e+19,370.5385704,299.999921,83931173880.0,84427022640.0
9.34825729754129e-10,5.049645021e-06,4.215460425e+25,9.234278298e+19,357.8327913,299.9998995,245056657900.0,245942831000.0,9.36662437593949e-10,3.976558111e-06,5.437500041e+24,9.95457298e+19,370.5385704,299.999921,83931173880.0,84427022640.0
9.40135385595015e-10,4.877093754e-06,3.58145344e+25,9.221142819e+19,357.511126,299.9999004,234240599300.0,235102819200.0,9.36662437593949e-10,3.976558111e-06,5.437500041e+24,9.95457298e+19,370.5385704,299.999921,83931173880.0,84427022640.0
9.50754697276787e-10,4.559033349e-06,2.575862884e+25,9.194140681e+19,356.8891193,299.9999021,213959235100.0,214775042600.0,9.52003751109144e-10,3.620549611e-06,2.869690267e+24,9.900795321e+19,369.5679637,299.9999234,72519885320.0,72973578790.0
9.61374008958559e-10,4.275347008e-06,1.844186602e+25,9.166247715e+19,356.2936547,299.9999038,195368816800.0,196140214700.0,9.67345064624339e-10,3.3146894e-06,1.495113611e+24,9.84677195e+19,368.6468257,299.9999252,62642950540.0,63057809170.0
9.71993320640331e-10,4.021483999e-06,1.314662876e+25,9.137566016e+19,355.7226049,299.9999056,178340640400.0,179069622700.0,9.67345064624339e-10,3.3146894e-06,1.495113611e+24,9.84677195e+19,368.6468257,299.9999252,62642950540.0,63057809170.0
9.82612632322103e-10,3.793974159e-06,9.333517644e+24,9.108191965e+19,355.1741129,299.9999074,162750194500.0,163438719200.0,9.82686378139534e-10,3.049096127e-06,7.696270369e+23,9.792655902e+19,367.7708578,299.9999269,55693384010.0,55950649230.0
9.93231944003875e-10,3.589971837e-06,6.600499571e+24,9.07821535e+19,354.6465465,299.9999093,148477745400.0,149127708800.0,9.98027691654728e-10,2.813687925e-06,3.918062236e+23,9.738577883e+19,366.9363133,299.9999288,53592403880.0,53824701510.0
1e-09,3.471460195e-06,5.282334396e+24,9.058832788e+19,354.3205784,299.9999101,140016695700.0,140643035000.0,1e-09,2.785278635e-06,3.589689338e+23,9.731633649e+19,366.8318697,299.999929,53326677520.0,53555900720.0
1.015625e-09,3.226456066e-06,3.140411695e+24,9.013391981e+19,353.5962998,299.999912,122195826200.0,122770290300.0,1.015625e-09,2.573100405e-06,1.884360222e+23,9.676735637e+19,366.0258364,299.9999309,51259110240.0,51465011240.0
1.03125e-09,3.021219317e-06,1.85298999e+24,8.967142211e+19,352.9087054,299.9999139,106509050100.0,107035069800.0,1.015625e-09,2.573100405e-06,1.884360222e+23,9.676735637e+19,366.0258364,299.9999309,51259110240.0,51465011240.0
1.046875e-09,2.852271743e-06,1.085599676e+24,8.920261168e+19,352.2545902,299.9999158,92669850640.0,93150482190.0,1.046875e-09,2.213205449e-06,6.827352159e+22,9.567825727e+19,364.5189365,299.9999348,47590673270.0,47816255470.0
1.0625e-09,2.716337404e-06,6.318210786e+23,8.872892275e+19,351.631178,299.9999178,80430811770.0,80868756770.0,1.0766734686279e-09,1.941315681e-06,2.602553138e+22,9.465482641e+19,363.1985159,299.9999371,44593536410.0,44782721240.0
1.078125e-09,2.603901568e-06,3.655317468e+23,8.82515096e+19,351.0360411,299.9999198,69583792010.0,69981452340.0,1.0766734686279e-09,1.941315681e-06,2.602553138e+22,9.465482641e+19,363.1985159,299.9999371,44593536410.0,44782721240.0
1.09375e-09,2.496572761e-06,2.103884676e+23,8.777132319e+19,350.467039,299.9999218,59957554260.0,60317108160.0,1.1064719372558e-09,1.721591453e-06,1.011420021e+22,9.365001765e+19,361.9771443,299.9999394,41750058260.0,41907485340.0
1.109375e-09,2.384204362e-06,1.205943803e+23,8.728918727e+19,349.9222701,299.9999233,51413226750.0,51736711450.0,1.1064719372558e-09,1.721591453e-06,1.011420021e+22,9.365001765e+19,361.9771443,299.9999394,41750058260.0,41907485340.0
1.125e-09,2.270897044e-06,6.892152202e+22,8.680586216e+19,349.4000343,299.9999246,43838608170.0,44127996360.0,1.1362704058837e-09,1.540435319e-06,3.683986949e+21,9.266675398e+19,360.8429966,299.9999419,39073359730.0,39203104780.0
1.140625e-09,2.158839787e-06,3.932557836e+22,8.632209216e+19,348.8988029,299.9999259,37142278210.0,37399540640.0,1.1362704058837e-09,1.540435319e-06,3.683986949e+21,9.266675398e+19,360.8429966,299.9999419,39073359730.0,39203104780.0
1.15625e-09,2.047158786e-06,2.243324461e+22,8.583863459e+19,348.4171938,299.9999272,33864620010.0,34045277830.0,1.1660688745116e-09,1.389564028e-06,1.393795771e+21,9.170732939e+19,359.7861597,299.9999445,36727879520.0,36886478480.0
1.171875e-09,1.936522132e-06,1.281217612e+22,8.535627142e+19,347.9539527,299.9999285,32827542020.0,32994002320.0,1.1660688745116e-09,1.389564028e-06,1.393795771e+21,9.170732939e+19,359.7861597,299.9999445,36727879520.0,36886478480.0
1.203125e-09,1.728089644e-06,4.645012025e+21,8.439827754e+19,347.0778689,299.9999313,30821916820.0,30962481070.0,1.1958673431395e-09,1.263848794e-06,5.160391248e+20,9.077351142e+19,358.7982241,299.9999472,34688052600.0,34823163240.0
1.234375e-09,1.544669376e-06,1.712075822e+21,8.345437809e+19,346.262805,299.9999342,28916038040.0,29033742750.0,1.22566581176739e-09,1.159412381e-06,2.015284052e+20,8.986657635e+19,357.8821525,299.9999494,32751985630.0,32866340510.0
1.265625e-09,1.390364079e-06,6.429471208e+20,8.25305458e+19,345.5019379,299.9999372,27115874900.0,27213411740.0,1.25546428039529e-09,1.072624058e-06,8.411979404e+19,8.898732186e+19,357.0353844,299.9999513,30922861630.0,31018868770.0
1.296875e-09,1.26088738e-06,2.480705521e+20,8.163175628e+19,344.7894436,299.9999399,25550343940.0,25675251700.0,1.28526274902319e-09,9.994217323e-07,4.034850642e+19,8.813608452e+19,356.2381983,299.9999532,29200733240.0,29280512520.0
1.328125e-09,1.151644442e-06,9.897016446e+19,8.076161512e+19,344.1203113,299.999942,24165372750.0,24272675760.0,1.31506121765109e-09,9.350107231e-07,2.288647461e+19,8.73127768e+19,355.4856165,299.9999548,27741269960.0,27849461820.0
1.359375e-09,1.058508387e-06,4.097343585e+19,7.992224497e+19,343.5062152,299.9999441,22846765700.0,22938345250.0,1.34485968627899e-09,8.754344978e-07,1.536709053e+19,8.651694785e+19,354.7733124,299.9999561,26396547390.0,26490044750.0
1.390625e-09,9.781760903e-07,2.967893135e+19,7.911442595e+19,342.930191,299.9999462,21596757350.0,21674300820.0,1.40445662353479e-09,7.678039392e-07,9.456529582e+18,8.500456114e+19,353.454883,299.9999583,23903685660.0,23972199870.0
1.421875e-09,9.081052351e-07,2.661506392e+19,7.833789239e+19,342.3852153,299.9999476,20415924010.0,20485447590.0,1.43425509216269e-09,7.206273213e-07,8.023564046e+18,8.428597273e+19,352.84252,299.9999591,22754526140.0,22812438610.0
1.453125e-09,8.463751376e-07,2.44206895e+19,7.759167537e+19,341.8683105,299.999949,19414832540.0,19505460830.0,1.46405356079059e-09,6.778427059e-07,6.975000415e+18,8.359094883e+19,352.2578332,299.9999596,21709119590.0,21792443870.0
1.484375e-09,7.915375616e-07,2.271112504e+19,7.687440447e+19,341.3768719,299.9999502,18489783800.0,18568841550.0,1.49385202941849e-09,6.390721738e-07,6.147710198e+18,8.291833148e+19,351.6985287,299.9999601,20797753200.0,20871013600.0
1.515625e-09,7.424884234e-07,2.130503915e+19,7.618452968e+19,340.9086116,299.9999511,17608082620.0,17676701780.0,1.49385202941849e-09,6.390721738e-07,6.147710198e+18,8.291833148e+19,351.6985287,299.9999601,20797753200.0,20871013600.0
1.546875e-09,6.983719527e-07,2.010515605e+19,7.552046304e+19,340.4615115,299.9999518,16770035320.0,16829238290.0,1.55344896667428e-09,5.71793901e-07,4.884511752e+18,8.163557734e+19,350.6477208,299.9999611,19094452300.0,19150257690.0
1.578125e-09,6.585124422e-07,1.905547355e+19,7.488065836e+19,340.0337851,299.9999523,15975236020.0,16025944690.0,1.57321088074446e-09,5.522090777e-07,4.54956711e+18,8.122764437e+19,350.3176501,299.9999616,18564489580.0,18615210810.0
1.609375e-09,6.223659984e-07,1.812056415e+19,7.426365097e+19,339.6238455,299.9999529,15247176370.0,15320099930.0,1.61273470888481e-09,5.162676255e-07,3.959450153e+18,8.043582657e+19,349.6819032,299.9999625,17555045300.0,17596501640.0
1.640625e-09,5.894856563e-07,1.727670385e+19,7.366807452e+19,339.2302784,299.9999536,14617067350.0,14681806640.0,1.65225853702516e-09,4.842268062e-07,3.45822521e+18,7.967439138e+19,349.0762541,299.9999635,16636262160.0,16697003820.0
1.671875e-09,5.594940051e-07,1.650719118e+19,7.309266392e+19,338.8518196,299.9999543,14013793420.0,14071068390.0,1.65225853702516e-09,4.842268062e-07,3.45822521e+18,7.967439138e+19,349.0762541,299.9999635,16636262160.0,16697003820.0
1.703125e-09,5.320637607e-07,1.580117582e+19,7.253625106e+19,338.4873354,299.9999551,13437310520.0,13487774530.0,1.69178236516551e-09,4.555159908e-07,3.029001326e+18,7.894136756e+19,348.4979487,299.9999646,15844218720.0,15896313360.0
1.734375e-09,5.06901908e-07,1.515222262e+19,7.199775938e+19,338.1358071,299.999956,12887262900.0,12931508500.0,1.73130619330586e-09,4.296001985e-07,2.658570023e+18,7.823495588e+19,347.9445712,299.9999658,15094161670.0,15138520680.0
1.765625e-09,4.83736292e-07,1.455274572e+19,7.147619736e+19,337.796316,299.9999569,12363063520.0,12401627930.0,1.77083002144621e-09,4.060101659e-07,2.338341612e+18,7.755350645e+19,347.4139938,299.9999671,14385055060.0,14422484150.0
1.796875e-09,4.62306448e-07,1.399374835e+19,7.097751885e+19,337.4680324,299.9999579,11863958220.0,11918589640.0,1.81035384958656e-09,3.843512489e-07,2.06133281e+18,7.6895506e+19,346.9043361,299.9999684,13715437310.0,13746649730.0
1.828125e-09,4.423610475e-07,1.34710649e+19,7.049377254e+19,337.1502047,299.999959,11439212990.0,11490664370.0,1.81035384958656e-09,3.843512489e-07,2.06133281e+18,7.6895506e+19,346.9043361,299.9999684,13715437310.0,13746649730.0
1.859375e-09,4.236638603e-07,1.298395378e+19,7.002395698e+19,336.8421507,299.9999601,11033252000.0,11079465460.0,1.84987767772691e-09,3.643026923e-07,1.822056059e+18,7.625956932e+19,346.4139298,299.9999698,13083585290.0,13117381480.0
1.890625e-09,4.060079562e-07,1.252978591e+19,6.956738912e+19,336.5432498,299.9999612,10643435790.0,10684814390.0,1.88940150586726e-09,3.456175296e-07,1.61598783e+18,7.564442807e+19,345.9412904,299.9999713,12534467820.0,12576021020.0
1.921875e-09,3.892315033e-07,1.210399284e+19,6.912343036e+19,336.2529363,299.9999624,10269493920.0,10306406510.0,1.92892533400761e-09,3.281090962e-07,1.439531238e+18,7.504891851e+19,345.5028451,299.9999724,12023805920.0,12059890610.0
1.953125e-09,3.732251899e-07,1.17050772e+19,6.869148327e+19,335.9706935,299.9999637,9911057602.0,9943841883.0,1.96844916214796e-09,3.11635223e-07,1.288815386e+18,7.447196852e+19,345.108445,299.9999736,11537224980.0,11568340060.0
1.984375e-09,3.579274724e-07,1.133564583e+19,6.827098874e+19,335.6960488,299.9999649,9567685464.0,9596650822.0,2e-09,2.991502167e-07,1.183948464e+18,7.402407053e+19,344.800291,299.9999746,11165589310.0,11193061540.0
2e-09,3.505265697e-07,1.116183212e+19,6.806487868e+19,335.5614451,299.9999656,9401500068.0,9428664117.0,2e-09,2.991502167e-07,1.183948464e+18,7.402407053e+19,344.800291,299.9999746,11165589310.0,11193061540.0
2.0625e-09,3.226381942e-07,1.051443268e+19,6.726639817e+19,335.0521059,299.9999683,8816347552.0,8854644439.0,2.0625e-09,2.761000577e-07,1.008564145e+18,7.316795627e+19,344.2062543,299.9999766,10471502130.0,10492508330.0
2.11738857356789e-09,3.002525418e-07,1.00046437e+19,6.659752382e+19,334.6558782,299.9999707,8353724541.0,8385968466.0,2.12005979947522e-09,2.565899419e-07,8.788334721e+17,7.241391805e+19,343.6772965,299.9999786,9894864438.0,9927377996.0
2.17227714713578e-09,2.797903541e-07,9.545521594e+18,6.595654323e+19,334.2713432,299.9999727,7919656466.0,7946536342.0,2.17761959895044e-09,2.386770959e-07,7.732093215e+17,7.169045396e+19,343.16448,299.9999805,9393254093.0,9420274209.0
2.22716572070367e-09,2.610972363e-07,9.131675111e+18,6.53414501e+19,333.897742,299.9999748,7512864197.0,7534981398.0,2.23517939842566e-09,2.222277485e-07,6.871417047e+17,7.099547024e+19,342.6667705,299.9999826,8921383732.0,8943533622.0
2.28205429427156e-09,2.440175342e-07,8.760429899e+18,6.475043551e+19,333.5344096,299.9999768,7144475510.0,7176766780.0,2.29273919790087e-09,2.071311634e-07,6.169854149e+17,7.032707316e+19,342.1832593,299.9999846,8477978792.0,8495802481.0
2.33694286783945e-09,2.283932652e-07,8.429913482e+18,6.41818646e+19,333.1807595,299.999979,6821389776.0,6849139532.0,2.35029899737609e-09,1.932750945e-07,5.599528414e+17,6.968354371e+19,341.7131418,299.9999865,8061607063.0,8075580634.0
2.44672001497523e-09,2.008930489e-07,7.886187997e+18,6.310596915e+19,332.50037,299.9999834,6225659264.0,6245635011.0,2.46541859632653e-09,1.688585755e-07,4.773476616e+17,6.846496142e+19,340.8238758,299.9999897,7351041668.0,7370844808.0
2.50748982146931e-09,1.875872624e-07,7.652091128e+18,6.254281752e+19,332.1382403,299.9999858,5923399060.0,5939718384.0,2.52297839580175e-09,1.581017367e-07,4.491271758e+17,6.78871696e+19,340.4094096,299.9999913,7032059455.0,7048515647.0
2.62902943445747e-09,1.642202272e-07,7.332340251e+18,6.147792376e+19,331.4423002,299.9999908,5411255136.0,5432098768.0,2.63809799475218e-09,1.390582887e-07,4.155621637e+17,6.678856535e+19,339.6041472,299.999993,6443798184.0,6454502997.0
2.7358004300868e-09,1.467784838e-07,7.236146143e+18,6.060371315e+19,330.8713864,299.9999913,5013455581.0,5028936461.0,2.6956577942274e-09,1.306221845e-07,4.102415021e+17,6.626562906e+19,339.2131632,299.9999931,6176107340.0,6194779863.0
2.84257142571613e-09,1.31671889e-07,7.347704491e+18,5.97804239e+19,330.3299598,299.9999917,4654497294.0,4674703680.0,2.81077739317784e-09,1.155925087e-07,4.279735628e+17,6.526758431e+19,338.4539082,299.9999934,5716404308.0,5729904045.0
2.94934242134547e-09,1.18516785e-07,7.732407277e+18,5.900292351e+19,329.8074396,299.999992,4353475675.0,4369174078.0,2.90548495862061e-09,1.048400843e-07,4.824438711e+17,6.449076176e+19,337.85148,299.9999937,5369374207.0,5379264742.0
3e-09,1.12873021e-07,8.04216106e+18,5.864881243e+19,329.5660001,299.9999922,4218883067.0,4232678707.0,3e-09,9.534494126e-08,6.052522222e+17,6.375176889e+19,337.2696315,299.9999941,5049194611.0,5056369545.0
3.125e-09,1.003287722e-07,9.37221954e+18,5.781197857e+19,328.9874899,299.9999927,3908279971.0,3917926580.0,3.125e-09,8.440771105e-08,1.037597183e+18,6.28250747e+19,336.528764,299.9999946,4685044498.0,4696141671.0
3.25e-09,8.952195618e-08,1.20403646e+19,5.702358829e+19,328.4328193,299.9999933,3642547534.0,3655730212.0,3.26632923593579e-09,7.393142108e-08,2.938427604e+18,6.184019895e+19,335.7287961,299.9999952,4318277274.0,4325418793.0
3.375e-09,8.017115706e-08,1.756544117e+19,5.627875092e+19,327.9009913,299.9999941,3405644801.0,3415347521.0,3.40765847187158e-09,6.514521806e-08,1.345413817e+19,6.091511096e+19,334.9668607,299.9999957,3985800537.0,3994637354.0
3.5e-09,7.206177159e-08,2.983499373e+19,5.557324337e+19,327.3909992,299.9999949,3187731983.0,3194456225.0,3.54898770780736e-09,5.780768749e-08,8.990396101e+19,6.004340843e+19,334.2409193,299.9999963,3703322488.0,3710575444.0
3.625e-09,6.503172012e-08,5.946962372e+19,5.490338633e+19,326.9018423,299.9999956,2997142159.0,3006938201.0,3.69031694374315e-09,5.176660817e-08,7.857919211e+20,5.921933212e+19,333.548988,299.999997,3445014643.0,3449480477.0
3.75e-09,5.896947495e-08,1.362770741e+20,5.426593799e+19,326.4325388,299.9999963,2824482233.0,2831672731.0,3.69031694374315e-09,5.176660817e-08,7.857919211e+20,5.921933212e+19,333.548988,299.999997,3445014643.0,3449480477.0
4e-09,4.956897915e-08,8.993219968e+20,5.307624532e+19,325.5494892,299.9999977,2511959304.0,2519484026.0,4e-09,4.503563055e-08,1.756983962e+23,5.755376715e+19,332.1425914,299.9999984,2967950753.0,2972804760.0
4.25e-09,4.424761307e-08,5.469866921e+21,5.198375329e+19,324.7349437,299.999998,2256254596.0,2260019577.0,4.25e-09,2.040706486e-07,1.301230445e+25,5.632453006e+19,331.1138374,299.9999985,3894546657.0,3894173255.0
4.5e-09,4.816298196e-08,3.71600709e+22,5.096914808e+19,323.9826174,299.9999983,2031513132.0,2036417012.0,4.42837835744244e-09,7.362169425e-07,5.56822281e+25,5.550721933e+19,330.4648993,299.9999986,16594973760.0,16593494200.0
4.57652554806245e-09,5.436121697e-08,6.645781191e+22,5.067179962e+19,323.7640627,299.9999983,1971620586.0,1975751783.0,4.60675671488487e-09,1.342528666e-06,1.039719544e+26,5.473788841e+19,329.9501915,299.9999987,30919230660.0,30916643660.0
4.72957664418734e-09,9.407330234e-08,2.483536776e+23,5.009464323e+19,323.3434081,299.9999985,1856901040.0,1859705504.0,4.78513507232731e-09,1.801044913e-06,1.398489626e+26,5.400956192e+19,329.5332657,299.9999988,41592275890.0,41588827350.0
5.03567883643714e-09,5.40166132e-07,2.362346673e+24,4.902111038e+19,322.5890581,299.9999988,12022402630.0,12021767330.0,4.96351342976975e-09,2.216632759e-06,1.722260937e+26,5.331712467e+19,329.2345861,299.999999,51257915410.0,51253670740.0
5.18872993256204e-09,1.103878233e-06,5.082790205e+24,4.852628876e+19,322.3142787,299.999999,25735244010.0,25733943680.0,5.14189178721219e-09,2.610768201e-06,2.027418123e+26,5.265735841e+19,328.9821636,299.9999992,60412176510.0,60407160170.0
5.34178102868694e-09,1.701663026e-06,7.996615576e+24,4.805639158e+19,322.1698149,299.9999992,40285146480.0,40283266770.0,5.32027014465462e-09,2.989215533e-06,2.318179633e+26,5.20276427e+19,328.7728941,299.9999995,69186167330.0,69180396100.0
5.49483212481183e-09,2.130176224e-06,1.00907771e+25,4.760712919e+19,322.0892299,299.9999994,50679409290.0,50677114770.0,5.32027014465462e-09,2.989215533e-06,2.318179633e+26,5.20276427e+19,328.7728941,299.9999995,69186167330.0,69180396100.0
5.64788322093673e-09,2.450429025e-06,1.166015774e+25,4.717462827e+19,322.0187505,299.9999994,58433571970.0,58430951770.0,5.6770268595395e-09,3.690417372e-06,2.849463916e+26,5.084873358e+19,328.4660543,299.9999995,85392286330.0,85385072280.0
5.80093431706163e-09,2.717733826e-06,1.29734243e+25,4.675674716e+19,321.956191,299.9999995,64899268220.0,64896366070.0,5.75782250926612e-09,3.837761748e-06,2.959601863e+26,5.059557238e+19,328.4149149,299.9999996,88787582590.0,88780056890.0
6.10703650931142e-09,3.174760818e-06,1.522585175e+25,4.596055559e+19,321.8601237,299.9999995,75944750120.0,75941352900.0,6.24259640762582e-09,4.667886422e-06,3.569959796e+26,4.916922801e+19,328.2263113,299.9999997,107865411800.0,107856054200.0
6.71924089381101e-09,3.949989324e-06,1.905768965e+25,4.450814855e+19,321.7970146,299.9999997,94652299410.0,94648025060.0,6.56577900653229e-09,5.186184117e-06,3.941743267e+26,4.8317463e+19,328.2049111,299.9999998,119736069800.0,119725503400.0
7e-09,4.278322063e-06,2.068101226e+25,4.389785173e+19,321.8272147,299.9999998,102565765500.0,102561106000.0,7e-09,5.791e-06,4.362499976e+26,4.726242126e+19,328.2728986,299.9999998,133516423500.0,133504367600.0
7.5e-09,4.812712181e-06,2.332239264e+25,4.28851221e+19,321.958134,299.9999998,115433178500.0,115427877400.0,7.5e-09,6.415532406e-06,4.783313933e+26,4.615672129e+19,328.4577712,299.9999999,147694834900.0,147681131600.0
8.5e-09,5.827340339e-06,2.830914826e+25,4.111428554e+19,322.4769798,299.9999999,139800061500.0,139793455800.0,8.5e-09,7.663977907e-06,5.593190876e+26,4.423663988e+19,329.1636661,299.9999999,175930252400.0,175912948400.0
8.7083403538364e-09,6.045101674e-06,2.937219633e+25,4.078219616e+19,322.6284484,299.9999999,145017472200.0,145010572300.0,8.5e-09,7.663977907e-06,5.593190876e+26,4.423663988e+19,329.1636661,299.9999999,175930252400.0,175912948400.0
9e-09,6.351431781e-06,3.086362982e+25,4.033512582e+19,322.8646642,299.9999999,152350974300.0,152343653300.0,9e-09,8.26667286e-06,5.966261708e+26,4.339619372e+19,329.665291,300.0,189475462800.0,189456263400.0
1e-08,7.293373067e-06,3.541890757e+25,3.894873411e+19,323.8209591,300.0,174850003300.0,174841323500.0,1e-08,9.277464891e-06,6.551602996e+26,4.192445628e+19,330.8322528,300.0,211998168500.0,211975464200.0
1.125e-08,8.068434841e-06,3.911926657e+25,3.749519489e+19,325.1274273,300.0,193285224300.0,193275321300.0,1.125e-08,1.022658923e-05,7.043790663e+26,4.040075396e+19,332.4336754,300.0,232896708800.0,232870221200.0
1.25e-08,8.488847459e-06,4.10894829e+25,3.627309126e+19,326.3691107,300.0,203235719900.0,203225062400.0,1.25e-08,1.094386133e-05,7.369697753e+26,3.912037665e+19,334.0849075,300.0,248502474500.0,248472710400.0
1.375e-08,8.790375731e-06,4.247676685e+25,3.52032444e+19,327.5421037,300.0,210344460100.0,210333210000.0,1.375e-08,1.145827972e-05,7.559319628e+26,3.801375718e+19,335.7126221,300.0,259508379200.0,259475891000.0
1.5e-08,9.000410152e-06,4.3416315e+25,3.424653682e+19,328.652801,300.0,215269246000.0,215257539500.0,1.5e-08,1.173131004e-05,7.59978178e+26,3.705264137e+19,337.229331,300.0,265105996200.0,265071597400.0
1.625e-08,9.099939471e-06,4.382352326e+25,3.339196588e+19,329.6771512,300.0,217566918900.0,217554934400.0,1.625e-08,1.180430506e-05,7.526936547e+26,3.619006985e+19,338.5773741,300.0,266288343500.0,266252802700.0
1.75e-08,9.093340646e-06,4.372569736e+25,3.261437236e+19,330.5922582,300.0000001,217349691700.0,217337610600.0,1.75e-08,1.176331062e-05,7.396424139e+26,3.540259893e+19,339.75697,300.0000001,264992962700.0,264956777900.0
2e-08,8.862332811e-06,4.250826554e+25,3.123218818e+19,332.0744655,300.0000002,211772475900.0,211760598600.0,2e-08,1.147385884e-05,7.042528873e+26,3.398994123e+19,341.6687952,300.0000002,257931645400.0,257895197900.0
2.5e-08,8.006663966e-06,3.827512271e+25,2.893538748e+19,333.8564055,300.0000009,191371025100.0,191360341900.0,2.5e-08,1.040701972e-05,6.160010759e+26,3.162000711e+19,344.0131061,300.0000007,233452987800.0,233418784000.0
2.6449706010407e-08,7.713990561e-06,3.685245833e+25,2.83571896e+19,334.1274556,300.0000012,184413903600.0,184403662400.0,2.75e-08,9.781495968e-06,5.710193399e+26,3.059609897e+19,344.5888762,300.0000012,219341664500.0,219309282700.0
2.93491180312211e-08,7.131515784e-06,3.403702035e+25,2.728702603e+19,334.4294009,300.000002,170577628400.0,170568279700.0,3e-08,9.157507852e-06,5.283237801e+26,2.965154223e+19,344.867404,300.0000019,205334872300.0,205304459400.0
3e-08,7.002744378e-06,3.341689231e+25,2.706131294e+19,334.4584986,300.0000023,167519629700.0,167510479600.0,3e-08,9.157507852e-06,5.283237801e+26,2.965154223e+19,344.867404,300.0000019,205334872300.0,205304459400.0
3.5e-08,6.078380019e-06,2.898223403e+25,2.547875023e+19,334.3463796,300.0000036,145572270800.0,145564542400.0,3.5e-08,7.995527804e-06,4.525795251e+26,2.795865379e+19,344.7826329,300.0000035,179354065400.0,179327547200.0
4e-08,5.286953395e-06,2.520233499e+25,2.412058532e+19,333.8105453,300.0000047,126775205800.0,126768677200.0,4e-08,6.995325231e-06,3.901678251e+26,2.648087982e+19,344.1485954,300.0000045,157045843900.0,157022808200.0
4.5e-08,4.628349296e-06,2.206466569e+25,2.293880306e+19,333.0807823,300.0000059,111122375600.0,111116822300.0,4.5e-08,6.155297526e-06,3.393005268e+26,2.51785585e+19,343.2126678,300.0000058,138327988700.0,138307917500.0
5e-08,4.08296604e-06,1.947008655e+25,2.190329465e+19,332.2487081,300.0000073,98149548980.0,98144781990.0,5e-08,5.453764043e-06,2.977609286e+26,2.402611368e+19,342.1811259,300.0000072,122695882900.0,122678294700.0
5.5e-08,3.63011031e-06,1.731732742e+25,2.099098298e+19,331.3650275,300.0000089,87367676350.0,87363544430.0,5.5e-08,4.865634331e-06,2.635491187e+26,2.300322272e+19,341.0718336,300.000009,109586526100.0,109571012100.0
6e-08,3.251872758e-06,1.551987017e+25,2.018344067e+19,330.4722102,300.0000109,78353635870.0,78350020070.0,6e-08,4.369801357e-06,2.351085173e+26,2.208905231e+19,339.9360032,300.0000111,98525029780.0,98511252920.0
6.5e-08,2.934030258e-06,1.400908748e+25,1.946709252e+19,329.6271471,300.0000133,70769520090.0,70766326870.0,6.5e-08,3.948782726e-06,2.112478407e+26,2.126927406e+19,338.8068669,300.0000137,89128039910.0,89115724590.0
7e-08,2.665143683e-06,1.273109436e+25,1.882989551e+19,328.8061399,300.0000162,64348785100.0,64345940540.0,7e-08,3.589230154e-06,1.910682304e+26,2.053185794e+19,337.746809,300.0000169,81096197860.0,81085118440.0
7.5e-08,2.436392051e-06,1.164349966e+25,1.825905903e+19,328.0179869,300.0000199,58881036460.0,58878481750.0,7.5e-08,3.280489912e-06,1.738804912e+26,1.986660975e+19,336.7215723,300.0000211,74193180360.0,74183151350.0
8e-08,2.240696617e-06,1.071265365e+25,1.774588752e+19,327.2686682,300.0000246,54198827090.0,54196515090.0,8e-08,3.014074477e-06,1.591492942e+26,1.926482736e+19,335.7374095,300.0000266,68230869840.0,68221737970.0
9e-08,1.926192745e-06,9.215481309e+24,1.686278824e+19,325.9289392,300.0000395,46663456030.0,46661523230.0,9e-08,2.581340725e-06,1.354101661e+26,1.822367706e+19,333.918353,300.0000446,58532741850.0,58525045950.0
1e-07,1.689163037e-06,8.08561918e+24,1.613759467e+19,324.7359143,300.0000673,40973574410.0,40971918050.0,1e-07,2.251180402e-06,1.174447516e+26,1.73619065e+19,332.3224853,300.0000795,51118979120.0,51112358940.0
1.1e-07,1.506796846e-06,7.215045434e+24,1.553681897e+19,323.6961961,300.0001198,36587941260.0,36586491720.0,1.1e-07,1.995197617e-06,1.035950522e+26,1.664010342e+19,330.8954874,300.0001245,45359904120.0,45354104470.0
1.2e-07,1.363854699e-06,6.531609006e+24,1.503173077e+19,322.784618,300.0002159,33144471740.0,33143180530.0,1.1e-07,1.995197617e-06,1.035950522e+26,1.664010342e+19,330.8954874,300.0001245,45359904120.0,45354104470.0
1.3e-07,1.249821911e-06,5.985525661e+24,1.460430937e+19,321.9758713,300.000357,30392985570.0,30391818150.0,1.3e-07,1.631205698e-06,8.400392146e+25,1.551167473e+19,328.5269139,300.0001714,37149518540.0,37144862280.0
1.4e-07,1.15737816e-06,5.542120681e+24,1.42407785e+19,321.2636924,300.000415,28159066300.0,28157997550.0,1.5e-07,1.393834559e-06,7.127168339e+25,1.468871659e+19,326.6535753,300.0002367,31776911870.0,31772984750.0
1.5e-07,1.081336142e-06,5.176807586e+24,1.392750469e+19,320.6353714,300.0004807,26318948190.0,26317959400.0,1.5e-07,1.393834559e-06,7.127168339e+25,1.468871659e+19,326.6535753,300.0002367,31776911870.0,31772984750.0
1.6e-07,1.017964011e-06,4.871884286e+24,1.36572598e+19,320.0719034,300.0005548,24783468320.0,24782545320.0,1.7e-07,1.230654012e-06,6.252445377e+25,1.407423163e+19,325.1647297,300.0003282,28072413800.0,28068979150.0
1.8e-07,9.187297021e-07,4.393351753e+24,1.321500468e+19,319.105287,300.0007322,22375108960.0,22374287380.0,1.7e-07,1.230654012e-06,6.252445377e+25,1.407423163e+19,325.1647297,300.0003282,28072413800.0,28068979150.0
2.2e-07,7.887430814e-07,3.763829239e+24,1.260147778e+19,317.7007305,300.0012274,19214101630.0,19211857410.0,2.3e-07,9.593197783e-07,4.792622812e+25,1.295523877e+19,322.392166,300.0008384,21884883110.0,21882247870.0
2.30381331907931e-07,7.649798776e-07,3.648212662e+24,1.24854242e+19,317.472473,300.0013903,18635252710.0,18633081650.0,2.3e-07,9.593197783e-07,4.792622812e+25,1.295523877e+19,322.392166,300.0008384,21884883110.0,21882247870.0
2.39187722070833e-07,7.468901476e-07,3.56007224e+24,1.239617708e+19,317.3153393,300.0015408,18194279500.0,18192163960.0,2.3e-07,9.593197783e-07,4.792622812e+25,1.295523877e+19,322.392166,300.0008384,21884883110.0,21882247870.0
2.56800502396636e-07,7.154985953e-07,3.406790338e+24,1.224043803e+19,317.0930969,300.0018773,17428254910.0,17426235360.0,2.7e-07,8.638234974e-07,4.273301815e+25,1.253517939e+19,321.8918,300.0014391,19695361090.0,19692999670.0
2.92026063048243e-07,6.668715566e-07,3.168309868e+24,1.19967066e+19,316.9375954,300.0027021,16239359500.0,16237487720.0,2.7e-07,8.638234974e-07,4.273301815e+25,1.253517939e+19,321.8918,300.0014391,19695361090.0,19692999670.0
3.62477184351456e-07,6.034501969e-07,2.854394446e+24,1.16767538e+19,316.4802088,300.0050422,14683167480.0,14681486530.0,3.5e-07,7.534905539e-07,3.662854679e+25,1.204174271e+19,321.1967672,300.0034297,17152400620.0,17150348090.0
5e-07,5.375394559e-07,2.521804966e+24,1.134471781e+19,315.2053748,300.0115695,13055626990.0,13054141320.0,5e-07,6.572656656e-07,3.108374192e+25,1.161361597e+19,319.1241633,300.0110941,14913356710.0,14911562290.0
