"artifact_name","role","storage_class","included_in_public","size_bytes","sha256"
"RUN121_preflight_track_mesh_RUN096_identical.png","A14-mesh","local-lightweight","TRUE","79352","B38FDA192E4CBBE99F1ABAD9379A3221C6EE8F31A764374F23F56FA85D0F42C0"
"RUN121_preflight_structure_RUN096_identical.png","A14-structure","local-lightweight","TRUE","71384","9116F8398F8B63D2046704CC1B357AA333CD9DE08D006CCD7F225F02AB511B76"
"RUN121_Wang2026_nofp_Lgd9_x11_zimpact_SEB_1000V_short500ns.in","candidate-deck","local-source","TRUE","17328","0DB0ABE8E5BA83DE340DA376679A7486FA1C6C8184658F1DCDD629B01BDCBFBF"
"RUN121_preflight_contract.md","public-sanitized-contract","public-lightweight","TRUE","3347","42651C9573AC795697AC104B1FDE9FB2820234EC3C1431E425587A3660D6641F"
"RUN096_RUN121_full_deck_diff.md","full-deck-diff","local-lightweight","TRUE","10327","A5A8AAEB60ED727C2A03C12C8DDA933463D32EC0C9764D1692CFF3B90AE063B2"
"RUN096_Wang2026_nofp_Lgd9_x11_hfo2hc_SEB_1000V_Et0p8_long.in","parent-deck","local-source","TRUE","17928","786EA68542AA235621A2A2AD13DC81CB86666FD875577F00FF1FBFA5143D7CB5"
"RUN121_prestrike_shallow_et.csv","raw-heatmap-csv","restricted-bulk-csv","FALSE","2031078","9BDB79FA87A781BC8C8E17D5CB1B42EF44BB17E8CB27DE151C0FC1E7BB299FCB"
"RUN121_prestrike_shallow.csv","raw-heatmap-csv","restricted-bulk-csv","FALSE","5790652","03A780B66F1234EFE56CCAF6A2F92003868474E707C3C6303D428235FFF85922"
"RUN121_prestrike_substrate_et.csv","raw-heatmap-csv","restricted-bulk-csv","FALSE","1101137","44F672DE67C7D62E10C82DA3B53650E3EEAD6F70DE7E5AD8156F6A245F88B09F"
"RUN121_prestrike_substrate.csv","raw-heatmap-csv","restricted-bulk-csv","FALSE","3191264","AADA4498881EC9025449657974D20B5BE53665E13BFDA9E3A281322A0559544A"
"RUN121_t100ns_shallow_et.csv","raw-heatmap-csv","restricted-bulk-csv","FALSE","2519041","9321CF403992C6B9D7105A1D6E80F39B5811F1759374ACECDAE0C463A95FA9FB"
"RUN121_t100ns_shallow.csv","raw-heatmap-csv","restricted-bulk-csv","FALSE","5211329","67FFAE8A9A1D3EFE27318DE2F825B7C726871D5C2BD8ACFCEEAA274734931887"
"RUN121_t100ns_substrate_et.csv","raw-heatmap-csv","restricted-bulk-csv","FALSE","1380022","769C00C179B0721E3020D70510D31B3ECD306094565F1CD98BF2E368E5DAAAFF"
"RUN121_t100ns_substrate.csv","raw-heatmap-csv","restricted-bulk-csv","FALSE","3088866","6441FC1D845511D5538189D68E74044AA33C1622C91C3C30D361C466F73F23E7"
"RUN121_t500ns_shallow_et.csv","raw-heatmap-csv","restricted-bulk-csv","FALSE","2519291","7FF9DDD73DBB907E14A7350DC93F58A56CED3B26A5769EAF65259816424374A6"
"RUN121_t500ns_shallow.csv","raw-heatmap-csv","restricted-bulk-csv","FALSE","5267634","50E5ACC0E85A4DB63966C28F3E738ADE65B11AADDA2E42716FAA6348BF7C8C88"
"RUN121_t500ns_substrate_et.csv","raw-heatmap-csv","restricted-bulk-csv","FALSE","1380187","B89064F7BBF39A98FD56B2278516B6628CE71EA0FBEED603581567BDF598514A"
"RUN121_t500ns_substrate.csv","raw-heatmap-csv","restricted-bulk-csv","FALSE","3108818","BA3A189BEFED18BAA0F3E0A68D22150E8BD13EF9A59C3C02E29D808BF547974F"
"RUN121_t50ns_shallow_et.csv","raw-heatmap-csv","restricted-bulk-csv","FALSE","2519158","E241F2B1EC01CF256FAB4A1239BC6A7CD92675C16395919C384B523913A9859C"
"RUN121_t50ns_shallow.csv","raw-heatmap-csv","restricted-bulk-csv","FALSE","5184243","55F1E01F1ED21E58227C6BCECC979B778AEDAD0F9A1D9474C3843F1CDCD14653"
"RUN121_t50ns_substrate_et.csv","raw-heatmap-csv","restricted-bulk-csv","FALSE","1380489","7CE94A51F7065F9ECEA68963A4FFC047A5C8A66DE759A83D81922A39A0718663"
"RUN121_t50ns_substrate.csv","raw-heatmap-csv","restricted-bulk-csv","FALSE","3064910","22FCB6973DCE0CE2E1C1AA3AD631F473F07240724489A4D4AA65882E31476544"
"RUN121_t100ns_vertex.csv","raw-native-vertex-csv","restricted-bulk-csv","FALSE","390892","1136C8FD6D1D59318D2794898B1784B0C1020FC6D5D59D1863B80CA1BB48D1E4"
"RUN121_t500ns_vertex.csv","raw-native-vertex-csv","restricted-bulk-csv","FALSE","397990","DE1CE242113653BE01F3A6A34D151D4A8C98069573B2D68E02D0080D55FCFB43"
"RUN121_t50ns_vertex.csv","raw-native-vertex-csv","restricted-bulk-csv","FALSE","390071","7BCB4847A8A3B0F50596183F3D23375347A775BAD882BBB9895438343CDD913E"
"RUN121_wang1000-zimpact-short500ns__RUN121_Wang2026_nofp_Lgd9_x11_zimpact_SEB_1000V_static.log","raw-run-log-or-transcript","restricted-bulk-log","FALSE","48034","32C8C54CCD6AE1BE9B8F698440E1D6BC51FBA088630BC27C63221CBF0AE00599"
"RUN121_wang1000-zimpact-short500ns__RUN121_Wang2026_nofp_Lgd9_x11_zimpact_SEB_1000V_transient.log","raw-run-log-or-transcript","restricted-bulk-log","FALSE","147302","E8311632FC4EC5D9E9BD19923FDB8E52347D515D9A4EB31C695BC311D75D56BB"
"RUN121_wang1000-zimpact-short500ns__typescript","raw-run-log-or-transcript","restricted-bulk-log","FALSE","1384469","DCC46947379C0B23F44831D4DA8CF667B4F458DF14356BA494C3BECF4DD4F4A1"
"RUN121_wang1000-zimpact-short500ns__RUN121_Wang2026_nofp_Lgd9_x11_zimpact_SEB_1000V_isothermal.str","raw-STR","restricted-bulk-str","FALSE","8303471","39A899A1BC78AA863E5C84F7CC4392FEADB93F77A22BAC0DC141138ABCA48B56"
"RUN121_wang1000-zimpact-short500ns__RUN121_Wang2026_nofp_Lgd9_x11_zimpact_SEB_1000V_mesh.str","raw-STR","restricted-bulk-str","FALSE","1588370","F6DB93FE38EEC6669B91EB4E5C25262F029AE41F5E3C6FD9CC84D4B070C12530"
"RUN121_wang1000-zimpact-short500ns__RUN121_Wang2026_nofp_Lgd9_x11_zimpact_SEB_1000V_prestrike.str","raw-STR","restricted-bulk-str","FALSE","9073181","14D45F7A608748AA3B736C339B476F1CC04905AEDDD3515E421392140045B60A"
"RUN121_wang1000-zimpact-short500ns__RUN121_Wang2026_nofp_Lgd9_x11_zimpact_SEB_1000V_t100ns.str","raw-STR","restricted-bulk-str","FALSE","9071590","FAAEA4B463CAE9CC836D22B410A409C2BD0AA835B05771A0F2439675EEE98806"
"RUN121_wang1000-zimpact-short500ns__RUN121_Wang2026_nofp_Lgd9_x11_zimpact_SEB_1000V_t100ps.str","raw-STR","restricted-bulk-str","FALSE","8780239","96540F950EA88AD3C270363283065A700C2D0BCC20370ADFB9247903323B6C7D"
"RUN121_wang1000-zimpact-short500ns__RUN121_Wang2026_nofp_Lgd9_x11_zimpact_SEB_1000V_t10ns.str","raw-STR","restricted-bulk-str","FALSE","9012486","C1776F5F0560E312C01C259674682FCFA2B189F2261D58C7A7613992C21F3AE5"
"RUN121_wang1000-zimpact-short500ns__RUN121_Wang2026_nofp_Lgd9_x11_zimpact_SEB_1000V_t14ps.str","raw-STR","restricted-bulk-str","FALSE","8913339","E11829F96B919209C53F62644818917B1DF825EE7E9B96046BA5ED0BE5D83918"
"RUN121_wang1000-zimpact-short500ns__RUN121_Wang2026_nofp_Lgd9_x11_zimpact_SEB_1000V_t1ns.str","raw-STR","restricted-bulk-str","FALSE","8937811","8E5853AF592EFA1FE20A0BF9A14C7D9E89B5708D3A0CE053708BC44926100FF5"
"RUN121_wang1000-zimpact-short500ns__RUN121_Wang2026_nofp_Lgd9_x11_zimpact_SEB_1000V_t20ps.str","raw-STR","restricted-bulk-str","FALSE","8897034","94B8A715F65591E28BA9D8B842A76A7D922FA8151387D8AA18EBFBED2B935638"
"RUN121_wang1000-zimpact-short500ns__RUN121_Wang2026_nofp_Lgd9_x11_zimpact_SEB_1000V_t2ps.str","raw-STR","restricted-bulk-str","FALSE","9150858","B18A7E64CF976F9614A32CAB9E5645AF3B264FE6E879760F030E675C01B77465"
"RUN121_wang1000-zimpact-short500ns__RUN121_Wang2026_nofp_Lgd9_x11_zimpact_SEB_1000V_t400ps.str","raw-STR","restricted-bulk-str","FALSE","8812814","2A6232D709D86F21D92FEBBE6E6E6D8FDA3074AB685CF02CA4280F34F8C7EAE3"
"RUN121_wang1000-zimpact-short500ns__RUN121_Wang2026_nofp_Lgd9_x11_zimpact_SEB_1000V_t500ns.str","raw-STR","restricted-bulk-str","FALSE","9138090","1E13D35FD7B4CA2F7204B0A8C99F937DB2B3C06B7876459B29E663044C782054"
"RUN121_wang1000-zimpact-short500ns__RUN121_Wang2026_nofp_Lgd9_x11_zimpact_SEB_1000V_t50ns.str","raw-STR","restricted-bulk-str","FALSE","9034593","F4F791394D58CF0AA1B4E2F9AE1D1F4307920EF6E3B00DFE7B14745427D887E9"
"RUN121_wang1000-zimpact-short500ns__RUN121_Wang2026_nofp_Lgd9_x11_zimpact_SEB_1000V_t50ps.str","raw-STR","restricted-bulk-str","FALSE","8791908","DFEE52C76F0011CD489EB23E9C858D5F264E378D3B70087CD0AA37BD0E02CC6E"
"RUN121_wang1000-zimpact-short500ns__RUN121_Wang2026_nofp_Lgd9_x11_zimpact_SEB_1000V_t6ps.str","raw-STR","restricted-bulk-str","FALSE","9078412","23D31796C771BED62C1B1067EB5CDAAC6222DDE9659C0586F82791A90EC06040"
"RUN121_wang1000-zimpact-short500ns__RUN121_Wang2026_nofp_Lgd9_x11_zimpact_SEB_1000V_t9p8ps.str","raw-STR","restricted-bulk-str","FALSE","8929773","0D1CA0B3BE17F4B802430CEF18E674C8DDAF6705C8DD686E11571A7BDB2453B8"
"RUN121_spatial_postprocess.in","spatial-heatmap-deck","local-source","TRUE","5432","45237BA55D0540032261A68EEEF7BBC3D903F0A1832AAF482D6F05493686639F"
"RUN121_spatial_vertex_postprocess.in","spatial-vertex-deck","local-source","TRUE","1544","E179D2FB6D24A5E752540416AEFF643B99A287B96467F2602413E3CC8ADD0A7D"
